date,Consumption_kWh_Vehicle_0,Consumption_kWh_Vehicle_1,Consumption_kWh_Vehicle_10,Consumption_kWh_Vehicle_11,Consumption_kWh_Vehicle_12,Consumption_kWh_Vehicle_13,Consumption_kWh_Vehicle_14,Consumption_kWh_Vehicle_2,Consumption_kWh_Vehicle_3,Consumption_kWh_Vehicle_4,Consumption_kWh_Vehicle_5,Consumption_kWh_Vehicle_6,Consumption_kWh_Vehicle_7,Consumption_kWh_Vehicle_8,Consumption_kWh_Vehicle_9
2026-01-01 00:00:00,0.0,0.0,0.0,0.0,0.0,0.0,0.0,0.0,0.0,0.0,0.0,0.0,0.0,0.0,0.0
2026-01-01 01:00:00,0.0,0.0,0.0,0.0,0.0,0.0,0.0,0.0,0.0,0.0,0.0,0.0,0.0,0.0,0.0
2026-01-01 02:00:00,0.0,0.0,0.0,0.0,0.0,0.0,0.0,0.0,0.0,0.0,0.0,0.0,0.0,0.0,0.0
2026-01-01 03:00:00,0.0,0.0,0.0,0.0,0.0,0.0,0.0,0.0,0.0,0.0,0.0,0.0,0.0,0.0,0.0
2026-01-01 04:00:00,0.0,0.0,0.0,0.0,0.0,0.0,0.0,0.0,0.0,0.0,0.0,0.0,0.0,0.0,0.0
2026-01-01 05:00:00,0.0,0.0,0.0,0.0,0.0,0.0,0.0,0.0,0.0,0.0,0.0,0.0,0.0,0.0,0.0
2026-01-01 06:00:00,0.0,0.0,0.0,0.0,0.0,0.0,0.0,0.0,0.0,0.0,0.0,0.0,0.0,0.0,0.0
2026-01-01 07:00:00,0.0,0.0,3.120697712585651,0.0,0.0,0.0,0.0,0.0,2.412427247051881,0.0,0.0,0.0,0.0,0.0,0.0
2026-01-01 08:00:00,0.0,2.039957044270785,2.404352379182904,2.243669905382406,3.6081880458777174,5.164326908179385,0.0,0.0,2.2851920295309127,0.0,0.0,1.2463049112798308,0.0,5.219093850429982,0.0
2026-01-01 09:00:00,2.277803424061295,2.8983572018593904,1.6040369753060695,4.8304248914906145,2.815234632822928,1.7297202934264162,2.496946492368325,1.757390471344876,3.376567364246386,1.2165503671061286,1.2639520045986425,1.2281232833394953,0.0,3.509585166206164,2.3599427536966817
2026-01-01 10:00:00,2.2778353203299058,2.9957636343739797,2.5077241322153356,3.0662458485653707,3.1929195102715737,1.2646121005133548,2.527375684732117,3.093689533200993,3.3331998808710135,4.321653611606707,3.080373611969644,3.298346991216676,1.7974887143924403,1.3532882323034034,2.342501702443349
2026-01-01 11:00:00,5.800791043817251,1.1816538008885138,0.9461992939755176,2.8427055259863536,4.077505932242023,2.6296022371453067,3.7104996493397375,1.854448595728486,2.342235414350131,2.5639086249709497,1.2639520045986425,4.328685585754049,2.6167715456658347,1.3532882323034034,1.1714678417231967
2026-01-01 12:00:00,4.223677626999802,2.083634107587098,2.6393129660570342,4.8304248914906145,2.5345845226853743,1.505060892425785,2.9863568114065426,3.220354370870055,0.9371981370589988,3.015304308574442,1.3597508730401144,1.7829213731342637,1.0376183542037396,1.3532882323034034,4.052205869394321
2026-01-01 13:00:00,1.8206243867365215,2.7458372440842895,2.5946519345844954,1.0734277536645809,4.077505932242023,1.1476282018176411,1.7469538160275657,3.7262752353686386,0.9371981370589988,1.2165503671061286,3.126161309942794,1.2281232833394953,3.8279046018558733,1.9587274784155468,1.5355460265182306
2026-01-01 14:00:00,3.786793594686363,1.1816538008885138,1.8626195623833546,2.539292842181685,3.399758833713086,1.8496616616659056,2.6479700386353002,5.01482407076846,2.7976339568353192,3.3037609925728053,4.082422126846404,3.3348533221867696,2.867789281089037,3.741844119857847,2.903636342147241
2026-01-01 15:00:00,1.8323912626174916,1.2894375534022429,1.8105152144677936,2.3509670322511353,3.565353187970626,3.742570165073385,0.8245554776310529,1.8415484886093934,3.1163614865522877,2.491377929530294,3.7174379644650344,2.59974120616046,1.4007241099928824,2.8574447202682207,1.1714678417231967
2026-01-01 16:00:00,1.8278994167511047,2.9410432281624677,3.0609316571452796,4.538009859068135,2.126279998005348,5.164326908179385,2.5855952605069765,1.114405349059658,2.690135949712756,3.232417886355743,3.6045413792937047,2.464542799498823,4.669282593916829,1.5739019707218984,3.2277299453937016
2026-01-01 17:00:00,3.202795594140376,1.1816538008885138,1.6189431328776172,2.953936755312798,2.5998166117584587,3.346003936435539,1.6427657325840157,1.114405349059658,1.097989449477474,3.7151336343709604,1.2639520045986425,3.948820290791998,1.944995885347518,3.160109779468251,1.295872862656613
2026-01-01 18:00:00,1.4232885365796593,1.4444221855569959,1.8021969624464638,4.8304248914906145,1.558190152444202,3.7693922405948355,1.8778006245252385,2.4068582599844954,2.393405912341865,1.5832358531135111,2.03881340212631,5.526554775027729,2.955468386016191,1.8053689848981038,4.517751946882776
2026-01-01 19:00:00,1.4232885365796593,1.7106710963594876,1.7652350405765977,4.065249995778644,2.044192630822317,0.0,3.7104996493397375,3.412701437540296,4.0509525657153445,1.2165503671061286,1.5759114238539376,0.0,2.253791189752317,2.3593067977862767,2.1639251762084037
2026-01-01 20:00:00,1.6403080465624822,0.0,1.7805835755783983,2.1544944333532747,2.0936844211841845,0.0,2.375223734626469,2.4800174428133848,0.0,4.679614995586376,3.988365851819491,0.0,1.0376183542037396,3.3556198738968654,2.509552666804589
2026-01-01 21:00:00,0.0,0.0,0.9431336779554013,0.0,0.0,0.0,0.0,1.114405349059658,0.0,2.516673653822073,1.2639520045986425,0.0,0.0,0.0,0.0
2026-01-01 22:00:00,0.0,0.0,0.0,0.0,0.0,0.0,0.0,4.42241381441097,0.0,0.0,3.3767607311022325,0.0,0.0,0.0,0.0
2026-01-01 23:00:00,0.0,0.0,0.0,0.0,0.0,0.0,0.0,0.0,0.0,0.0,0.0,0.0,0.0,0.0,0.0
2026-01-02 00:00:00,0.0,0.0,0.0,0.0,0.0,0.0,0.0,0.0,0.0,0.0,0.0,0.0,0.0,0.0,0.0
2026-01-02 01:00:00,0.0,0.0,0.0,0.0,0.0,0.0,0.0,0.0,0.0,0.0,0.0,0.0,0.0,0.0,0.0
2026-01-02 02:00:00,0.0,0.0,0.0,0.0,0.0,0.0,0.0,0.0,0.0,0.0,0.0,0.0,0.0,0.0,0.0
2026-01-02 03:00:00,0.0,0.0,0.0,0.0,0.0,0.0,0.0,0.0,0.0,0.0,0.0,0.0,0.0,0.0,0.0
2026-01-02 04:00:00,0.0,0.0,0.0,0.0,0.0,0.0,0.0,0.0,0.0,0.0,0.0,0.0,0.0,0.0,0.0
2026-01-02 05:00:00,0.0,0.0,0.0,0.0,0.0,0.0,0.0,0.0,0.0,0.0,0.0,0.0,0.0,0.0,0.0
2026-01-02 06:00:00,0.0,0.0,0.0,0.0,0.0,0.0,0.0,0.0,0.0,0.0,0.0,0.0,0.0,0.0,0.0
2026-01-02 07:00:00,3.327626693622536,0.0,0.0,0.0,0.0,0.0,3.4656535379079023,0.0,0.0,0.0,2.152098162185396,4.786196743779576,1.345830086016273,2.7776732853448163,0.0
2026-01-02 08:00:00,1.3680317614105277,0.0,6.266768805339347,0.0,0.0,0.0,1.7386918623105971,4.3759148612833565,3.6880682372179416,0.0,0.7959311910809073,1.0635992763954614,1.2354464337107238,5.526163198824598,1.1938625232169502
2026-01-02 09:00:00,1.707838727932525,0.0,4.426764313273789,1.35534444911245,0.0,3.828390816654119,2.706468086712055,1.1943593980639988,2.81908400113847,0.0,1.2233330694061961,1.0635992763954614,1.3696092983676655,5.188413925759926,1.583612211186892
2026-01-02 10:00:00,0.8487521610647436,1.4871072759663884,1.3926152900754103,5.692165408497373,1.1102068855127218,1.2925322410034248,4.0279654871589585,1.1943593980639988,4.000861532781343,1.5033890546879578,0.7959311910809073,1.0635992763954614,3.3245173946170317,2.699674516770854,4.775272473472923
2026-01-02 11:00:00,0.9989113402884683,3.025113914017196,1.9582106927573057,3.131779751957974,2.3188021366702807,1.8591322422910272,1.0013727535326293,3.655217764538242,1.4101867382890383,4.433364516744146,0.7959311910809073,1.0635992763954614,4.823033757317022,2.7457187446134914,1.1938625232169502
2026-01-02 12:00:00,1.7581131494918627,0.8069947329649091,1.3926152900754103,5.190526690923104,3.903483194007196,2.2628226353826237,2.895415481673727,1.1943593980639988,5.2226112757050105,1.3517490937354675,0.7959311910809073,1.0635992763954614,2.664462547444267,2.7429220386242874,4.2867090011848425
2026-01-02 13:00:00,0.8487521610647436,1.4313479872115222,4.834468404841598,3.0615726847315647,1.6508078733083311,3.485738778011464,0.8951034415908796,5.374617291287994,2.9904091884679267,3.2644943702575415,1.8985832285514288,2.0765838536874206,2.715522136925034,1.322765216323238,2.9918687016461556
2026-01-02 14:00:00,2.0648678485401386,2.7192777678425317,6.266768805339347,5.310545520901443,4.629609920918124,5.8163950845154115,1.8234442005393896,1.3648564335337285,1.3843901205964055,4.464897499096768,0.9804132582918128,1.8386537474243367,4.295835024393124,3.5305461534986584,5.372381354476276
2026-01-02 15:00:00,0.9337361772346214,0.9442514711074543,6.14583614358517,1.35534444911245,3.2229176528636407,3.1052479720557993,1.7459973361253907,2.2756166068944785,1.3843901205964055,2.6071936769759056,2.1098977382873723,1.4405316276469573,1.8099950789519572,5.208273052004964,1.1938625232169502
2026-01-02 16:00:00,1.291663318053451,1.7428088984602073,2.01125423921721,4.709031157048653,1.1102068855127218,2.7483653661712757,4.0279654871589585,2.6168952530869376,3.895236357720948,2.4938108035752906,2.042635918398949,1.0635992763954614,4.23299015161051,1.4321675939249208,2.490363871303681
2026-01-02 17:00:00,0.9324989393659854,2.0975649308120774,2.1415542691450313,3.00005408049101,3.5465854773273118,2.7000708720743773,1.6924938542090688,2.0633758251977223,3.7045025341638693,4.262816246536863,2.3971652664460175,3.812142240385333,1.2354464337107238,2.5284809207894137,1.1938625232169502
2026-01-02 18:00:00,3.7755549271175384,3.6314762983420907,2.0942434260669547,2.0000340441605746,2.6283674622807487,5.023313718387407,4.0279654871589585,1.8624579586535788,4.8849394102350745,1.3517490937354675,0.7959311910809073,1.0635992763954614,1.2354464337107238,2.2931877741470132,3.0219406220726768
2026-01-02 19:00:00,1.613966984066995,2.3481014945935934,2.327018546218725,0.0,2.560433894379356,1.9933694850496864,2.277472514101312,4.2177041428405655,1.3843901205964055,1.5347863523866714,1.2693733987136793,1.0635992763954614,1.2354464337107238,2.35987618492663,1.1938625232169502
2026-01-02 20:00:00,0.0,0.0,0.0,0.0,0.0,5.8163950845154115,2.4068581870474093,2.8146513569047906,1.3843901205964055,1.3517490937354675,2.24146665719269,0.0,2.91306215893222,3.859397967414088,2.5555029730923047
2026-01-02 21:00:00,0.0,0.0,0.0,0.0,0.0,0.0,0.0,0.0,3.858876141366373,0.0,1.9415623314039043,0.0,0.0,3.0208208235073983,0.0
2026-01-02 22:00:00,0.0,0.0,0.0,0.0,0.0,0.0,0.0,0.0,3.1018208738809636,0.0,0.0,0.0,0.0,0.0,0.0
2026-01-02 23:00:00,0.0,0.0,0.0,0.0,0.0,0.0,0.0,0.0,0.0,0.0,0.0,0.0,0.0,0.0,0.0
2026-01-03 00:00:00,0.0,0.0,0.0,0.0,0.0,0.0,0.0,0.0,0.0,0.0,0.0,0.0,0.0,0.0,0.0
2026-01-03 01:00:00,0.0,0.0,0.0,0.0,0.0,0.0,0.0,0.0,0.0,0.0,0.0,0.0,0.0,0.0,0.0
2026-01-03 02:00:00,0.0,0.0,0.0,0.0,0.0,0.0,0.0,0.0,0.0,0.0,0.0,0.0,0.0,0.0,0.0
2026-01-03 03:00:00,0.0,0.0,0.0,0.0,0.0,0.0,0.0,0.0,0.0,0.0,0.0,0.0,0.0,0.0,0.0
2026-01-03 04:00:00,0.0,0.0,0.0,0.0,0.0,0.0,0.0,0.0,0.0,0.0,0.0,0.0,0.0,0.0,0.0
2026-01-03 05:00:00,0.0,0.0,0.0,0.0,0.0,0.0,0.0,0.0,0.0,0.0,0.0,0.0,0.0,0.0,0.0
2026-01-03 06:00:00,0.0,0.0,0.0,0.0,0.0,0.0,0.0,0.0,0.0,0.0,0.0,0.0,0.0,0.0,0.0
2026-01-03 07:00:00,0.7143048780301126,0.0,1.0628966911297026,0.0,0.0,4.677735732077964,0.0,0.0,0.0,0.0,0.0,0.0,0.0,0.0,0.0
2026-01-03 08:00:00,0.7143048780301126,1.1459141000025486,1.286611415713996,1.2300457023488975,0.0,2.239280276919865,0.9439438018722003,0.0,0.0,2.4123199386365792,2.5586088042359916,0.8270069768358908,0.8221137161648931,0.0,2.424606052089736
2026-01-03 09:00:00,1.5634102203870361,4.126476851406602,1.1784145075134507,0.4334302566695745,2.2860031975989945,2.5763046857801895,1.3306040343177115,1.0061037619154043,1.1394832575987737,1.2771126619676518,0.8192985818493008,1.6961005801572215,1.7112551252671782,0.0,2.7563585870361536
2026-01-03 10:00:00,2.091489598499574,1.1459141000025486,0.5495168055896151,0.6944448871626705,2.095917471522588,3.8080261640713227,3.9926161918118446,1.7901712016134521,0.5684894442929841,0.6923930879028872,1.7035366542144619,2.7039321679939907,1.0426123397335016,0.6493972980054682,0.9102980772576609
2026-01-03 11:00:00,1.5385539227171239,1.8632895376815262,1.08274925326777,0.4334302566695745,1.1078932942462585,2.11822731092639,2.6481559324238795,3.4068389875897327,1.0692249285254487,0.6923930879028872,0.8192985818493008,2.7280719146859584,2.757497743157507,0.647412718807292,1.9969290680732386
2026-01-03 12:00:00,1.258705265302403,2.4075297223829097,1.610135349904053,1.4876348782213675,1.9456452631844827,4.856542479243794,4.2477471084249006,3.0577140891461365,0.5684894442929841,1.7368508627705568,1.0639991760645413,2.935434239314397,3.699511722742019,0.6237598310834735,1.9278558022051906
2026-01-03 13:00:00,1.0778813861938952,3.9681855554388616,1.28461312848069,1.5631068134055637,0.8463226059367742,4.584349429859383,1.0048235218530521,1.28996372478569,0.5684894442929841,0.6923930879028872,2.5299030520783217,0.8270069768358908,1.814972823900721,0.7063611457667648,1.7325581990029084
2026-01-03 14:00:00,0.7143048780301126,2.6821535338876004,2.4728256251532676,1.4169471660314694,2.5049306835789147,1.3043271029994075,2.016726464643936,1.756441438233031,1.1934315191134413,0.6923930879028872,0.8192985818493008,0.8270069768358908,2.0334588810353695,1.6250608440178032,0.668434815163532
2026-01-03 15:00:00,0.7143048780301126,2.2530880775420186,1.503585294344651,0.5203900605901384,2.6807879962236996,3.779010150575635,4.2477471084249006,1.453577668309815,2.5582024993184285,1.0778207529826005,2.3702907785535596,1.0824475730902983,0.8221137161648931,2.2166309247823963,1.226717710914277
2026-01-03 16:00:00,0.9223305145076184,5.156613450011468,0.5495168055896151,1.8187798266649984,2.2326001199596575,2.948814651182291,2.8952984199739378,1.0061037619154043,0.5684894442929841,1.3884261503331705,1.6988835140451843,2.2480911156325516,1.9589106328761763,1.067775273928973,1.4057165178351252
2026-01-03 17:00:00,2.4021871891247515,2.9090501309620804,0.5504113493646141,1.5884895187028016,2.3264032035956874,2.280279323619419,0.9439438018722003,2.2411111885192403,1.3588762438472832,0.6923930879028872,1.0529584302002613,1.5519570282788182,2.458768699205967,0.6237598310834735,2.1133185726422146
2026-01-03 18:00:00,1.7065021866899093,4.033074615387473,0.8841755865513459,1.518555652698197,1.931271532629328,3.6410497777878965,2.123580508828319,2.6493797956241494,0.6831345210723287,2.1787341093285795,0.8192985818493008,2.505345320384087,1.224967864942628,0.6237598310834735,1.7947988421516021
2026-01-03 19:00:00,0.7143048780301126,2.9223099879949928,0.5495168055896151,0.0,0.9020419957382372,3.202561194875777,2.4185989527203153,2.464900008552622,0.5684894442929841,0.7416013677913966,1.0445803061509535,3.625748536194491,2.1110719518944934,1.3627036380339932,0.668434815163532
2026-01-03 20:00:00,0.0,3.125756304412141,0.8111800616137685,0.0,0.0,2.749995440012522,4.2477471084249006,0.0,0.9694798279143565,0.6923930879028872,0.8192985818493008,1.5554937654910619,0.0,2.4781604967665625,0.0
2026-01-03 21:00:00,0.0,5.156613450011468,0.0,0.0,0.0,1.3075707840281823,0.0,0.0,0.0,2.9864446492527836,0.0,0.0,0.0,0.6237598310834735,0.0
2026-01-03 22:00:00,0.0,0.0,0.0,0.0,0.0,0.0,0.0,0.0,0.0,0.0,0.0,0.0,0.0,1.0017654296336493,0.0
2026-01-03 23:00:00,0.0,0.0,0.0,0.0,0.0,0.0,0.0,0.0,0.0,0.0,0.0,0.0,0.0,0.0,0.0
2026-01-04 00:00:00,0.0,0.0,0.0,0.0,0.0,0.0,0.0,0.0,0.0,0.0,0.0,0.0,0.0,0.0,0.0
2026-01-04 01:00:00,0.0,0.0,0.0,0.0,0.0,0.0,0.0,0.0,0.0,0.0,0.0,0.0,0.0,0.0,0.0
2026-01-04 02:00:00,0.0,0.0,0.0,0.0,0.0,0.0,0.0,0.0,0.0,0.0,0.0,0.0,0.0,0.0,0.0
2026-01-04 03:00:00,0.0,0.0,0.0,0.0,0.0,0.0,0.0,0.0,0.0,0.0,0.0,0.0,0.0,0.0,0.0
2026-01-04 04:00:00,0.0,0.0,0.0,0.0,0.0,0.0,0.0,0.0,0.0,0.0,0.0,0.0,0.0,0.0,0.0
2026-01-04 05:00:00,0.0,0.0,0.0,0.0,0.0,0.0,0.0,0.0,0.0,0.0,0.0,0.0,0.0,0.0,0.0
2026-01-04 06:00:00,0.0,0.0,0.0,0.0,0.0,0.0,0.0,0.0,0.0,0.0,0.0,0.0,0.0,0.0,0.0
2026-01-04 07:00:00,0.0,0.0,0.0,0.0,0.0,1.935058407706937,1.5501460195648273,0.0,0.8720895822994071,0.0,0.0,0.0,4.624738013068851,0.0,0.0
2026-01-04 08:00:00,0.0,0.0,1.1617223350312256,1.9331282567069927,0.9321404630520145,0.8827565409146226,1.3068075472434235,0.0,2.289102320435067,1.5933972248748254,1.2115440025868869,0.9482801678962552,2.8814530259059734,0.0,3.0305265148104055
2026-01-04 09:00:00,3.3220515422495605,0.7740676428802672,0.38315965487843273,1.9331282567069927,1.0680181338582435,0.7834874236685919,1.8592146873754298,0.3720254130691805,2.300863219230239,1.1748163202319535,1.0196585419451598,2.522804439375028,2.526531212657228,1.2775483913165446,7.2631205145687705
2026-01-04 10:00:00,3.1861498525799608,1.474010651576829,1.5585952496755857,0.5054886029408137,1.692886051079621,2.3560970609293235,1.717572332920694,0.3720254130691805,0.8720895822994071,0.6825504735280307,1.0196585419451598,1.188251005999382,3.504170390647425,1.2775483913165446,5.518800719108186
2026-01-04 11:00:00,0.9984183021480226,0.7740676428802672,1.3895957260909677,0.8934333966813787,1.8703637867952518,1.0328382455912266,1.4404639030257407,0.5546978602068496,0.8720895822994071,1.4965357271319346,2.477097086832053,0.7908706349344938,2.857007501352094,1.2775483913165446,7.2631205145687705
2026-01-04 12:00:00,1.4955558420389858,0.8844583024293752,0.5311913444699689,0.7451485205775578,0.45576287908087165,1.4452711491349062,0.6623118802162975,0.9221332100029577,0.8720895822994071,2.7402995968522044,2.8672559349206463,0.7908706349344938,1.0277195584597447,2.8841920073871328,5.903860441028266
2026-01-04 13:00:00,2.368422520422049,0.7740676428802672,0.7657922475856407,0.7875769559057023,0.464525011622108,2.348928617918361,0.5349545097201486,0.3720254130691805,0.9331230745595871,0.6825504735280307,1.0196585419451598,3.1420783608205483,1.0277195584597447,4.970214904863187,1.6140267810152826
2026-01-04 14:00:00,3.2464760195784397,0.7740676428802672,1.237829869832382,1.0346846065674464,1.7084121654702236,1.3950369423347753,1.4383898245227762,1.6741143588113125,2.909282514823462,2.5813702253252897,2.852442646237951,3.29552919200407,1.0277195584597447,2.3111529542325564,1.8753099922414758
2026-01-04 15:00:00,1.2639248510629992,0.7740676428802672,0.809486079614634,0.42958405704599834,1.5120938228126426,2.902026011272729,2.0256976755572316,0.9895844242497789,2.0868199035376485,0.9564915558189473,1.7001974670035231,2.833058360470224,4.0319189630761745,2.6453008345612528,1.6140267810152826
2026-01-04 16:00:00,1.6639394779703578,1.5341089630044282,0.38315965487843273,1.8566676648881972,0.8976131542525042,1.8502086593419553,0.5349545097201486,0.3720254130691805,1.4266689845063778,0.6864752472721574,1.0196585419451598,1.667283454956785,2.7204055149299067,1.2775483913165446,6.531842205685423
2026-01-04 17:00:00,0.9984183021480226,0.9071941151445936,0.38315965487843273,1.4917413105805728,0.6200377151380315,1.4079672341247553,0.5349545097201486,1.029765293221293,1.0491149524038221,0.9110503340448324,4.540751496992843,0.7908706349344938,1.5909311349615858,4.959605438946862,7.2631205145687705
2026-01-04 18:00:00,0.9984183021480226,2.4952550889867195,0.45264956693988323,1.7353088372777739,1.6066030591099933,0.944307627777034,1.4914988296706853,0.7945877150092253,0.8720895822994071,1.702132323750574,3.8819429194439667,0.7908706349344938,1.0277195584597447,2.3671578556094097,4.938406637988092
2026-01-04 19:00:00,3.0243066301673225,0.0,0.3839162844608545,1.1511535009889766,1.853945329461723,1.5807032051524614,2.353824723083175,1.3163962121103092,0.8720895822994071,2.569698578828135,2.4603083730979347,2.387634009223305,0.0,0.0,5.026064432729415
2026-01-04 20:00:00,0.0,0.0,0.38315965487843273,0.42958405704599834,0.5278505732067508,1.5309878991731583,0.0,0.3921820129709647,1.196956627707195,0.6825504735280307,0.0,1.245875269096437,0.0,0.0,0.0
2026-01-04 21:00:00,0.0,0.0,1.0578488820674485,1.1036319628048146,1.712797519514001,0.9511962571452774,0.0,0.8680729187683062,0.8720895822994071,0.0,0.0,0.0,0.0,0.0,0.0
2026-01-04 22:00:00,0.0,0.0,0.0,0.0,0.0,0.0,0.0,0.0,1.9816390652207583,0.0,0.0,0.0,0.0,0.0,0.0
2026-01-04 23:00:00,0.0,0.0,0.0,0.0,0.0,0.0,0.0,0.0,0.0,0.0,0.0,0.0,0.0,0.0,0.0
2026-01-05 00:00:00,0.0,0.0,0.0,0.0,0.0,0.0,0.0,0.0,0.0,0.0,0.0,0.0,0.0,0.0,0.0
2026-01-05 01:00:00,0.0,0.0,0.0,0.0,0.0,0.0,0.0,0.0,0.0,0.0,0.0,0.0,0.0,0.0,0.0
2026-01-05 02:00:00,0.0,0.0,0.0,0.0,0.0,0.0,0.0,0.0,0.0,0.0,0.0,0.0,0.0,0.0,0.0
2026-01-05 03:00:00,0.0,0.0,0.0,0.0,0.0,0.0,0.0,0.0,0.0,0.0,0.0,0.0,0.0,0.0,0.0
2026-01-05 04:00:00,0.0,0.0,0.0,0.0,0.0,0.0,0.0,0.0,0.0,0.0,0.0,0.0,0.0,0.0,0.0
2026-01-05 05:00:00,0.0,0.0,0.0,0.0,0.0,0.0,0.0,0.0,0.0,0.0,0.0,0.0,0.0,0.0,0.0
2026-01-05 06:00:00,0.0,0.0,0.0,0.0,0.0,0.0,0.0,0.0,0.0,0.0,0.0,2.5557044985721515,0.0,0.0,0.0
2026-01-05 07:00:00,0.0,0.0,0.0,0.0,4.127793203387701,0.0,0.0,0.0,0.0,0.0,0.0,1.8679476580554069,0.0,0.0,0.0
2026-01-05 08:00:00,0.0,0.0,0.0,0.0,1.4836196390355656,0.0,4.882606332506281,2.8998029012887576,0.0,0.0,0.0,3.692387206453805,0.8546974034076568,2.231004491243774,1.2958560465554583
2026-01-05 09:00:00,0.0,0.0,7.064187297003365,3.355946365816744,6.1047754694314555,4.529840426914746,2.9126814357354145,2.1486558066685477,0.0,1.1296127796053044,2.4177471937982,2.968229873812257,1.645429733475401,3.1813692195140297,3.261203557503846
2026-01-05 10:00:00,1.355860680035222,2.6261193490896075,3.1167444548373044,1.6071953888378445,5.724648372124269,4.985791076162368,1.0850236294458404,3.0684447473860956,1.592548588566359,2.334042607498017,1.9399360505640275,1.0567215998431847,2.9897664464645315,3.6972720700559183,1.2958560465554583
2026-01-05 11:00:00,3.148036413320394,4.045854249479196,2.6566804742524632,1.454857244352577,4.408807162045882,1.576402482078127,2.8869829417601536,1.6959088214390325,3.3035806244588017,5.083257508223871,4.42743143698237,1.8426112614309493,2.1226231912330533,2.684163848487537,2.265219967515942
2026-01-05 12:00:00,5.243133478485503,4.348220867824379,2.832223894393214,2.290595819930888,1.3750640416336415,5.963431577894177,4.381253787075619,0.9514221680938073,1.592548588566359,1.4710115426827823,1.8364279614966084,1.0567215998431847,1.345346096822909,3.257488786575226,2.1766642301677086
2026-01-05 13:00:00,2.4407536231796083,3.005261186908414,2.158584288539858,1.4422633559540714,6.187788187351387,3.0440269407363023,1.9293438263700282,1.2500268795587748,1.592548588566359,2.2930048924386175,3.0877473986967767,2.168330500493658,1.0097398485329596,3.4770368353101277,2.540516217759908
2026-01-05 14:00:00,5.2905093872421505,4.406769878818863,5.2556157480687995,2.244182183107502,3.785355897389707,1.3252070173098172,2.194238388479851,2.121511649905429,6.7724913596400835,2.871797578974316,1.0369562942768913,2.4739812920212447,0.770383798885516,1.330029386686855,4.544331066207411
2026-01-05 15:00:00,1.3044502917529919,4.958540840733057,5.61179717051064,5.015336294059462,4.583658735889559,4.366411530595112,4.882606332506281,0.9514221680938073,1.5975537167182112,1.8401382165682887,1.0369562942768913,1.0567215998431847,1.0946057872955282,4.635963306862718,2.2399277340806756
2026-01-05 16:00:00,3.968003322783563,7.520445301286989,5.147141551273532,2.3276714770501132,1.3750640416336415,1.4301231231448586,1.899672743544799,1.1769202708440454,3.8128430466095216,3.1004681603839073,3.0438134095837754,1.5397296461642191,2.8680506293972794,1.330029386686855,1.7734924479835958
2026-01-05 17:00:00,2.6595383630744958,5.091843256358996,2.2311607980187236,3.4095873902665184,2.0869019464317407,1.3252070173098172,3.035141524727061,2.6764750244937057,1.9273716243558716,1.1296127796053044,2.8654446404088145,2.51577880338576,2.711002034099188,2.6512589214846938,1.605560442997565
2026-01-05 18:00:00,1.9721396522879606,7.637613614936079,1.569819399334081,3.3565931840412753,2.947372585837828,1.3252070173098172,3.844264911188137,0.9514221680938073,5.821904457397043,3.5876661518322965,1.0369562942768913,2.6391571253965753,2.0442909577487813,1.4493756322858622,2.7130051894623888
2026-01-05 19:00:00,2.6679314725679357,0.0,5.648056500306019,2.9523443404968717,2.220399255535599,1.4662259228168315,2.720318914801655,2.443121469213379,3.2277551514370297,3.76658951209158,3.9816560708049247,2.129138139104017,0.770383798885516,2.0364409167431714,1.5680124326652978
2026-01-05 20:00:00,1.3044502917529919,0.0,3.8958115745754496,0.0,3.9395575004734393,5.963431577894177,0.0,2.6574111803498144,3.2001402870533697,1.1296127796053044,1.0369562942768913,1.8539937068489354,0.770383798885516,1.330029386686855,1.7641765933174296
2026-01-05 21:00:00,2.113402365750627,0.0,1.569819399334081,0.0,0.0,3.3563173096733077,0.0,0.0,0.0,0.0,0.0,2.4592299299270577,2.3563541441836398,4.051340487120323,1.2958560465554583
2026-01-05 22:00:00,0.0,0.0,0.0,0.0,0.0,0.0,0.0,0.0,0.0,0.0,0.0,1.9603540660968362,1.935657716791273,0.0,0.0
2026-01-05 23:00:00,0.0,0.0,0.0,0.0,0.0,0.0,0.0,0.0,0.0,0.0,0.0,0.0,0.0,0.0,0.0
2026-01-06 00:00:00,0.0,0.0,0.0,0.0,0.0,0.0,0.0,0.0,0.0,0.0,0.0,0.0,0.0,0.0,0.0
2026-01-06 01:00:00,0.0,0.0,0.0,0.0,0.0,0.0,0.0,0.0,0.0,0.0,0.0,0.0,0.0,0.0,0.0
2026-01-06 02:00:00,0.0,0.0,0.0,0.0,0.0,0.0,0.0,0.0,0.0,0.0,0.0,0.0,0.0,0.0,0.0
2026-01-06 03:00:00,0.0,0.0,0.0,0.0,0.0,0.0,0.0,0.0,0.0,0.0,0.0,0.0,0.0,0.0,0.0
2026-01-06 04:00:00,0.0,0.0,0.0,0.0,0.0,0.0,0.0,0.0,0.0,0.0,0.0,0.0,0.0,0.0,0.0
2026-01-06 05:00:00,0.0,0.0,0.0,0.0,0.0,0.0,0.0,0.0,0.0,0.0,0.0,0.0,0.0,0.0,0.0
2026-01-06 06:00:00,0.0,0.0,0.0,0.0,0.0,0.0,0.0,0.0,0.0,0.0,2.730857258303567,0.0,0.0,0.0,0.0
2026-01-06 07:00:00,0.0,0.0,2.682941594532336,0.0,0.0,0.0,0.0,0.0,0.0,0.0,1.007630083414036,0.0,0.0,0.0,0.0
2026-01-06 08:00:00,0.0,0.0,0.9487530662100958,1.6913201360783199,0.0,0.0,3.2667426147959877,0.0,0.0,0.0,1.007630083414036,0.0,2.579883652562304,0.0,0.0
2026-01-06 09:00:00,1.359534081172543,0.0,4.269388797945431,4.102254224487669,0.0,0.0,1.3215959928448309,4.649357096777117,2.970805746588485,8.027790025369946,4.166237078348948,2.5503405904616527,3.7213643317403267,0.0,3.1128010593293887
2026-01-06 10:00:00,3.488843044627803,2.2181642008684936,3.324362794406453,4.338148515172103,4.859273404813488,4.552418182303544,1.807875017980728,3.8364455619409727,2.2052976158654785,1.8020561798104298,2.035620932855688,1.0871809429647377,3.4365651141952327,3.3492435496067405,2.6941335095949785
2026-01-06 11:00:00,2.607388594084199,1.1126745359541796,0.9487530662100958,6.173730682394357,2.8301158774381974,4.84417689618848,5.947181967801739,7.958432510090715,3.769974553316535,1.8020561798104298,1.7108031598824487,3.752417421240007,3.895761047593074,4.492046902353261,2.920780874935008
2026-01-06 12:00:00,1.3174587930817254,1.6868659760601645,0.9487530662100958,4.062066441855739,2.8605122032677595,6.214478052482808,2.0042647812906784,2.033526398865862,1.1333401628802764,5.984315937928819,1.8808616384009653,1.6834951909262605,4.188732569938756,4.349272498500063,2.839242921549255
2026-01-06 13:00:00,2.8846279276513713,2.6162889183247793,2.3633322670109576,5.1872284763690155,1.079838534402997,6.424091616560975,3.160046940248148,1.7685405577979367,1.1333401628802764,4.494443076402649,1.6129898476260958,2.0679534349545827,2.9360518989775044,1.5950470686895355,4.673028474636045
2026-01-06 14:00:00,2.259294602919992,2.2655759193249296,2.682400392036,7.605549546707362,4.547649546439489,4.950978310912512,2.959153965893596,4.365873925943645,1.3265037580544603,7.335668352417127,3.306942899676323,3.942197667704694,1.263469577281574,2.784318532236953,4.017327081734226
2026-01-06 15:00:00,3.5688414876085024,1.3997777638586693,2.5076525274840984,4.924291296656302,4.219585843821933,3.3190322873025577,1.3215959928448309,1.7779521159706122,1.1333401628802764,1.8020561798104298,1.3329694572508222,1.2442840969998865,2.9247488113223072,1.5950470686895355,1.9765400530489046
2026-01-06 16:00:00,1.100746725684924,1.1126745359541796,1.3944315207867997,6.270588713982476,2.0250743441285346,3.621910237047965,2.7398128278445233,1.7685405577979367,1.1333401628802764,4.9990765260680625,3.158640430883319,1.0871809429647377,3.7731194668530152,2.4081949922694665,5.060015771307251
2026-01-06 17:00:00,1.6211150205422555,1.1126745359541796,1.5633499433926121,3.2804109792920193,2.8206837686125326,1.4275759147913278,3.5564615674434754,1.7685405577979367,1.9108971979693996,1.8020561798104298,2.736705715987461,1.0871809429647377,3.7036453441738444,7.177711809102909,2.1919489504048606
2026-01-06 18:00:00,1.5242836531692452,1.2473231822839763,2.059159249099832,4.295792254059149,1.862682630835414,3.975271708132092,1.3215959928448309,3.231840302936858,5.100030732961244,4.571138144936207,2.6831062879025014,1.7898355398374148,3.9449798636587556,4.460010585480617,2.9257859985265644
2026-01-06 19:00:00,1.100746725684924,2.287997775073791,0.9487530662100958,4.985945604205759,2.84243695654106,1.890981936934306,2.1757085869285318,7.958432510090715,2.318057866818715,0.0,2.3835221710953385,2.496634593795092,2.856833208743962,5.557109109770584,1.4211974430190033
2026-01-06 20:00:00,2.558360138969325,5.007035411793809,1.0968368984259473,0.0,3.1875910714848437,5.489392960109914,3.267694363064835,0.0,2.374031986217034,0.0,1.007630083414036,4.413640212784249,0.0,4.216738237892614,0.0
2026-01-06 21:00:00,0.0,0.0,0.0,0.0,2.4204351452235207,0.0,1.8337038996309183,0.0,0.0,0.0,1.007630083414036,0.0,0.0,1.6214601025972717,0.0
2026-01-06 22:00:00,0.0,0.0,0.0,0.0,0.0,0.0,0.0,0.0,0.0,0.0,0.0,0.0,0.0,0.0,0.0
2026-01-06 23:00:00,0.0,0.0,0.0,0.0,0.0,0.0,0.0,0.0,0.0,0.0,0.0,0.0,0.0,0.0,0.0
2026-01-07 00:00:00,0.0,0.0,0.0,0.0,0.0,0.0,0.0,0.0,0.0,0.0,0.0,0.0,0.0,0.0,0.0
2026-01-07 01:00:00,0.0,0.0,0.0,0.0,0.0,0.0,0.0,0.0,0.0,0.0,0.0,0.0,0.0,0.0,0.0
2026-01-07 02:00:00,0.0,0.0,0.0,0.0,0.0,0.0,0.0,0.0,0.0,0.0,0.0,0.0,0.0,0.0,0.0
2026-01-07 03:00:00,0.0,0.0,0.0,0.0,0.0,0.0,0.0,0.0,0.0,0.0,0.0,0.0,0.0,0.0,0.0
2026-01-07 04:00:00,0.0,0.0,0.0,0.0,0.0,0.0,0.0,0.0,0.0,0.0,0.0,0.0,0.0,0.0,0.0
2026-01-07 05:00:00,0.0,0.0,0.0,0.0,0.0,0.0,0.0,0.0,0.0,0.0,0.0,0.0,0.0,0.0,0.0
2026-01-07 06:00:00,0.0,0.0,0.0,0.0,0.0,0.0,0.0,0.0,0.0,0.0,0.0,0.0,0.0,0.0,0.0
2026-01-07 07:00:00,0.0,0.0,0.0,0.0,0.0,0.0,3.08253244318684,0.0,0.0,0.0,1.8728796352254766,0.0,1.2111116075114616,0.0,0.0
2026-01-07 08:00:00,0.0,0.0,2.451455189885802,0.0,0.0,2.5072409869493084,4.380636689888718,0.0,0.0,0.0,0.8829788910277979,3.9447372327867263,1.2111116075114616,0.0,0.0
2026-01-07 09:00:00,1.2868052698205297,4.9646221506383394,1.6837457097355704,0.0,0.0,2.431932318059738,1.063653818110623,1.9335907740963398,3.85820399995482,3.887099666779444,0.8829788910277979,1.1619552976394745,2.9804887485270273,1.3335310537156289,0.0
2026-01-07 10:00:00,1.3885162765094672,5.784721631738266,4.056087544741847,2.1594162224520645,3.7371635820135696,3.392757377507673,3.018315746767848,1.8846218932042396,5.352971387869328,3.486481476942956,1.853351276021466,3.075487730668515,2.0919214316390327,0.9968497710611055,1.9787360388172994
2026-01-07 11:00:00,0.9561502262115212,4.4415502082195335,1.6837457097355704,1.5874908288085636,2.443737118447515,3.6809256914821846,3.5429918306195067,2.395172617599213,4.427437366475264,1.3106115871785369,0.8829788910277979,1.8429967572860066,1.2111116075114616,2.1325038776197607,1.9787360388172994
2026-01-07 12:00:00,1.6253071846936185,7.84565852393276,7.303192798211983,1.3284426295416831,5.738029760017656,2.26176350106213,1.752317619146042,1.3863323286290847,2.1911617571249633,3.5072816375266145,0.8829788910277979,1.1619552976394745,4.126496817220274,3.109255442429493,1.9787360388172994
2026-01-07 13:00:00,2.3631534135929266,3.550496461002523,2.3177567839692297,5.977991832937573,3.8700109431143486,2.4376751784215736,2.4481461647775538,1.3863323286290847,5.273504178781113,2.2686066353123495,1.8180058687874638,1.3438131202060748,5.450002233801577,2.6614286412249486,4.737985981556762
2026-01-07 14:00:00,4.297554643229144,1.7654565968085036,3.458665796055172,4.543211514528741,4.761821887039297,0.9571376685711658,1.8995775733020863,5.401842165063739,3.362248914944524,5.597278977041498,1.097972049991764,2.8259061561061944,1.2111116075114616,4.379020747852432,6.800715619223224
2026-01-07 15:00:00,2.0636578041159925,2.619586786567898,4.767699945030625,1.3284426295416831,3.0018467368125052,0.9571376685711658,4.786442181497804,3.26389019818008,4.463620505163079,4.43749826625008,3.686354754120651,2.0552942594393153,2.4999171037214962,2.96989837409247,2.1051785372714344
2026-01-07 16:00:00,2.1719490541644673,5.626746885997255,1.6837457097355704,3.120609804326444,4.9894924471934115,4.307119508570246,4.786442181497804,4.682205394742769,6.442188798409351,2.2225146996079808,2.35985449806165,1.1619552976394745,1.2111116075114616,0.9731157217449848,3.1873981001560727
2026-01-07 17:00:00,1.7386457152176507,1.8904881600882983,1.6837457097355704,5.977991832937573,3.6533082956418848,1.951785238056358,3.276960164412921,3.3069062433240104,3.0825664756583397,1.3106115871785369,0.8829788910277979,1.1619552976394745,3.207648906994087,1.6645966486148693,3.6972925810693926
2026-01-07 18:00:00,0.9561502262115212,3.0013161763840466,4.618581361645886,1.3284426295416831,3.8714604918632425,4.307119508570246,4.043594314940733,1.3863323286290847,1.4315975107576338,1.4437911097288396,0.8829788910277979,1.1619552976394745,1.2111116075114616,1.3333716566750122,3.2107526922877816
2026-01-07 19:00:00,1.8012039807945008,0.0,1.6837457097355704,5.682920193771893,1.8273044332503252,0.9571376685711658,1.6985541801628932,5.152882354023405,2.0663930750996755,1.9490616655504176,0.8829788910277979,2.566770194140554,1.2111116075114616,1.0355115781496715,0.0
2026-01-07 20:00:00,1.9144175952198568,0.0,0.0,3.427125426137746,3.7546252546616383,0.0,1.063653818110623,3.0742756418835215,2.0322610241804564,1.3106115871785369,1.082656004527953,2.4951378597235023,0.0,1.9175000808006046,0.0
2026-01-07 21:00:00,0.0,0.0,0.0,5.04336164766857,3.657191802784105,0.0,0.0,0.0,0.0,3.674668551368626,1.3178187050913754,2.0563763340840104,0.0,1.6950716143190259,0.0
2026-01-07 22:00:00,0.0,0.0,0.0,0.0,0.0,0.0,0.0,0.0,0.0,0.0,0.0,0.0,0.0,0.0,0.0
2026-01-07 23:00:00,0.0,0.0,0.0,0.0,0.0,0.0,0.0,0.0,0.0,0.0,0.0,0.0,0.0,0.0,0.0
2026-01-08 00:00:00,0.0,0.0,0.0,0.0,0.0,0.0,0.0,0.0,0.0,0.0,0.0,0.0,0.0,0.0,0.0
2026-01-08 01:00:00,0.0,0.0,0.0,0.0,0.0,0.0,0.0,0.0,0.0,0.0,0.0,0.0,0.0,0.0,0.0
2026-01-08 02:00:00,0.0,0.0,0.0,0.0,0.0,0.0,0.0,0.0,0.0,0.0,0.0,0.0,0.0,0.0,0.0
2026-01-08 03:00:00,0.0,0.0,0.0,0.0,0.0,0.0,0.0,0.0,0.0,0.0,0.0,0.0,0.0,0.0,0.0
2026-01-08 04:00:00,0.0,0.0,0.0,0.0,0.0,0.0,0.0,0.0,0.0,0.0,0.0,0.0,0.0,0.0,0.0
2026-01-08 05:00:00,0.0,0.0,0.0,0.0,0.0,0.0,0.0,0.0,0.0,0.0,0.0,0.0,0.0,0.0,0.0
2026-01-08 06:00:00,0.0,0.0,0.0,0.0,0.0,0.0,0.0,0.0,0.0,0.0,0.0,0.0,0.0,0.0,0.0
2026-01-08 07:00:00,0.0,0.0,0.0,0.0,1.9834523154268628,0.0,3.7478620821212076,0.0,0.0,1.2139373909401874,0.0,0.0,0.0,0.0,0.8163386600491149
2026-01-08 08:00:00,0.0,1.0018524226620367,1.0229625221105274,2.1530615929910355,2.7584677289802064,0.0,3.3986855841773638,0.9665378349760402,0.0,2.9727891241008937,4.495821553928669,2.835020717539083,2.868636734771832,0.0,3.6735239702210167
2026-01-08 09:00:00,0.0,1.0018524226620367,1.0717376021724394,0.9429637576258579,1.7210301519966535,3.1351973621945777,5.065579774630899,2.2477081801533494,2.9971217312844844,4.4201750157710515,4.14073431313575,1.22643952634186,5.197055132810417,0.984626113416588,2.296992891130182
2026-01-08 10:00:00,0.0,3.2313032857613337,2.025435886698445,1.416729739217752,3.0422915135445194,1.0797175914824362,3.0383997946077805,1.074283108356701,0.9745169398730744,4.7179830781036145,4.345125212780744,2.599168262330407,3.90118786999793,3.811876744391143,1.2495740619315627
2026-01-08 11:00:00,1.3912589846864971,4.3032666913050415,3.441156256706725,3.4491817623491228,0.8425748633104431,3.6570499047108656,1.5863455290181796,2.283769131295369,2.357652940144788,5.073156139283641,4.856315880558308,1.22643952634186,3.4523749366543997,0.984626113416588,0.8163386600491149
2026-01-08 12:00:00,4.8415160748353445,1.0018524226620367,1.299336358589809,2.3264725407702165,1.268675663612486,2.429996400563345,2.3616974670304725,3.170583595041857,1.1652637932065146,1.1273680309519203,2.6317585647963115,3.210675637029507,4.611113857198393,1.0367889386834939,1.8814817795900722
2026-01-08 13:00:00,4.099189597683049,1.0018524226620367,1.0229625221105274,0.7757787305155202,2.083106502779604,2.938668649194971,3.8406514558022673,2.53003488096154,1.3865169571758142,1.1273680309519203,5.141455646765294,1.22643952634186,4.463306955827956,3.864419948155422,1.3022808423284993
2026-01-08 14:00:00,4.173441114872425,1.184155913270956,3.020864389186235,3.491004287319841,0.95822520392474,2.4786462950404333,1.5465912253922258,2.9551805708071686,0.9745169398730744,1.4352165012549938,4.163569211800058,1.5680389537912782,1.259598467392928,2.112443273028941,0.8163386600491149
2026-01-08 15:00:00,1.3912589846864971,2.9352418421949737,1.1230868850687268,1.6192731133407872,1.6331204511424722,4.665367075992519,2.6858311635118755,1.8593717656882218,0.9745169398730744,1.2953224015426439,2.83349759916897,2.662451585336015,1.6278480219138833,1.5775335483824453,0.8163386600491149
2026-01-08 16:00:00,5.335219758251314,3.551064388996585,2.6750602139965416,3.491004287319841,1.2387802634246574,2.515168554418842,2.7366532513711075,1.030337760548459,3.53754728589548,1.5495634689921232,1.564466165057196,4.320294014826519,2.9450210546194735,1.9084029098601534,1.4636788898796869
2026-01-08 17:00:00,1.3912589846864971,1.3802504001607045,2.4002227697048895,1.919304462571413,1.0173939561379597,1.7227376229868612,1.7389121228634983,0.9869241669857036,0.9745169398730744,2.294929518248735,1.5941325817657284,1.855335841815387,1.5589504705294375,0.984626113416588,0.8163386600491149
2026-01-08 18:00:00,3.785699079708678,1.0018524226620367,2.5886704973268606,3.2200971551301203,1.8169575127929531,2.2255604309208272,2.6995641557160055,2.889344130301692,0.9745169398730744,3.0448135966318635,2.252740478380942,3.3758888045687576,2.8990448534961915,2.0480186090826225,1.9371575955377067
2026-01-08 19:00:00,6.260665431089237,1.0018524226620367,3.607429925638123,1.6437389229992636,2.7637116832690043,4.013636464253003,5.348332979471441,1.1455589593302058,2.2992385566500744,5.073156139283641,1.2497482550080583,3.322091643259519,1.259598467392928,3.749796301124292,0.8163386600491149
2026-01-08 20:00:00,1.3912589846864971,1.7324144903989172,4.204228949278564,1.7599588154715295,2.0383472031450145,1.2802232373301212,0.0,3.9626888626648493,0.9745169398730744,2.4198884427005676,1.8726712512291719,0.0,1.259598467392928,0.0,0.8820477770561598
2026-01-08 21:00:00,0.0,1.0018524226620367,0.0,0.7757787305155202,0.0,0.0,0.0,2.2510889093358917,1.6417105767152216,2.6493366424559355,4.644130152786494,0.0,3.461099065375112,0.0,0.0
2026-01-08 22:00:00,0.0,0.0,0.0,0.0,0.0,0.0,0.0,2.1705861214033657,0.0,0.0,0.0,0.0,0.0,0.0,0.0
2026-01-08 23:00:00,0.0,0.0,0.0,0.0,0.0,0.0,0.0,0.0,0.0,0.0,0.0,0.0,0.0,0.0,0.0
2026-01-09 00:00:00,0.0,0.0,0.0,0.0,0.0,0.0,0.0,0.0,0.0,0.0,0.0,0.0,0.0,0.0,0.0
2026-01-09 01:00:00,0.0,0.0,0.0,0.0,0.0,0.0,0.0,0.0,0.0,0.0,0.0,0.0,0.0,0.0,0.0
2026-01-09 02:00:00,0.0,0.0,0.0,0.0,0.0,0.0,0.0,0.0,0.0,0.0,0.0,0.0,0.0,0.0,0.0
2026-01-09 03:00:00,0.0,0.0,0.0,0.0,0.0,0.0,0.0,0.0,0.0,0.0,0.0,0.0,0.0,0.0,0.0
2026-01-09 04:00:00,0.0,0.0,0.0,0.0,0.0,0.0,0.0,0.0,0.0,0.0,0.0,0.0,0.0,0.0,0.0
2026-01-09 05:00:00,0.0,0.0,0.0,0.0,0.0,0.0,0.0,0.0,0.0,0.0,0.0,0.0,0.0,0.0,0.0
2026-01-09 06:00:00,0.0,0.0,0.0,0.0,0.0,0.0,0.0,0.0,0.0,0.0,0.0,0.0,0.0,0.0,0.0
2026-01-09 07:00:00,0.0,2.238749046992341,0.0,0.0,0.0,0.0,2.5243806950697505,0.0,0.0,0.8733196096313638,0.0,0.0,2.877907720122965,0.0,0.0
2026-01-09 08:00:00,1.5817488082541822,3.4886048840797534,2.2172257303906346,0.0,0.0,0.0,3.8210662215445086,0.0,0.0,1.8708311854783122,1.0364511116363737,0.0,1.353498832665575,0.0,0.0
2026-01-09 09:00:00,0.785537282913722,2.9689327772236056,0.8683138392404606,0.0,0.0,3.924556651783381,1.319934247128642,3.508112579854269,0.0,2.743460253974237,1.0364511116363737,3.2143745182079897,3.1481833741234784,0.0,1.3480823326990212
2026-01-09 10:00:00,2.0160450409409405,5.516469754700671,1.0585018798334926,1.7447495792951153,3.2223188644305694,1.2272092062983868,3.193551320284319,1.0419324012941997,3.5434862906854154,3.806462293526383,3.81687784450022,4.976178870190315,3.3112190006635975,1.7332144541330803,1.2927872970275467
2026-01-09 11:00:00,0.785537282913722,2.4181503487540765,2.4944101484314634,2.0773039669761366,1.5758792550015976,5.52244142834274,2.141858358848799,1.0419324012941997,2.5263401012498075,2.5776784515610607,1.2616279423269234,1.7435468849912164,4.848573082506257,0.8544462004330508,2.0116873981822216
2026-01-09 12:00:00,3.1701617547486913,3.5174349927618667,2.2332571909592556,0.6336727535737938,2.7205987598549783,3.7994975663291006,5.206450296467927,4.688695805823898,6.50667565689758,0.8733196096313638,4.225671193899365,3.4090276395830212,2.509040380617766,0.8544462004330508,2.107859875951745
2026-01-09 13:00:00,0.785537282913722,2.824379397541263,0.9124985671554411,2.361487828845831,4.511795765917731,3.4044709309987327,4.091437896330168,1.0419324012941997,3.608160667592,0.8733196096313638,1.0364511116363737,2.9508701064670424,2.234667567385683,3.239636933683267,2.8309421226563365
2026-01-09 14:00:00,1.1628984199675492,3.2562188333139277,1.519993920155988,1.3106469654712036,3.46117997716423,3.2375271078594023,3.426016263634039,1.0419324012941997,8.285257128344353,1.0586678455019216,4.664030002363682,1.4332248419340672,6.090744746995087,0.8544462004330508,3.0768279602408337
2026-01-09 15:00:00,2.380532245886126,3.037005857535338,1.0029237468699685,2.2361163694086605,1.0026212813150515,4.16684393834,3.759149597626218,1.666854743181014,1.9827660094323165,2.6841197302883453,2.244198924013543,4.844334412657931,4.548562094111429,1.767665440378749,2.2900672967260443
2026-01-09 16:00:00,0.785537282913722,5.38586828237489,0.7943442774438286,2.628435150143638,4.511795765917731,2.358712759454308,2.623516068032612,3.449566369028724,4.912535548994021,2.3634205776646877,1.0364511116363737,3.3639747289144517,1.7642538870431892,0.8544462004330508,2.3704029048637145
2026-01-09 17:00:00,1.7521274067302484,1.281454584140066,2.0112467102505125,2.2977019479895646,4.511795765917731,4.860959090044367,3.276107099803001,1.0419324012941997,4.104481546008368,2.3644950382071244,1.0364511116363737,3.0015398564431126,1.353498832665575,1.1504562072577857,5.154865610715336
2026-01-09 18:00:00,2.909826369940197,1.281454584140066,0.7184628660525305,1.753389825816302,2.6295304677973763,3.585378821180121,2.683815782574323,1.1913619090813004,1.9827660094323165,0.8733196096313638,3.6249126228998367,1.4332248419340672,4.3826864004027914,1.073919044847077,3.3706817994392932
2026-01-09 19:00:00,0.785537282913722,5.19337578757551,1.5771332560653195,2.7816818257550042,2.7857484216567827,2.0532205105913146,3.094002421394953,1.0419324012941997,0.0,0.8733196096313638,1.0364511116363737,1.4332248419340672,3.4189734973143606,0.8544462004330508,3.1170509167599807
2026-01-09 20:00:00,0.0,0.0,0.0,2.585001379491637,1.0026212813150515,0.0,0.0,1.0419324012941997,0.0,2.4512077548223887,3.109166215769098,0.0,3.439221885798769,2.0883404969621977,0.0
2026-01-09 21:00:00,0.0,0.0,0.0,2.8515273910820724,2.893828240843404,0.0,0.0,2.0162252797385984,0.0,0.0,0.0,0.0,0.0,0.0,0.0
2026-01-09 22:00:00,0.0,0.0,0.0,0.0,0.0,0.0,0.0,0.0,0.0,0.0,0.0,0.0,0.0,0.0,0.0
2026-01-09 23:00:00,0.0,0.0,0.0,0.0,0.0,0.0,0.0,0.0,0.0,0.0,0.0,0.0,0.0,0.0,0.0
2026-01-10 00:00:00,0.0,0.0,0.0,0.0,0.0,0.0,0.0,0.0,0.0,0.0,0.0,0.0,0.0,0.0,0.0
2026-01-10 01:00:00,0.0,0.0,0.0,0.0,0.0,0.0,0.0,0.0,0.0,0.0,0.0,0.0,0.0,0.0,0.0
2026-01-10 02:00:00,0.0,0.0,0.0,0.0,0.0,0.0,0.0,0.0,0.0,0.0,0.0,0.0,0.0,0.0,0.0
2026-01-10 03:00:00,0.0,0.0,0.0,0.0,0.0,0.0,0.0,0.0,0.0,0.0,0.0,0.0,0.0,0.0,0.0
2026-01-10 04:00:00,0.0,0.0,0.0,0.0,0.0,0.0,0.0,0.0,0.0,0.0,0.0,0.0,0.0,0.0,0.0
2026-01-10 05:00:00,0.0,0.0,0.0,0.0,0.0,0.0,0.0,0.0,0.0,0.0,0.0,0.0,0.0,0.0,0.0
2026-01-10 06:00:00,0.0,0.0,0.0,0.0,0.0,0.0,0.0,0.0,0.0,0.0,0.0,0.0,1.662447608338603,0.0,0.0
2026-01-10 07:00:00,0.0,2.2193195598946547,0.0,0.0,1.7119074519269388,0.0,0.0,0.0,0.0,0.0,0.0,0.9855012964749723,0.7589526603882885,0.0,0.6757629450814965
2026-01-10 08:00:00,0.0,1.5800997746650702,2.114823894128238,1.9490212040486115,2.4711402997608993,0.0,1.933593220979963,0.0,1.0812200097785782,0.0,0.0,0.9855012964749723,1.603998263710484,1.6959630570762367,0.9280212927278574
2026-01-10 09:00:00,0.39852058640883714,2.3584305177529092,2.3483665901838195,2.0402582713397566,1.5667903720647176,1.666067588974726,1.5425056739112115,1.40085919373966,0.4686544947797679,0.3701296344083604,0.6038026361748839,2.4535575304751607,1.8200841251713904,1.3465913397037972,0.43750210499951425
2026-01-10 10:00:00,1.0490856121680492,0.8206403713135403,2.4106806955455133,2.18375844550988,0.5530924755629968,1.0003786085765418,2.349200126401671,3.0614967439805048,1.5394872359660676,1.250582694295493,1.5852073609013775,0.9855012964749723,0.7589526603882885,1.4936616204728586,1.3386763273600149
2026-01-10 11:00:00,0.9267134267742274,3.1666636718585925,1.0818205896050654,2.9642484623965437,2.405076885047118,2.347478417979711,1.5635677702899973,3.788259286914626,0.917228474237514,0.45361258951417605,0.6038026361748839,1.7258356619166286,2.420313708834353,1.006889683628728,0.47917283885771866
2026-01-10 12:00:00,0.9014227770440638,1.8229267311102955,0.8528810127549149,3.7750948975073175,2.24494348061435,1.3411633244267442,1.7357587374396597,1.0232967901987429,1.3404377689492535,0.6672409974361682,1.4647082388520998,2.808001185638716,2.1909038623979695,2.303820612710983,1.6421314491387253
2026-01-10 13:00:00,0.9536206309312883,3.6130517668672013,2.627390665159633,0.8879502415169049,0.6571379563143336,0.7265374886790666,0.5951641708690886,2.2684887147167414,0.5286997089606111,0.6932650301401315,1.1020437285633635,2.6679352571360737,1.3408276898237625,0.9469683458523576,1.139045484996984
2026-01-10 14:00:00,0.39852058640883714,2.173309658057881,1.7445957111143802,2.8313335341492114,1.3490120913294148,2.067243086855625,2.1890065391065345,0.8992379385552621,0.8655991264794536,0.8709251411212516,0.6038026361748839,0.9855012964749723,2.651192987732166,0.551132660043222,0.43750210499951425
2026-01-10 15:00:00,0.8915010315428925,1.2152774749728565,0.7177968555913656,1.6087565450329295,1.472845475679978,1.9136412491657024,0.6720498596180103,0.8992379385552621,0.569042091683886,1.2904606379476797,1.8148273258322187,3.068918025047987,1.8148206046824296,0.5119601361579962,1.4421387864555526
2026-01-10 16:00:00,0.9245852659047827,0.8206403713135403,0.7177968555913656,0.8879502415169049,1.2382307329839095,1.3477431163957116,1.4320479541669675,2.238011845738111,1.337187514182202,0.3701296344083604,0.6038026361748839,3.521329406471041,2.7068687104579454,0.5119601361579962,0.43750210499951425
2026-01-10 17:00:00,0.39852058640883714,0.8206403713135403,0.7177968555913656,1.9823456953822365,1.5554627094359312,0.521661870662158,2.6782387689108984,1.18234744245004,0.4686544947797679,1.0061208984570649,0.6038026361748839,1.078495458949118,1.5427560140621706,0.8383522430319119,0.5898752634465042
2026-01-10 18:00:00,1.7801046647781826,0.8206403713135403,0.7259148419859093,0.8879502415169049,2.2798575999901156,1.1122160782508497,1.0083645712167466,1.1713062669086989,0.7058548205848431,0.3701296344083604,0.6038026361748839,0.9855012964749723,1.7337062521035398,0.9328785159997038,0.6134031253408666
2026-01-10 19:00:00,1.0229154427346208,2.2137708948671806,1.2588945794792958,0.0,0.0,1.936937965702284,1.2343148475934587,2.3164856122685373,1.4457082264186263,0.5714177422068901,1.153832671383934,3.671829885858742,1.7238196301197997,2.1075092546626157,1.5590687743696012
2026-01-10 20:00:00,0.39852058640883714,0.0,0.0,0.0,0.0,1.1683203353363045,0.0,0.8992379385552621,1.3530410379632212,0.0,2.3843081888648263,0.0,0.7589526603882885,0.0,0.43750210499951425
2026-01-10 21:00:00,1.1223119521559402,0.0,0.0,0.0,0.0,0.0,0.0,0.0,0.0,0.0,0.9884349492089001,0.0,0.0,0.0,0.8072380074721797
2026-01-10 22:00:00,0.0,0.0,0.0,0.0,0.0,0.0,0.0,0.0,0.0,0.0,0.0,0.0,0.0,0.0,0.43750210499951425
2026-01-10 23:00:00,0.0,0.0,0.0,0.0,0.0,0.0,0.0,0.0,0.0,0.0,0.0,0.0,0.0,0.0,0.0
2026-01-11 00:00:00,0.0,0.0,0.0,0.0,0.0,0.0,0.0,0.0,0.0,0.0,0.0,0.0,0.0,0.0,0.0
2026-01-11 01:00:00,0.0,0.0,0.0,0.0,0.0,0.0,0.0,0.0,0.0,0.0,0.0,0.0,0.0,0.0,0.0
2026-01-11 02:00:00,0.0,0.0,0.0,0.0,0.0,0.0,0.0,0.0,0.0,0.0,0.0,0.0,0.0,0.0,0.0
2026-01-11 03:00:00,0.0,0.0,0.0,0.0,0.0,0.0,0.0,0.0,0.0,0.0,0.0,0.0,0.0,0.0,0.0
2026-01-11 04:00:00,0.0,0.0,0.0,0.0,0.0,0.0,0.0,0.0,0.0,0.0,0.0,0.0,0.0,0.0,0.0
2026-01-11 05:00:00,0.0,0.0,0.0,0.0,0.0,0.0,0.0,0.0,0.0,0.0,0.0,0.0,0.0,0.0,0.0
2026-01-11 06:00:00,0.0,0.0,0.0,0.0,0.0,0.0,0.0,0.0,0.0,0.0,0.0,0.0,0.0,0.0,0.0
2026-01-11 07:00:00,1.2855743348511732,0.0,0.0,0.27211633417630704,1.0308641677955612,0.0,0.0,0.0,0.0,1.664153502352985,0.0,0.0,0.0,0.0,0.0
2026-01-11 08:00:00,0.9869076008381025,0.6741746799884849,0.0,1.122069513044,2.3194451334467088,0.0,0.0,1.2531298204400847,0.0,0.721541410451281,0.510598613718447,1.3197583530992243,0.0,0.0,0.36948251351517614
2026-01-11 09:00:00,1.2089184199016234,0.5184027209636379,4.057442093120522,0.24934878067644445,2.9601750239656877,0.0,3.5624327026036204,0.5645766273278406,0.9206973697376061,0.721541410451281,0.510598613718447,0.5048352258830032,0.0,1.6780398328883648,0.7822890631826982
2026-01-11 10:00:00,1.7882749477464999,1.5177553537695858,3.51110763877801,0.8690804524646125,0.8542514451927377,4.164008627148426,1.7113550634889712,0.9497508690375907,0.29271378601147824,1.3342477178850596,1.237546297724517,1.1681299094338862,1.075027960250245,0.5095359839978476,0.44375139932567464
2026-01-11 11:00:00,0.6298881468739709,0.8256643937882456,4.484454620941162,1.0829295012712434,2.4287189685468316,3.6694426592620575,3.0177865055823765,0.5645766273278406,0.29271378601147824,3.246936347030764,0.510598613718447,1.585457365750837,0.4180394593492866,1.132935339720182,0.9418994179128155
2026-01-11 12:00:00,0.39739443283255554,0.4474867980318023,1.3392626789301616,0.638637967347652,2.3533118052254505,3.5475629697244506,1.5592559957682601,1.3546286818077453,0.4629724370242115,0.721541410451281,1.5415464815569628,0.5048352258830032,1.612488197318479,1.1600749171605398,1.1382443940689677
2026-01-11 13:00:00,0.39739443283255554,0.602567215034656,1.3509040928359257,0.5395854601926904,2.8087861511361387,1.6844168317049233,3.5624327026036204,0.5645766273278406,0.5225504711530627,1.527683730155,1.3354893554739844,0.5712462865563295,0.4180394593492866,0.5326559686406532,0.979980618716548
2026-01-11 14:00:00,0.39739443283255554,1.4311402143752745,2.076791417328055,0.48237537763388677,3.6155235378519603,1.0790696501932535,2.1035973192704893,0.5645766273278406,0.8007407142220174,0.721541410451281,2.1935422581835096,0.8571330749037331,0.5276828796091104,0.5095359839978476,0.593096217558007
2026-01-11 15:00:00,0.7211739975751591,0.9982767628141721,1.3392626789301616,0.9240576289507775,3.0583992810194043,1.603239806253441,1.3930147817494891,0.8709324004663057,0.4044824036662814,0.7757273267907367,0.510598613718447,0.5048352258830032,0.4180394593492866,0.6842067907722679,0.36948251351517614
2026-01-11 16:00:00,0.9480529484532909,0.4474867980318023,2.983233248531604,1.122069513044,0.8568869900349735,2.9572703519860912,2.4952993664132754,1.6858542390684068,0.29271378601147824,1.4176093712012283,1.4094650352515234,1.3415746702840297,1.1894311829138349,0.8507113694915117,0.36948251351517614
2026-01-11 17:00:00,0.9130864092017008,1.106862008288037,1.7136892216584865,1.122069513044,2.4423012623728435,2.9097071081069985,2.418319233043765,2.191153815933132,0.3493669874798617,1.5704717703938853,1.2383132514252537,0.6813954948209561,0.4180394593492866,1.513721253024234,0.7858491390329657
2026-01-11 18:00:00,1.2116974057439982,1.14887381965204,3.1033169428843004,1.032197085989862,3.4131538139278703,4.228182756422105,0.9590916549043963,1.23606593483875,0.7673539268988442,1.2446582693200987,1.156899846290713,0.9492034986457719,0.4180394593492866,1.5870417642191343,1.0125047362996205
2026-01-11 19:00:00,0.7700501014858061,0.0,0.0,1.122069513044,1.6995700640971492,4.586775043316443,3.5624327026036204,1.001065928609515,0.29271378601147824,2.0809928302280905,0.510598613718447,1.6480093859877885,0.7883544804532637,1.0931353733152342,0.36948251351517614
2026-01-11 20:00:00,1.5514572790543044,0.0,0.0,0.3221396098906518,2.799371889369697,0.0,3.5624327026036204,0.0,0.0,1.8375438534502548,0.6777252552174033,0.0,1.0580534794738345,0.6398733906958964,1.3339648030468862
2026-01-11 21:00:00,0.6194359583676007,0.0,0.0,0.0,1.4700442851108377,0.0,3.044484612555694,0.0,0.0,0.0,0.0,0.0,0.0,0.5095359839978476,1.3941056871810087
2026-01-11 22:00:00,0.0,0.0,0.0,0.0,3.844131503367319,0.0,0.0,0.0,0.0,0.0,0.0,0.0,0.0,1.1800562283337173,0.0
2026-01-11 23:00:00,0.0,0.0,0.0,0.0,0.0,0.0,0.0,0.0,0.0,0.0,0.0,0.0,0.0,0.0,0.0
2026-01-12 00:00:00,0.0,0.0,0.0,0.0,0.0,0.0,0.0,0.0,0.0,0.0,0.0,0.0,0.0,0.0,0.0
2026-01-12 01:00:00,0.0,0.0,0.0,0.0,0.0,0.0,0.0,0.0,0.0,0.0,0.0,0.0,0.0,0.0,0.0
2026-01-12 02:00:00,0.0,0.0,0.0,0.0,0.0,0.0,0.0,0.0,0.0,0.0,0.0,0.0,0.0,0.0,0.0
2026-01-12 03:00:00,0.0,0.0,0.0,0.0,0.0,0.0,0.0,0.0,0.0,0.0,0.0,0.0,0.0,0.0,0.0
2026-01-12 04:00:00,0.0,0.0,0.0,0.0,0.0,0.0,0.0,0.0,0.0,0.0,0.0,0.0,0.0,0.0,0.0
2026-01-12 05:00:00,0.0,0.0,0.0,0.0,0.0,0.0,0.0,0.0,0.0,0.0,0.0,0.0,0.0,0.0,0.0
2026-01-12 06:00:00,0.0,0.0,0.0,0.0,0.0,0.0,0.0,0.0,0.0,0.0,0.0,0.0,0.0,0.0,0.0
2026-01-12 07:00:00,0.0,0.0,0.0,1.6553792017071471,0.0,0.0,0.0,2.598348528560962,0.0,0.0,0.0,0.0,0.0,1.5372832322358296,0.0
2026-01-12 08:00:00,0.0,0.0,0.0,3.311491149344814,2.7593632586828845,0.0,0.0,0.8714229847490309,0.0,1.0981827168319467,1.2868464111008562,0.0,0.0,1.0967839383037812,0.0
2026-01-12 09:00:00,0.0,2.1442728270378666,3.072203275113592,1.0026407321134767,3.2366109109599983,2.583982346242737,3.3171580044135074,1.5020073897462207,2.2021671862525025,1.3121122193969146,2.0008726929531555,0.0,1.673802259428121,1.0967839383037812,3.822489329235707
2026-01-12 10:00:00,0.0,2.0326671629265314,1.1767170676308019,1.0026407321134767,4.399702564358932,2.6625194631817495,1.297463906562869,2.3261273480109015,4.865553957029354,2.371979227920948,5.731093003749173,2.3868237999124537,0.9587561972478379,1.0967839383037812,3.2561807022912395
2026-01-12 11:00:00,3.124173580678202,1.0391274881815333,1.1767170676308019,2.963133357868542,0.9845191457509865,4.205814026567982,1.297463906562869,0.8714229847490309,3.1312422983616353,3.396136091536109,4.368796978509374,3.6733498916285283,0.8832524307042326,1.0967839383037812,1.3804531508596407
2026-01-12 12:00:00,1.9566842969303495,2.9022510281441947,2.592806087729626,1.0092295564963598,4.198398332750354,3.2596866310259167,2.605369188324348,1.6805911446719632,1.3358628713510476,1.0329083542338295,2.8267756328497633,4.356396669062887,1.7293439676489144,2.9584067794524853,3.2199768599840906
2026-01-12 13:00:00,3.507079194004948,1.0893168367645458,1.1767170676308019,2.6193434413202388,4.43033615587944,3.4121978565515843,4.0179250582331,1.1646165404791686,1.3358628713510476,1.03320450573883,5.590137657817205,4.590791659521723,0.854012598572546,3.4849155547193083,2.380473666731733
2026-01-12 14:00:00,3.1089009053168244,1.551535400369646,3.8226475387436794,1.0026407321134767,4.361763407325058,2.2931140348291326,1.297463906562869,2.575493427169968,4.296367177115203,1.0329083542338295,1.2868464111008562,5.522957196347211,0.854012598572546,1.0967839383037812,1.3804531508596407
2026-01-12 15:00:00,2.2058055080113546,1.0391274881815333,2.934191071972911,4.310288972353581,3.052871705159542,2.6424037292736084,1.297463906562869,3.921403431370639,3.625569443722198,1.0329083542338295,1.2868464111008562,3.1335274049172415,1.2901656849290828,3.3243680887186056,3.598538305148131
2026-01-12 16:00:00,1.211589256191989,1.346081987807059,5.25671519906843,3.7949486077326133,1.5554395387785211,2.0550578805098745,2.09471887091615,1.9254333466033025,1.917907626987158,1.3139514226829943,1.8404090821622878,1.6779347902703745,2.557818353315846,1.9253212721851143,5.404994796597885
2026-01-12 17:00:00,1.211589256191989,4.6760736968169,1.8147519343543517,2.523033350807924,4.43033615587944,1.079675240157396,2.64450327155379,0.8714229847490309,1.3358628713510476,1.0329083542338295,3.1950160404676384,4.074621755897212,1.2367745739147646,1.0967839383037812,1.3804531508596407
2026-01-12 18:00:00,1.5877963109266136,3.9421825010708726,3.9409628464356117,2.559213743405462,2.5690847748364503,2.327202591747894,2.6611719942290186,1.2170816258990722,5.332532978270314,2.4370004023140237,1.2868464111008562,7.550706556216684,1.8127264888749806,1.0967839383037812,1.3804531508596407
2026-01-12 19:00:00,3.7425802561563146,0.0,0.0,2.396019882741229,1.3690043871274364,2.8803356113051635,4.315089756065613,3.921403431370639,4.6183042873428235,1.0329083542338295,1.6447793956453873,0.0,0.854012598572546,1.0967839383037812,5.75230787405958
2026-01-12 20:00:00,0.0,0.0,0.0,4.2465954792907805,2.7534097605396792,2.4525495101054346,3.4656509903873074,3.921403431370639,0.0,2.1056711224708424,2.6703342065365625,0.0,0.854012598572546,0.0,3.124944894425336
2026-01-12 21:00:00,0.0,0.0,0.0,2.8608236416023813,0.0,0.0,0.0,0.8714229847490309,0.0,0.0,0.0,0.0,0.854012598572546,0.0,0.0
2026-01-12 22:00:00,0.0,0.0,0.0,0.0,0.0,0.0,0.0,0.0,0.0,0.0,0.0,0.0,0.854012598572546,0.0,0.0
2026-01-12 23:00:00,0.0,0.0,0.0,0.0,0.0,0.0,0.0,0.0,0.0,0.0,0.0,0.0,0.0,0.0,0.0
2026-01-13 00:00:00,0.0,0.0,0.0,0.0,0.0,0.0,0.0,0.0,0.0,0.0,0.0,0.0,0.0,0.0,0.0
2026-01-13 01:00:00,0.0,0.0,0.0,0.0,0.0,0.0,0.0,0.0,0.0,0.0,0.0,0.0,0.0,0.0,0.0
2026-01-13 02:00:00,0.0,0.0,0.0,0.0,0.0,0.0,0.0,0.0,0.0,0.0,0.0,0.0,0.0,0.0,0.0
2026-01-13 03:00:00,0.0,0.0,0.0,0.0,0.0,0.0,0.0,0.0,0.0,0.0,0.0,0.0,0.0,0.0,0.0
2026-01-13 04:00:00,0.0,0.0,0.0,0.0,0.0,0.0,0.0,0.0,0.0,0.0,0.0,0.0,0.0,0.0,0.0
2026-01-13 05:00:00,0.0,0.0,0.0,0.0,0.0,0.0,0.0,0.0,0.0,0.0,0.0,0.0,0.0,0.0,0.0
2026-01-13 06:00:00,0.0,0.0,0.0,0.0,0.0,0.0,0.0,0.0,0.0,0.0,0.0,0.0,0.0,0.0,0.0
2026-01-13 07:00:00,0.0,1.0777883523051621,0.0,0.0,0.0,1.6020994059947404,0.0,0.0,0.0,0.0,0.0,0.0,0.0,0.0,0.0
2026-01-13 08:00:00,0.0,2.119233133686008,0.0,3.836089920497015,3.8071412500190718,4.45817878564896,0.0,3.840572632136054,0.0,0.0,0.0,1.1919093105996872,0.0,1.7363065588265196,0.0
2026-01-13 09:00:00,1.2793214946316112,2.9883659796815385,0.8364468608955024,4.130398517250572,1.093661366234274,1.2149996716844176,4.158705519122504,2.3800226460841754,4.676857014809024,5.3184638914783156,4.47153162701294,0.7978634892486287,1.2140421899722351,0.9084931966332986,2.2063262118447997
2026-01-13 10:00:00,2.7247434007830607,1.5496171441928677,1.4986734033731295,1.0320208893500842,3.946838974764499,4.607745743057092,0.9241567820272232,2.148803089376999,4.730921870016773,1.1818808647729588,3.998013254784986,1.2603076305044358,2.56598354072009,2.560807341222847,2.4873096966482677
2026-01-13 11:00:00,2.557945631984889,1.8331974319473507,0.8364468608955024,3.0845291846033116,1.347634288279815,3.5649387291195125,2.2442567257919044,2.996001673116726,1.9848617184118829,4.273736208925453,6.257269251737201,1.7419650281388337,2.040220782461976,1.292365117463436,3.6391621118840933
2026-01-13 12:00:00,1.2793214946316112,2.6773479288103057,0.9840490742611829,2.5414200966685545,3.7364247849041137,1.485523531849489,0.9241567820272232,2.2028566698534227,3.6379988541567174,1.5872622109687138,5.090491728776433,2.987788139316201,3.77283577703761,1.213409642448526,3.4519899155367333
2026-01-13 13:00:00,3.0810919774131467,3.2410360840817063,0.8364468608955024,1.4100626242132301,4.374248722902171,4.569885375775125,2.114155667008655,1.8183039046680598,2.789327687621748,2.0931615680506055,5.334630235360406,1.4483391689829477,2.8746051482063035,0.9084931966332986,1.3930319152582264
2026-01-13 14:00:00,3.4355806180628705,1.204220404326164,0.8364468608955024,2.486773686515066,3.6636009206432902,2.7205284329138233,3.0743773644529835,2.1128953804638653,4.142471813353591,1.1818808647729588,4.612952449158262,2.14293125407534,1.2140421899722351,0.9084931966332986,6.082979864354297
2026-01-13 15:00:00,4.347601323215605,1.620667536254067,1.7426955849968786,3.8114258075539125,1.6392120293157182,1.1306444157610647,1.7900914387241758,2.1619953442288122,1.691118406906395,3.2804153248142796,1.422801309983819,2.107550765763393,2.021884776486574,1.1705045304692727,4.728140431184756
2026-01-13 16:00:00,4.296524225880974,1.6209275265683274,1.420370683647575,1.6981409344503602,0.9720552717560379,2.516092423927589,0.9241567820272232,2.4538455510201467,1.2122350690351782,1.1818808647729588,3.8833994968157386,1.488313033703902,1.2140421899722351,1.5974896670514458,5.793010745922764
2026-01-13 17:00:00,1.2793214946316112,4.466133739860022,3.403277978868143,1.594481555367208,2.2618119428891514,3.416407824451875,1.9592005253737172,1.6489562847239112,4.314060254787606,4.303774027055046,1.422801309983819,2.530623881942028,1.2718153028063104,1.5960090912765867,5.10357282899679
2026-01-13 18:00:00,1.2793214946316112,3.253234736036095,3.6993426478378786,2.113977608412059,1.724277047540633,3.182695705703114,0.9241567820272232,3.8123342474778306,2.168347134710465,1.1818808647729588,1.422801309983819,3.331619592255576,4.456923493572285,0.9828943617854748,2.7315305191788437
2026-01-13 19:00:00,3.355689883585249,1.9817733558692,1.294429391733939,2.5444587972625574,4.27240196543745,1.5228309010436178,0.9241567820272232,3.620980489909383,4.85548828828388,2.59601597064289,1.9208210872869094,2.8050539327398964,1.2140421899722351,1.2302520041926137,1.3930319152582264
2026-01-13 20:00:00,0.0,1.0777883523051621,1.337471564965795,3.292060066633162,0.0,1.5711758201480759,1.6978332625168306,0.9533226555880875,0.0,1.1818808647729588,2.2907402454997277,0.0,1.641282483073082,1.938348237661843,0.0
2026-01-13 21:00:00,0.0,0.0,0.0,0.0,0.0,0.0,3.0561819486343467,0.0,0.0,0.0,0.0,0.0,0.0,2.5959844839400876,0.0
2026-01-13 22:00:00,0.0,0.0,0.0,0.0,0.0,0.0,0.0,0.0,0.0,0.0,0.0,0.0,0.0,0.9084931966332986,0.0
2026-01-13 23:00:00,0.0,0.0,0.0,0.0,0.0,0.0,0.0,0.0,0.0,0.0,0.0,0.0,0.0,0.0,0.0
2026-01-14 00:00:00,0.0,0.0,0.0,0.0,0.0,0.0,0.0,0.0,0.0,0.0,0.0,0.0,0.0,0.0,0.0
2026-01-14 01:00:00,0.0,0.0,0.0,0.0,0.0,0.0,0.0,0.0,0.0,0.0,0.0,0.0,0.0,0.0,0.0
2026-01-14 02:00:00,0.0,0.0,0.0,0.0,0.0,0.0,0.0,0.0,0.0,0.0,0.0,0.0,0.0,0.0,0.0
2026-01-14 03:00:00,0.0,0.0,0.0,0.0,0.0,0.0,0.0,0.0,0.0,0.0,0.0,0.0,0.0,0.0,0.0
2026-01-14 04:00:00,0.0,0.0,0.0,0.0,0.0,0.0,0.0,0.0,0.0,0.0,0.0,0.0,0.0,0.0,0.0
2026-01-14 05:00:00,0.0,0.0,0.0,0.0,0.0,0.0,0.0,0.0,0.0,0.0,0.0,0.0,0.0,0.0,0.0
2026-01-14 06:00:00,0.0,0.0,1.3451953124915799,0.0,0.0,0.0,0.0,0.0,0.0,0.0,0.0,0.0,0.0,0.0,0.0
2026-01-14 07:00:00,0.0,0.0,2.565706916598658,0.0,1.2375348189372717,0.0,0.0,0.0,0.0,0.0,0.0,0.0,0.0,0.0,0.0
2026-01-14 08:00:00,0.0,0.0,2.778822801638087,2.3759772446221956,3.656986540674358,0.0,2.042505166831169,0.0,0.0,2.6039355786735134,0.0,0.0,0.0,0.0,2.4621277219205866
2026-01-14 09:00:00,3.6925757133930874,0.0,0.9559554971690077,1.0958434582583334,1.254657092833677,1.3707939327291123,2.531184587903465,0.0,1.4333108182517127,3.2778379928595367,0.0,0.0,0.0,0.521811104472482,1.511257606188593
2026-01-14 10:00:00,3.428847776175248,0.0,1.2851573192243255,4.9312955621625,3.557075261985582,5.005284742671245,3.755254748192591,2.252828616902893,1.163744898483218,3.9027600339558135,1.373336928036337,4.812691913528546,1.9802542680961863,0.780778660672277,2.5817962414285267
2026-01-14 11:00:00,2.989295329864445,1.7354735172085256,4.301799737260534,3.6729927982464243,3.6646290129239825,4.797513267868928,2.0275937219908027,1.37506951928124,1.163744898483218,2.432828908933159,2.087944009592558,5.392879752927902,1.369759715668799,1.261077500159267,1.1990388862905852
2026-01-14 12:00:00,1.585186851696294,1.7354735172085256,0.9662151228337973,1.4316110797104002,1.3976962418619878,1.3707939327291123,2.1823288907725256,4.679514582556895,1.163744898483218,1.1975650538046443,2.222355611402425,1.5760069614781733,3.2327008223222093,1.9940666769941595,1.1990388862905852
2026-01-14 13:00:00,3.1455561259078304,7.809630827438365,2.5156208351602807,3.6363062828324706,4.829039723295655,4.333820710832287,4.2742446605841184,1.4921623718549681,1.163744898483218,2.002374744214853,4.034826312054173,2.301084432844937,2.5817885898232733,1.4237047894222679,4.166774245628014
2026-01-14 14:00:00,1.0641284133061308,6.667122949834745,0.9559554971690077,1.7563975647978176,3.937199900419063,5.696444458047553,1.1475450531539615,3.6699172868360543,3.511513466923168,2.9692570913338043,2.9105839043657653,2.674450939081391,2.7776338583533047,1.8523898997499506,1.7349115051342467
2026-01-14 15:00:00,1.6991391713116177,3.211493131920915,3.3579708295335924,3.3551572588977985,1.2375348189372717,3.444621811418326,2.910744336043924,3.9131297055976924,1.163744898483218,3.2434435383460194,4.875114346886227,2.0277976372999005,1.1947191853523267,1.106833195145697,1.9105298589362116
2026-01-14 16:00:00,1.3381188746795265,2.287706836671034,2.3731240442433013,2.155359869311906,3.9563787463790385,6.168572697281005,4.405339423224285,1.0398921294570878,3.5203409341215774,2.855209022868113,1.8527979704198358,2.0970888312629152,3.8128519986722185,0.7052087016051025,2.7744738126708532
2026-01-14 17:00:00,2.1620516298668737,4.017257801585441,2.3015310731628866,2.1627366700178943,4.477351445035388,3.9731698939349873,0.9789643162720634,1.56711392510521,1.8778076351931612,3.0175993612062766,6.180016176163516,2.8047010915575696,1.0954929889942095,0.521811104472482,1.1990388862905852
2026-01-14 18:00:00,4.78857785987759,2.8738893612016527,3.2827210200147374,3.2413124904894275,5.568906685217724,1.3707939327291123,4.405339423224285,2.2964561819901914,3.5198109475475463,1.1975650538046443,3.904461654086357,1.1984177228728672,2.1257802704411985,0.521811104472482,3.1925951269507156
2026-01-14 19:00:00,1.0641284133061308,6.7019770780842824,2.7462716009307413,0.0,4.942924922885465,1.3707939327291123,0.9789643162720634,1.0398921294570878,1.6438559771840926,3.7224047681499175,3.458806175280243,2.607534445451001,4.262640615956773,0.0,1.5917218617095372
2026-01-14 20:00:00,3.0399436941830795,0.0,0.9559554971690077,0.0,5.568906685217724,4.67099097578957,2.616671428638667,2.8170958617209663,3.88922972018679,3.531560283239824,5.417685732360021,0.0,1.320659835854434,0.0,2.285940552911216
2026-01-14 21:00:00,1.0641284133061308,0.0,0.0,0.0,4.575906894862218,3.845793289262028,2.128231158937545,1.7114755634878884,4.199754491021336,2.1253998272477452,0.0,0.0,3.812583339603761,0.0,0.0
2026-01-14 22:00:00,1.3576288667678038,0.0,0.0,0.0,0.0,5.86763869026678,0.0,0.0,0.0,0.0,0.0,0.0,0.0,0.0,0.0
2026-01-14 23:00:00,0.0,0.0,0.0,0.0,0.0,0.0,0.0,0.0,0.0,0.0,0.0,0.0,0.0,0.0,0.0
