date,Consumption_kWh_Vehicle_0,Consumption_kWh_Vehicle_1,Consumption_kWh_Vehicle_10,Consumption_kWh_Vehicle_11,Consumption_kWh_Vehicle_2,Consumption_kWh_Vehicle_3,Consumption_kWh_Vehicle_4,Consumption_kWh_Vehicle_5,Consumption_kWh_Vehicle_6,Consumption_kWh_Vehicle_7,Consumption_kWh_Vehicle_8,Consumption_kWh_Vehicle_9
2026-01-01 00:00:00,0.0,0.0,0.0,0.0,0.0,0.0,0.0,0.0,0.0,0.0,0.0,0.0
2026-01-01 01:00:00,0.0,0.0,0.0,0.0,0.0,0.0,0.0,0.0,0.0,0.0,0.0,0.0
2026-01-01 02:00:00,0.0,0.0,0.0,0.0,0.0,0.0,0.0,0.0,0.0,0.0,0.0,0.0
2026-01-01 03:00:00,0.0,0.0,0.0,0.0,0.0,0.0,0.0,0.0,0.0,0.0,0.0,0.0
2026-01-01 04:00:00,0.0,0.0,0.0,0.0,0.0,0.0,0.0,0.0,0.0,0.0,0.0,0.0
2026-01-01 05:00:00,0.0,0.0,0.0,0.0,0.0,0.0,0.0,0.0,0.0,0.0,0.0,0.0
2026-01-01 06:00:00,0.0,0.0,0.0,0.0,0.0,0.0,0.0,0.0,0.0,0.0,0.0,0.0
2026-01-01 07:00:00,0.0,0.0,3.84691064461131,0.0,0.0,2.412427247051881,0.0,0.0,0.0,0.0,0.0,0.0
2026-01-01 08:00:00,0.0,2.039957044270785,3.1305653112085627,2.243669905382406,0.0,2.2851920295309127,0.0,0.0,2.1919598394512425,0.0,6.089797045365316,0.0
2026-01-01 09:00:00,2.277803424061295,2.8983572018593904,2.3302499073317287,4.8304248914906145,1.757390471344876,3.376567364246386,1.2165503671061286,1.2639520045986425,1.2281232833394953,0.0,4.551617105079785,3.261972991823544
2026-01-01 10:00:00,2.2778353203299058,2.9957636343739797,3.2339370642409953,3.0662458485653707,3.093689533200993,3.3331998808710135,4.321653611606707,3.080373611969644,4.244001919388087,2.59645484712932,1.827727422554947,3.244531940570211
2026-01-01 11:00:00,5.800791043817251,1.1816538008885138,1.6724122260011767,2.8427055259863536,1.854448595728486,2.342235414350131,2.5639086249709497,1.2639520045986425,5.274340513925461,3.4157376784027145,2.3297371328414966,1.1714678417231967
2026-01-01 12:00:00,4.223677626999802,2.083634107587098,3.365525898082693,4.8304248914906145,3.220354370870055,0.9371981370589988,3.015304308574442,1.3597508730401144,2.728576301305675,1.1503425668412872,1.7359854100500474,4.954236107521183
2026-01-01 13:00:00,1.8206243867365215,2.7458372440842895,3.320864866610154,1.0734277536645809,3.7262752353686386,0.9371981370589988,1.2165503671061286,3.126161309942794,1.2281232833394953,4.626870734592753,3.0007594172891676,2.437576264645092
2026-01-01 14:00:00,3.786793594686363,1.1816538008885138,2.588832494409013,2.539292842181685,5.01482407076846,2.7976339568353192,3.3037609925728053,4.082422126846404,4.2805082503581815,3.666755413825917,4.783876058731468,3.8056665802741025
2026-01-01 15:00:00,1.8323912626174916,1.2894375534022429,2.5367281464934526,2.3509670322511353,1.8415484886093934,3.1163614865522877,2.491377929530294,3.7174379644650344,3.545396134331871,2.199690242729762,3.899476659141841,1.9517313669544536
2026-01-01 16:00:00,1.8278994167511047,2.9410432281624677,3.7871445891709397,4.538009859068135,1.114405349059658,2.690135949712756,3.232417886355743,3.6045413792937047,3.410197727670234,4.669282593916829,2.61593390959552,4.129760183520564
2026-01-01 17:00:00,3.202795594140376,1.1816538008885138,2.3451560649032763,2.953936755312798,1.114405349059658,1.097989449477474,3.7151336343709604,1.2639520045986425,4.894475218963411,2.7439620180843978,4.2021417183418714,2.1979031007834746
2026-01-01 18:00:00,1.4232885365796593,1.4444221855569959,2.5284098944721225,4.8304248914906145,2.4068582599844954,2.393405912341865,1.5832358531135111,2.03881340212631,5.526554775027729,3.754434518753071,2.8474009237717244,5.271605287754386
2026-01-01 19:00:00,1.4232885365796593,1.7106710963594876,2.491447972602257,4.065249995778644,3.412701437540296,4.0509525657153445,1.2165503671061286,1.5759114238539376,0.0,3.052757322489197,3.401338736659898,3.065955414335266
2026-01-01 20:00:00,1.6403080465624822,0.0,2.5067965076040575,2.1544944333532747,2.4800174428133848,0.0,4.679614995586376,3.988365851819491,0.0,1.6577861511787333,4.397651812770486,3.4115829049314508
2026-01-01 21:00:00,0.0,0.0,1.1566949708278491,0.0,1.114405349059658,0.0,2.516673653822073,1.2639520045986425,0.0,0.0,0.0,0.0
2026-01-01 22:00:00,0.0,0.0,0.0,0.0,4.42241381441097,0.0,0.0,3.3767607311022325,0.0,0.0,0.0,0.0
2026-01-01 23:00:00,0.0,0.0,0.0,0.0,0.0,0.0,0.0,0.0,0.0,0.0,0.0,0.0
2026-01-02 00:00:00,0.0,0.0,0.0,0.0,0.0,0.0,0.0,0.0,0.0,0.0,0.0,0.0
2026-01-02 01:00:00,0.0,0.0,0.0,0.0,0.0,0.0,0.0,0.0,0.0,0.0,0.0,0.0
2026-01-02 02:00:00,0.0,0.0,0.0,0.0,0.0,0.0,0.0,0.0,0.0,0.0,0.0,0.0
2026-01-02 03:00:00,0.0,0.0,0.0,0.0,0.0,0.0,0.0,0.0,0.0,0.0,0.0,0.0
2026-01-02 04:00:00,0.0,0.0,0.0,0.0,0.0,0.0,0.0,0.0,0.0,0.0,0.0,0.0
2026-01-02 05:00:00,0.0,0.0,0.0,0.0,0.0,0.0,0.0,0.0,0.0,0.0,0.0,0.0
2026-01-02 06:00:00,0.0,0.0,0.0,0.0,0.0,0.0,0.0,0.0,0.0,0.0,0.0,0.0
2026-01-02 07:00:00,3.327626693622536,0.0,0.0,0.0,0.0,0.0,0.0,2.152098162185396,4.786196743779576,2.2971238399735308,3.7962025019137093,0.0
2026-01-02 08:00:00,1.3680317614105277,0.0,6.266768805339347,0.0,4.3759148612833565,3.6880682372179416,0.0,0.7959311910809073,1.8762660070042951,1.2354464337107238,5.95244347345457,1.5848592405876567
2026-01-02 09:00:00,1.707838727932525,0.0,5.499078086631855,1.35534444911245,1.1943593980639988,2.81908400113847,0.0,1.2233330694061961,1.2905689095617883,2.320903052324923,5.95244347345457,2.502886354063944
2026-01-02 10:00:00,0.8487521610647436,1.4871072759663884,1.3926152900754103,5.692165408497373,1.1943593980639988,4.000861532781343,1.5033890546879578,0.7959311910809073,1.0635992763954614,4.275811148574289,3.718203733339748,5.372381354476276
2026-01-02 11:00:00,0.9989113402884683,3.025113914017196,3.030524466115372,3.131779751957974,3.655217764538242,1.4101867382890383,4.433364516744146,0.7959311910809073,1.0635992763954614,5.559508951698257,3.7642479611823854,1.5372033015218494
2026-01-02 12:00:00,1.7581131494918627,0.8069947329649091,1.463673136829031,5.190526690923104,1.1943593980639988,5.2226112757050105,1.3517490937354675,0.7959311910809073,1.713424524740192,3.615756301401525,3.7614512551931814,5.205983144061894
2026-01-02 13:00:00,0.8487521610647436,1.4313479872115222,5.906782178199664,3.0615726847315647,5.374617291287994,2.9904091884679267,3.2644943702575415,1.8985832285514288,2.895555296511926,3.666815890882291,1.322765216323238,3.9111428445232077
2026-01-02 14:00:00,2.0648678485401386,2.7192777678425317,6.266768805339347,5.310545520901443,1.3648564335337285,1.3843901205964055,4.464897499096768,0.9804132582918128,2.657625190248842,5.247128778350382,4.549075370067552,5.372381354476276
2026-01-02 15:00:00,0.9337361772346214,0.9442514711074543,6.266768805339347,1.35534444911245,2.2756166068944785,1.3843901205964055,2.6071936769759056,2.1098977382873723,2.259503070471463,2.7612888329092145,5.95244347345457,1.1938625232169502
2026-01-02 16:00:00,1.291663318053451,1.7428088984602073,3.083568012575276,4.709031157048653,2.6168952530869376,3.895236357720948,2.4938108035752906,2.042635918398949,1.0635992763954614,5.184283905567766,2.450696810493814,3.409638014180733
2026-01-02 17:00:00,0.9324989393659854,2.0975649308120774,3.213868042503097,3.00005408049101,2.0633758251977223,3.7045025341638693,4.262816246536863,2.3971652664460175,4.631113683209839,1.9848418781200676,3.5470101373583076,1.2169738432127926
2026-01-02 18:00:00,3.7755549271175384,3.6314762983420907,3.1665571994250206,2.0000340441605746,1.8624579586535788,4.8849394102350745,1.3517490937354675,0.7959311910809073,1.0635992763954614,2.17799024668859,3.3117169907159063,3.941214764949728
2026-01-02 19:00:00,1.613966984066995,2.3481014945935934,3.399332319576792,0.0,4.2177041428405655,1.3843901205964055,1.5347863523866714,1.2693733987136793,1.0635992763954614,2.0986202224422366,3.3784054014955234,1.1938625232169502
2026-01-02 20:00:00,0.0,0.0,0.0,0.0,2.8146513569047906,1.3843901205964055,1.3517490937354675,2.24146665719269,0.0,3.864355912889477,4.877927183982981,3.474777115969356
2026-01-02 21:00:00,0.0,0.0,0.0,0.0,0.0,3.858876141366373,0.0,1.9415623314039043,0.0,0.0,4.039350040076292,0.0
2026-01-02 22:00:00,0.0,0.0,0.0,0.0,0.0,3.1018208738809636,0.0,0.0,0.0,0.0,0.0,0.0
2026-01-02 23:00:00,0.0,0.0,0.0,0.0,0.0,0.0,0.0,0.0,0.0,0.0,0.0,0.0
2026-01-03 00:00:00,0.0,0.0,0.0,0.0,0.0,0.0,0.0,0.0,0.0,0.0,0.0,0.0
2026-01-03 01:00:00,0.0,0.0,0.0,0.0,0.0,0.0,0.0,0.0,0.0,0.0,0.0,0.0
2026-01-03 02:00:00,0.0,0.0,0.0,0.0,0.0,0.0,0.0,0.0,0.0,0.0,0.0,0.0
2026-01-03 03:00:00,0.0,0.0,0.0,0.0,0.0,0.0,0.0,0.0,0.0,0.0,0.0,0.0
2026-01-03 04:00:00,0.0,0.0,0.0,0.0,0.0,0.0,0.0,0.0,0.0,0.0,0.0,0.0
2026-01-03 05:00:00,0.0,0.0,0.0,0.0,0.0,0.0,0.0,0.0,0.0,0.0,0.0,0.0
2026-01-03 06:00:00,0.0,0.0,0.0,0.0,0.0,0.0,0.0,0.0,0.0,0.0,0.0,0.0
2026-01-03 07:00:00,0.7143048780301126,0.0,1.4860246314337062,0.0,0.0,0.0,0.0,0.0,0.0,0.0,0.0,0.0
2026-01-03 08:00:00,0.7143048780301126,1.1459141000025486,1.7097393560179996,1.2300457023488975,0.0,0.0,2.4123199386365792,2.5586088042359916,1.0886521965265452,0.8221137161648931,0.0,2.9393008597656562
2026-01-03 09:00:00,1.5634102203870361,4.126476851406602,1.6015424478174543,0.4334302566695745,1.0061037619154043,1.1394832575987737,1.2771126619676518,0.8192985818493008,2.3328959523208574,2.344282686714146,0.0,3.0079566682358942
2026-01-03 10:00:00,2.091489598499574,1.1459141000025486,0.7691748778827472,0.6944448871626705,1.7901712016134521,0.5684894442929841,0.6923930879028872,1.7035366542144619,3.3407275401576273,1.6756399011804695,1.1296923679397428,1.4249928849335807
2026-01-03 11:00:00,1.5385539227171239,1.8632895376815262,1.5058771935717736,0.4334302566695745,3.4068389875897327,1.0692249285254487,0.6923930879028872,0.8192985818493008,3.3648672868495946,3.3905253046044757,1.1277077887415665,2.5116238757491582
2026-01-03 12:00:00,1.258705265302403,2.4075297223829097,2.033263290208057,1.4876348782213675,3.0577140891461365,0.5684894442929841,1.7368508627705568,1.0639991760645413,3.5722296114780323,3.699511722742019,0.8240078548682259,2.4425506098811107
2026-01-03 13:00:00,1.0778813861938952,3.9681855554388616,1.7077410687846937,1.5631068134055637,1.28996372478569,0.5684894442929841,0.6923930879028872,2.5299030520783217,0.8986695904133891,2.448000385347689,1.1866562157010394,2.2472530066788288
2026-01-03 14:00:00,0.7143048780301126,2.6821535338876004,2.4728256251532676,1.4169471660314694,1.756441438233031,1.1934315191134413,0.6923930879028872,0.8192985818493008,0.8270069768358908,2.6664864424823373,2.105355913952078,0.9942325785639784
2026-01-03 15:00:00,0.7143048780301126,2.2530880775420186,1.9267132346486546,0.5203900605901384,1.453577668309815,2.5582024993184285,1.0778207529826005,2.3702907785535596,1.7192429452539344,0.8221137161648931,2.696925994716671,1.7414125185901963
2026-01-03 16:00:00,0.9223305145076184,5.156613450011468,0.5896474275156925,1.8187798266649984,1.0061037619154043,0.5684894442929841,1.3884261503331705,1.6988835140451843,2.8848864877961877,2.591938194323144,1.5480703438632475,1.9204113255110449
2026-01-03 17:00:00,2.4021871891247515,2.9090501309620804,0.9735392896686178,1.5884895187028016,2.2411111885192403,1.3588762438472832,0.6923930879028872,1.0529584302002613,2.1887524004424543,3.0917962606529343,0.6237598310834735,2.6280133803181345
2026-01-03 18:00:00,1.7065021866899093,4.033074615387473,1.3073035268553497,1.518555652698197,2.6493797956241494,0.6831345210723287,2.1787341093285795,0.8192985818493008,3.1421406925477235,1.857995426389596,0.6237598310834735,2.3094936498275223
2026-01-03 19:00:00,0.7143048780301126,2.9223099879949928,0.7939842278815343,0.0,2.464900008552622,0.5684894442929841,0.7416013677913966,1.0445803061509535,3.7215313957615086,2.744099513341461,1.842998707968268,1.0453046755163167
2026-01-03 20:00:00,0.0,3.125756304412141,1.2343080019177723,0.0,0.0,0.9694798279143565,0.6923930879028872,0.8192985818493008,2.1922891376546976,0.0,2.8069192398756306,0.0
2026-01-03 21:00:00,0.0,5.156613450011468,0.0,0.0,0.0,0.0,2.9864446492527836,0.0,0.0,0.0,0.6237598310834735,0.0
2026-01-03 22:00:00,0.0,0.0,0.0,0.0,0.0,0.0,0.0,0.0,0.0,0.0,1.4820604995679239,0.0
2026-01-03 23:00:00,0.0,0.0,0.0,0.0,0.0,0.0,0.0,0.0,0.0,0.0,0.0,0.0
2026-01-04 00:00:00,0.0,0.0,0.0,0.0,0.0,0.0,0.0,0.0,0.0,0.0,0.0,0.0
2026-01-04 01:00:00,0.0,0.0,0.0,0.0,0.0,0.0,0.0,0.0,0.0,0.0,0.0,0.0
2026-01-04 02:00:00,0.0,0.0,0.0,0.0,0.0,0.0,0.0,0.0,0.0,0.0,0.0,0.0
2026-01-04 03:00:00,0.0,0.0,0.0,0.0,0.0,0.0,0.0,0.0,0.0,0.0,0.0,0.0
2026-01-04 04:00:00,0.0,0.0,0.0,0.0,0.0,0.0,0.0,0.0,0.0,0.0,0.0,0.0
2026-01-04 05:00:00,0.0,0.0,0.0,0.0,0.0,0.0,0.0,0.0,0.0,0.0,0.0,0.0
2026-01-04 06:00:00,0.0,0.0,0.0,0.0,0.0,0.0,0.0,0.0,0.0,0.0,0.0,0.0
2026-01-04 07:00:00,0.0,0.0,0.0,0.0,0.0,0.8720895822994071,0.0,0.0,0.0,4.624738013068851,0.0,0.0
2026-01-04 08:00:00,0.0,0.0,1.456755269287619,1.9331282567069927,0.0,2.289102320435067,1.5933972248748254,1.2115440025868869,1.5572505567958153,3.672797085919977,0.0,4.273327136192173
2026-01-04 09:00:00,3.3220515422495605,0.7740676428802672,0.38315965487843273,1.9331282567069927,0.3720254130691805,2.300863219230239,1.1748163202319535,1.0196585419451598,3.131774828274588,3.3178752726712317,1.5919407911812082,7.2631205145687705
2026-01-04 10:00:00,3.1861498525799608,1.474010651576829,1.7242184469529471,0.5054886029408137,0.3720254130691805,0.8720895822994071,0.6825504735280307,1.0196585419451598,1.7972213948989422,4.295514450661429,1.2775483913165446,6.761601340489954
2026-01-04 11:00:00,0.9984183021480226,0.7740676428802672,1.684628660347361,0.8934333966813787,0.5546978602068496,0.8720895822994071,1.4965357271319346,2.477097086832053,0.7908706349344938,3.6483515613660975,1.4442643169872098,7.2631205145687705
2026-01-04 12:00:00,1.4955558420389858,0.8844583024293752,0.826224278726362,0.7451485205775578,0.9221332100029577,0.8720895822994071,2.7402995968522044,2.8672559349206463,1.1670967808645178,1.6106224904929198,3.867904268700872,7.146661062410034
2026-01-04 13:00:00,2.368422520422049,0.7740676428802672,1.060825181842034,0.7875769559057023,0.3720254130691805,0.9331230745595871,0.6825504735280307,1.0196585419451598,3.558917857205222,1.7894709412214038,5.748967760924451,2.065335960583835
2026-01-04 14:00:00,3.2464760195784397,0.7740676428802672,1.532862804088775,1.0346846065674464,1.6741143588113125,2.909282514823462,2.5813702253252897,2.852442646237951,3.558917857205222,1.7546189822303193,3.2948652155462965,3.1181106136232435
2026-01-04 15:00:00,1.2639248510629992,0.7740676428802672,1.1045190138710272,0.42958405704599834,0.9895844242497789,2.0868199035376485,0.9564915558189473,1.7001974670035231,3.442028749369784,4.624738013068851,3.629013095874992,2.2765857553086715
2026-01-04 16:00:00,1.6639394779703578,1.5341089630044282,0.5006408174893088,1.8566676648881972,0.3720254130691805,1.4266689845063778,0.6864752472721574,1.0196585419451598,2.2762538438563453,3.5117495749439103,2.1736710731515227,7.2631205145687705
2026-01-04 17:00:00,0.9984183021480226,0.9071941151445936,0.5621179597683665,1.4917413105805728,1.029765293221293,1.0491149524038221,0.9110503340448324,4.540751496992843,1.1145122570669497,2.3822751949755894,5.748967760924451,7.2631205145687705
2026-01-04 18:00:00,0.9984183021480226,2.4952550889867195,0.7476825011962764,1.7353088372777739,0.7945877150092253,0.8720895822994071,1.702132323750574,3.8819429194439667,0.8942631066151722,1.6313377896879657,3.350870116923149,6.18120725936986
2026-01-04 19:00:00,3.0243066301673225,0.0,0.6789492187172478,1.1511535009889766,1.3163962121103092,0.8720895822994071,2.569698578828135,2.4603083730979347,2.996604398122866,0.0,0.0,6.268865054111182
2026-01-04 20:00:00,0.0,0.0,0.38315965487843273,0.42958405704599834,0.3921820129709647,1.196956627707195,0.6825504735280307,0.0,1.854845657995997,0.0,0.0,0.0
2026-01-04 21:00:00,0.0,0.0,1.3528818163238416,1.1036319628048146,0.8680729187683062,0.8720895822994071,0.0,0.0,0.0,0.0,0.0,0.0
2026-01-04 22:00:00,0.0,0.0,0.0,0.0,0.0,1.9816390652207583,0.0,0.0,0.0,0.0,0.0,0.0
2026-01-04 23:00:00,0.0,0.0,0.0,0.0,0.0,0.0,0.0,0.0,0.0,0.0,0.0,0.0
2026-01-05 00:00:00,0.0,0.0,0.0,0.0,0.0,0.0,0.0,0.0,0.0,0.0,0.0,0.0
2026-01-05 01:00:00,0.0,0.0,0.0,0.0,0.0,0.0,0.0,0.0,0.0,0.0,0.0,0.0
2026-01-05 02:00:00,0.0,0.0,0.0,0.0,0.0,0.0,0.0,0.0,0.0,0.0,0.0,0.0
2026-01-05 03:00:00,0.0,0.0,0.0,0.0,0.0,0.0,0.0,0.0,0.0,0.0,0.0,0.0
2026-01-05 04:00:00,0.0,0.0,0.0,0.0,0.0,0.0,0.0,0.0,0.0,0.0,0.0,0.0
2026-01-05 05:00:00,0.0,0.0,0.0,0.0,0.0,0.0,0.0,0.0,0.0,0.0,0.0,0.0
2026-01-05 06:00:00,0.0,0.0,0.0,0.0,0.0,0.0,0.0,0.0,3.369380130451404,0.0,0.0,0.0
2026-01-05 07:00:00,0.0,0.0,0.0,0.0,0.0,0.0,0.0,0.0,2.6816232899346595,0.0,0.0,0.0
2026-01-05 08:00:00,0.0,0.0,0.0,0.0,2.8998029012887576,0.0,0.0,0.0,4.506062838333057,1.4478929285495044,3.255127118992653,1.2958560465554583
2026-01-05 09:00:00,0.0,0.0,7.064187297003365,3.355946365816744,2.1486558066685477,0.0,1.1296127796053044,2.4177471937982,3.7819055056915087,2.2386252586172484,4.205491847262909,4.25901271335155
2026-01-05 10:00:00,1.355860680035222,2.6261193490896075,4.325505392324547,1.6071953888378445,3.0684447473860956,1.592548588566359,2.334042607498017,1.9399360505640275,1.0567215998431847,3.4667270949848223,4.721394697804797,1.2958560465554583
2026-01-05 11:00:00,3.148036413320394,4.045854249479196,3.865441411739706,1.454857244352577,1.6959088214390325,3.3035806244588017,5.083257508223871,4.42743143698237,2.656286893310202,2.715818716374901,3.708286476236415,3.2630291233636455
2026-01-05 12:00:00,5.243133478485503,4.348220867824379,4.040984831880456,2.290595819930888,0.9514221680938073,1.592548588566359,1.4710115426827823,1.8364279614966084,1.456179097941201,1.9385416219647562,4.281611414324105,3.174473386015412
2026-01-05 13:00:00,2.4407536231796083,3.005261186908414,3.3673452260271004,1.4422633559540714,1.2500268795587748,1.592548588566359,2.2930048924386175,3.0877473986967767,2.9820061323729106,1.602935373674807,4.501159463059007,3.5383253736076115
2026-01-05 14:00:00,5.2905093872421505,4.406769878818863,6.464376685556042,2.244182183107502,2.121511649905429,6.7724913596400835,2.871797578974316,1.0369562942768913,3.2876569239004967,1.2151930125230377,1.330029386686855,5.542140222055114
2026-01-05 15:00:00,1.3044502917529919,4.958540840733057,6.8205581079978845,5.015336294059462,0.9514221680938073,1.5975537167182112,1.8401382165682887,1.0369562942768913,1.666734532967584,1.6878013124373756,5.660085934611597,3.2377368899283785
2026-01-05 16:00:00,3.968003322783563,7.520445301286989,6.355902488760775,2.3276714770501132,1.1769202708440454,3.8128430466095216,3.1004681603839073,3.0438134095837754,2.3534052780434713,3.461246154539127,2.208681987336638,2.7713016038312985
2026-01-05 17:00:00,2.6595383630744958,5.091843256358996,3.4399217355059664,3.4095873902665184,2.6764750244937057,1.9273716243558716,1.1296127796053044,2.8654446404088145,3.329454435265013,3.304197559241036,3.675381549233572,2.603369598845268
2026-01-05 18:00:00,1.9721396522879606,7.637613614936079,1.7808921003000895,3.3565931840412753,0.9514221680938073,5.821904457397043,3.5876661518322965,1.0369562942768913,3.4528327572758277,2.637486482890629,2.4734982600347406,3.7108143453100917
2026-01-05 19:00:00,2.6679314725679357,0.0,6.8568174377932625,2.9523443404968717,2.443121469213379,3.2277551514370297,3.76658951209158,3.9816560708049247,2.94281377098327,1.1608970449713665,3.0605635444920503,2.565821588513001
2026-01-05 20:00:00,1.3044502917529919,0.0,5.104572512062693,0.0,2.6574111803498144,3.2001402870533697,1.1296127796053044,1.0369562942768913,2.667669338728188,0.770383798885516,1.887066693217302,2.7619857491651323
2026-01-05 21:00:00,2.113402365750627,0.0,2.5568573419403893,0.0,0.0,0.0,0.0,0.0,3.2729055618063105,2.949549669325487,5.075463114869203,2.0522630891275573
2026-01-05 22:00:00,0.0,0.0,0.0,0.0,0.0,0.0,0.0,0.0,2.7740296979760886,2.5288532419331204,0.0,0.0
2026-01-05 23:00:00,0.0,0.0,0.0,0.0,0.0,0.0,0.0,0.0,0.0,0.0,0.0,0.0
2026-01-06 00:00:00,0.0,0.0,0.0,0.0,0.0,0.0,0.0,0.0,0.0,0.0,0.0,0.0
2026-01-06 01:00:00,0.0,0.0,0.0,0.0,0.0,0.0,0.0,0.0,0.0,0.0,0.0,0.0
2026-01-06 02:00:00,0.0,0.0,0.0,0.0,0.0,0.0,0.0,0.0,0.0,0.0,0.0,0.0
2026-01-06 03:00:00,0.0,0.0,0.0,0.0,0.0,0.0,0.0,0.0,0.0,0.0,0.0,0.0
2026-01-06 04:00:00,0.0,0.0,0.0,0.0,0.0,0.0,0.0,0.0,0.0,0.0,0.0,0.0
2026-01-06 05:00:00,0.0,0.0,0.0,0.0,0.0,0.0,0.0,0.0,0.0,0.0,0.0,0.0
2026-01-06 06:00:00,0.0,0.0,0.0,0.0,0.0,0.0,0.0,2.730857258303567,0.0,0.0,0.0,0.0
2026-01-06 07:00:00,0.0,0.0,3.413481455514109,0.0,0.0,0.0,0.0,1.007630083414036,0.0,0.0,0.0,0.0
2026-01-06 08:00:00,0.0,0.0,1.5912935795575172,1.6913201360783199,0.0,0.0,0.0,1.007630083414036,0.0,3.5527552270691163,0.0,0.0
2026-01-06 09:00:00,1.359534081172543,0.0,4.269388797945431,4.102254224487669,4.649357096777117,2.970805746588485,8.027790025369946,4.166237078348948,3.3874699165445006,4.694235906247139,0.0,4.20712309045402
2026-01-06 10:00:00,3.488843044627803,2.2181642008684936,4.0549026553882275,4.338148515172103,3.8364455619409727,2.2052976158654785,1.8020561798104298,2.035620932855688,1.450689280157568,4.409436688702045,4.577429792497684,3.7884555407196108
2026-01-06 11:00:00,2.607388594084199,1.1126745359541796,1.2455859990994826,6.173730682394357,7.958432510090715,3.769974553316535,1.8020561798104298,1.7108031598824487,4.589546747322855,4.868632622099886,5.720233145244203,4.015102906059641
2026-01-06 12:00:00,1.3174587930817254,1.6868659760601645,0.9487530662100958,4.062066441855739,2.033526398865862,1.1333401628802764,5.984315937928819,1.8808616384009653,2.5206245170091086,5.161604144445568,5.577458741391004,3.9335649526738874
2026-01-06 13:00:00,2.8846279276513713,2.6162889183247793,3.0938721279927313,5.1872284763690155,1.7685405577979367,1.1333401628802764,4.494443076402649,1.6129898476260958,2.905082761037431,3.908923473484317,2.8051670848781938,5.767350505760678
2026-01-06 14:00:00,2.259294602919992,2.2655759193249296,3.412940253017774,7.605549546707362,4.365873925943645,1.3265037580544603,7.335668352417127,3.306942899676323,4.779326993787543,1.7105388848781335,4.012504775127895,5.111649112858858
2026-01-06 15:00:00,3.5688414876085024,1.3997777638586693,3.238192388465872,4.924291296656302,1.7779521159706122,1.1333401628802764,1.8020561798104298,1.3329694572508222,2.0814134230827346,3.8976203858291187,1.5950470686895355,3.070862084173537
2026-01-06 16:00:00,1.100746725684924,1.1126745359541796,2.1249713817685736,6.270588713982476,1.7685405577979367,1.1333401628802764,4.9990765260680625,3.158640430883319,1.0871809429647377,4.745991041359828,3.6363812351604086,6.1543378024318836
2026-01-06 17:00:00,1.6211150205422555,1.1126745359541796,2.293889804374386,3.2804109792920193,1.7685405577979367,1.9108971979693996,1.8020561798104298,2.736705715987461,1.5917448693635938,4.676516918680656,7.177711809102909,3.2862709815294933
2026-01-06 18:00:00,1.5242836531692452,1.2473231822839763,2.7896991100816058,4.295792254059149,3.231840302936858,5.100030732961244,4.571138144936207,2.6831062879025014,2.6269648659202627,4.9178514381655685,5.68819682837156,4.0201080296511975
2026-01-06 19:00:00,1.100746725684924,2.287997775073791,1.4358767212731565,4.985945604205759,7.958432510090715,2.318057866818715,0.0,2.3835221710953385,3.33376391987794,3.8297047832507745,6.785295352661528,1.7550271889716849
2026-01-06 20:00:00,2.558360138969325,5.007035411793809,1.827376759407721,0.0,0.0,2.374031986217034,0.0,1.007630083414036,4.892314243341319,0.0,5.444924480783556,0.0
2026-01-06 21:00:00,0.0,0.0,0.0,0.0,0.0,0.0,0.0,1.007630083414036,0.0,0.0,2.849646345488214,0.0
2026-01-06 22:00:00,0.0,0.0,0.0,0.0,0.0,0.0,0.0,0.0,0.0,0.0,0.0,0.0
2026-01-06 23:00:00,0.0,0.0,0.0,0.0,0.0,0.0,0.0,0.0,0.0,0.0,0.0,0.0
2026-01-07 00:00:00,0.0,0.0,0.0,0.0,0.0,0.0,0.0,0.0,0.0,0.0,0.0,0.0
2026-01-07 01:00:00,0.0,0.0,0.0,0.0,0.0,0.0,0.0,0.0,0.0,0.0,0.0,0.0
2026-01-07 02:00:00,0.0,0.0,0.0,0.0,0.0,0.0,0.0,0.0,0.0,0.0,0.0,0.0
2026-01-07 03:00:00,0.0,0.0,0.0,0.0,0.0,0.0,0.0,0.0,0.0,0.0,0.0,0.0
2026-01-07 04:00:00,0.0,0.0,0.0,0.0,0.0,0.0,0.0,0.0,0.0,0.0,0.0,0.0
2026-01-07 05:00:00,0.0,0.0,0.0,0.0,0.0,0.0,0.0,0.0,0.0,0.0,0.0,0.0
2026-01-07 06:00:00,0.0,0.0,0.0,0.0,0.0,0.0,0.0,0.0,0.0,0.0,0.0,0.0
2026-01-07 07:00:00,0.0,0.0,0.0,0.0,0.0,0.0,0.0,1.8728796352254766,0.0,1.2111116075114616,0.0,0.0
2026-01-07 08:00:00,0.0,0.0,3.747939386382191,0.0,0.0,0.0,0.0,0.8829788910277979,4.839442811969122,1.2111116075114616,0.0,0.0
2026-01-07 09:00:00,1.2868052698205297,4.9646221506383394,2.0185942239787513,0.0,1.9335907740963398,3.85820399995482,3.887099666779444,0.8829788910277979,1.1619552976394745,3.9130446863108532,2.082830159459267,0.0
2026-01-07 10:00:00,1.3885162765094672,5.784721631738266,5.352571741238237,2.1594162224520645,1.8846218932042396,5.352971387869328,3.486481476942956,1.853351276021466,3.9701933098509103,3.024477369422858,1.7461488768047442,2.205061390485414
2026-01-07 11:00:00,0.9561502262115212,4.4415502082195335,1.6837457097355704,1.5874908288085636,2.395172617599213,4.427437366475264,1.3106115871785369,0.8829788910277979,2.7377023364684017,1.7012506064586885,2.8818029833633987,1.9787360388172994
2026-01-07 12:00:00,1.6253071846936185,7.84565852393276,7.5768556938100655,1.3284426295416831,1.3863323286290847,2.1911617571249633,3.5072816375266145,0.8829788910277979,1.1619552976394745,5.0590527550041,3.8585545481731316,1.9787360388172994
2026-01-07 13:00:00,2.3631534135929266,3.550496461002523,3.614240980465619,5.977991832937573,1.3863323286290847,5.273504178781113,2.2686066353123495,1.8180058687874638,2.2385186993884707,5.450002233801577,3.4107277469685866,6.261612731446083
2026-01-07 14:00:00,4.297554643229144,1.7654565968085036,4.755149992551561,4.543211514528741,5.401842165063739,3.362248914944524,5.597278977041498,1.097972049991764,3.72061173528859,1.6478847926149762,4.379020747852432,8.324342369112543
2026-01-07 15:00:00,2.0636578041159925,2.619586786567898,6.064184141527015,1.3284426295416831,3.26389019818008,4.463620505163079,4.43749826625008,3.686354754120651,2.949999838621711,3.4324730415053213,3.7191974798361085,3.6288052871607546
2026-01-07 16:00:00,2.1719490541644673,5.626746885997255,1.6837457097355704,3.120609804326444,4.682205394742769,6.442188798409351,2.2225146996079808,2.35985449806165,1.1619552976394745,1.5772765434643476,1.5448310953443873,4.711024850045393
2026-01-07 17:00:00,1.7386457152176507,1.8904881600882983,1.6837457097355704,5.977991832937573,3.3069062433240104,3.0825664756583397,1.3106115871785369,0.8829788910277979,1.1619552976394745,4.140204844777912,2.4138957543585073,5.220919330958713
2026-01-07 18:00:00,0.9561502262115212,3.0013161763840466,5.915065558142277,1.3284426295416831,1.3863323286290847,1.4315975107576338,1.4437911097288396,0.8829788910277979,1.1619552976394745,1.2111116075114616,2.0826707624186507,4.734379442177103
2026-01-07 19:00:00,1.8012039807945008,0.0,2.0613132060325587,5.682920193771893,5.152882354023405,2.0663930750996755,1.9490616655504176,0.8829788910277979,3.4614757733229493,1.762248439321493,1.7848106838933098,0.0
2026-01-07 20:00:00,1.9144175952198568,0.0,0.0,3.427125426137746,3.0742756418835215,2.0322610241804564,1.3106115871785369,1.082656004527953,3.389843438905898,0.0,2.6667991865442433,0.0
2026-01-07 21:00:00,0.0,0.0,0.0,5.04336164766857,0.0,0.0,3.674668551368626,1.3178187050913754,2.951081913266406,0.0,2.4443707200626648,0.0
2026-01-07 22:00:00,0.0,0.0,0.0,0.0,0.0,0.0,0.0,0.0,0.0,0.0,0.0,0.0
2026-01-07 23:00:00,0.0,0.0,0.0,0.0,0.0,0.0,0.0,0.0,0.0,0.0,0.0,0.0
2026-01-08 00:00:00,0.0,0.0,0.0,0.0,0.0,0.0,0.0,0.0,0.0,0.0,0.0,0.0
2026-01-08 01:00:00,0.0,0.0,0.0,0.0,0.0,0.0,0.0,0.0,0.0,0.0,0.0,0.0
2026-01-08 02:00:00,0.0,0.0,0.0,0.0,0.0,0.0,0.0,0.0,0.0,0.0,0.0,0.0
2026-01-08 03:00:00,0.0,0.0,0.0,0.0,0.0,0.0,0.0,0.0,0.0,0.0,0.0,0.0
2026-01-08 04:00:00,0.0,0.0,0.0,0.0,0.0,0.0,0.0,0.0,0.0,0.0,0.0,0.0
2026-01-08 05:00:00,0.0,0.0,0.0,0.0,0.0,0.0,0.0,0.0,0.0,0.0,0.0,0.0
2026-01-08 06:00:00,0.0,0.0,0.0,0.0,0.0,0.0,0.0,0.0,0.0,0.0,0.0,0.0
2026-01-08 07:00:00,0.0,0.0,0.0,0.0,0.0,0.0,1.2139373909401874,0.0,0.0,0.0,0.0,1.432603956208703
2026-01-08 08:00:00,0.0,1.0018524226620367,1.4295832633251644,2.1530615929910355,0.9665378349760402,0.0,2.9727891241008937,4.495821553928669,3.7793791528223157,3.838527554664386,0.0,3.6735239702210167
2026-01-08 09:00:00,0.0,1.0018524226620367,1.8594187441975456,0.9429637576258579,2.2477081801533494,2.9971217312844844,4.4201750157710515,4.14073431313575,1.22643952634186,5.668193103268175,1.6767869801263315,2.9255736593680006
2026-01-08 10:00:00,0.0,3.2313032857613337,2.813117028723551,1.416729739217752,1.074283108356701,0.9745169398730744,4.7179830781036145,4.345125212780744,3.5435266976136397,4.871078689890485,4.430817510374646,1.8781548301693813
2026-01-08 11:00:00,1.3912589846864971,4.3032666913050415,4.228837398731832,3.4491817623491228,2.283769131295369,2.357652940144788,5.073156139283641,4.856315880558308,1.22643952634186,4.422265756546954,1.6252653757270186,0.8163386600491149
2026-01-08 12:00:00,4.8415160748353445,1.0018524226620367,2.087017500614915,2.3264725407702165,3.170583595041857,1.1652637932065146,1.1273680309519203,2.6317585647963115,4.1550340723127395,5.581004677090948,1.7949510460142668,2.510062547827891
2026-01-08 13:00:00,4.099189597683049,1.0018524226620367,1.6306074654106162,0.7757787305155202,2.53003488096154,1.3865169571758142,1.1273680309519203,5.141455646765294,1.22643952634186,5.433197775720511,4.430817510374646,1.9308616105663179
2026-01-08 14:00:00,4.173441114872425,1.184155913270956,3.8085455312113408,3.491004287319841,2.9551805708071686,0.9745169398730744,1.4352165012549938,4.163569211800058,2.5123973890745104,1.8838331915775877,2.8706053803597142,1.0869382372090937
2026-01-08 15:00:00,1.3912589846864971,2.9352418421949737,1.9107680270938328,1.6192731133407872,1.8593717656882218,0.9745169398730744,1.2953224015426439,2.83349759916897,3.6068100206192475,2.597738841806438,2.3356956557132182,0.8163386600491149
2026-01-08 16:00:00,5.335219758251314,3.551064388996585,3.4627413560216476,3.491004287319841,1.030337760548459,3.53754728589548,1.5495634689921232,1.564466165057196,5.264652450109751,3.9149118745120277,2.6665650171909263,2.0922596581175057
2026-01-08 17:00:00,1.3912589846864971,1.3802504001607045,3.187903911729996,1.919304462571413,0.9869241669857036,0.9745169398730744,2.294929518248735,1.5941325817657284,2.7996942770986193,2.528841290421992,0.984626113416588,1.2044468947043299
2026-01-08 18:00:00,3.785699079708678,1.0018524226620367,3.376351639351967,3.2200971551301203,2.889344130301692,0.9745169398730744,3.0448135966318635,2.252740478380942,4.32024723985199,3.8689356733887457,2.8061807164133956,2.5657383637755253
2026-01-08 19:00:00,6.260665431089237,1.0018524226620367,4.395111067663229,1.6437389229992636,1.1455589593302058,2.2992385566500744,5.073156139283641,1.2497482550080583,4.266450078542751,1.327350062105066,4.430817510374646,1.358433312237502
2026-01-08 20:00:00,1.3912589846864971,1.7324144903989172,4.603331349497373,1.7599588154715295,3.9626888626648493,0.9745169398730744,2.4198884427005676,1.8726712512291719,0.0,1.259598467392928,0.0,1.510628545293978
2026-01-08 21:00:00,0.0,1.0018524226620367,0.0,0.7757787305155202,2.2510889093358917,1.6417105767152216,2.6493366424559355,4.644130152786494,0.0,4.430989885267666,0.0,0.0
2026-01-08 22:00:00,0.0,0.0,0.0,0.0,2.1705861214033657,0.0,0.0,0.0,0.0,0.0,0.0,0.0
2026-01-08 23:00:00,0.0,0.0,0.0,0.0,0.0,0.0,0.0,0.0,0.0,0.0,0.0,0.0
2026-01-09 00:00:00,0.0,0.0,0.0,0.0,0.0,0.0,0.0,0.0,0.0,0.0,0.0,0.0
2026-01-09 01:00:00,0.0,0.0,0.0,0.0,0.0,0.0,0.0,0.0,0.0,0.0,0.0,0.0
2026-01-09 02:00:00,0.0,0.0,0.0,0.0,0.0,0.0,0.0,0.0,0.0,0.0,0.0,0.0
2026-01-09 03:00:00,0.0,0.0,0.0,0.0,0.0,0.0,0.0,0.0,0.0,0.0,0.0,0.0
2026-01-09 04:00:00,0.0,0.0,0.0,0.0,0.0,0.0,0.0,0.0,0.0,0.0,0.0,0.0
2026-01-09 05:00:00,0.0,0.0,0.0,0.0,0.0,0.0,0.0,0.0,0.0,0.0,0.0,0.0
2026-01-09 06:00:00,0.0,0.0,0.0,0.0,0.0,0.0,0.0,0.0,0.0,0.0,0.0,0.0
2026-01-09 07:00:00,0.0,2.238749046992341,0.0,0.0,0.0,0.0,0.8733196096313638,0.0,0.0,3.9201018212754573,0.0,0.0
2026-01-09 08:00:00,1.5817488082541822,3.4886048840797534,2.686778093241246,0.0,0.0,0.0,1.8708311854783122,1.0364511116363737,0.0,1.9397766714777847,0.0,0.0
2026-01-09 09:00:00,0.785537282913722,2.9689327772236056,1.3378662020910717,0.0,3.508112579854269,0.0,2.743460253974237,1.0364511116363737,4.317957646497222,4.190377475275971,0.0,2.2301371149769786
2026-01-09 10:00:00,2.0160450409409405,5.516469754700671,1.5280542426841037,1.7447495792951153,1.0419324012941997,3.5434862906854154,3.806462293526383,3.81687784450022,6.079761998479547,4.35341310181609,2.3911380284665293,2.174842079305504
2026-01-09 11:00:00,0.785537282913722,2.4181503487540765,2.744137185490584,2.0773039669761366,1.0419324012941997,2.5263401012498075,2.5776784515610607,1.2616279423269234,2.8471300132804482,5.89076718365875,1.4945388715060361,2.8937421804601793
2026-01-09 12:00:00,3.1701617547486913,3.5174349927618667,2.702809553809867,0.6336727535737938,4.688695805823898,6.50667565689758,0.8733196096313638,4.225671193899365,4.512610767872253,3.551234481770259,1.0295030769248412,2.989914658229702
2026-01-09 13:00:00,0.785537282913722,2.824379397541263,1.3820509300060522,2.361487828845831,1.0419324012941997,3.608160667592,0.8733196096313638,1.0364511116363737,4.054453234756274,3.2768616685381753,3.845007901948728,3.7129969049342937
2026-01-09 14:00:00,1.1628984199675492,3.2562188333139277,1.989546283006599,1.3106469654712036,1.0419324012941997,8.285257128344353,1.0586678455019216,4.664030002363682,1.4332248419340672,6.090744746995087,1.013749047939663,3.9588827425187914
2026-01-09 15:00:00,2.380532245886126,3.037005857535338,1.4724761097205796,2.2361163694086605,1.666854743181014,1.9827660094323165,2.6841197302883453,2.244198924013543,5.947917540947163,5.590756195263922,2.425589014712198,3.172122079004002
2026-01-09 16:00:00,0.785537282913722,5.38586828237489,1.2638966402944398,2.628435150143638,3.449566369028724,4.912535548994021,2.3634205776646877,1.0364511116363737,4.467557857203684,2.806447988195682,0.8544462004330508,3.252457687141672
2026-01-09 17:00:00,1.7521274067302484,1.281454584140066,2.480799073101124,2.2977019479895646,1.0419324012941997,4.104481546008368,2.3644950382071244,1.0364511116363737,4.105122984732343,1.353498832665575,1.808379781591235,5.154865610715336
2026-01-09 18:00:00,2.909826369940197,1.281454584140066,1.1880152289031416,1.753389825816302,1.1913619090813004,1.9827660094323165,0.8733196096313638,3.6249126228998367,2.011999176648183,5.424880501555284,1.7318426191805263,4.252736581717251
2026-01-09 19:00:00,0.785537282913722,5.19337578757551,2.0466856189159306,2.7816818257550042,1.0419324012941997,0.0,0.8733196096313638,1.0364511116363737,2.4805555472723477,4.4611675984668535,1.3419704934300067,3.9991056990379383
2026-01-09 20:00:00,0.0,0.0,0.0,2.585001379491637,1.0419324012941997,0.0,2.4512077548223887,3.109166215769098,0.0,4.481415986951261,2.7462640712956468,0.0
2026-01-09 21:00:00,0.0,0.0,0.0,2.8515273910820724,2.0162252797385984,0.0,0.0,0.0,0.0,0.0,0.0,0.0
2026-01-09 22:00:00,0.0,0.0,0.0,0.0,0.0,0.0,0.0,0.0,0.0,0.0,0.0,0.0
2026-01-09 23:00:00,0.0,0.0,0.0,0.0,0.0,0.0,0.0,0.0,0.0,0.0,0.0,0.0
2026-01-10 00:00:00,0.0,0.0,0.0,0.0,0.0,0.0,0.0,0.0,0.0,0.0,0.0,0.0
2026-01-10 01:00:00,0.0,0.0,0.0,0.0,0.0,0.0,0.0,0.0,0.0,0.0,0.0,0.0
2026-01-10 02:00:00,0.0,0.0,0.0,0.0,0.0,0.0,0.0,0.0,0.0,0.0,0.0,0.0
2026-01-10 03:00:00,0.0,0.0,0.0,0.0,0.0,0.0,0.0,0.0,0.0,0.0,0.0,0.0
2026-01-10 04:00:00,0.0,0.0,0.0,0.0,0.0,0.0,0.0,0.0,0.0,0.0,0.0,0.0
2026-01-10 05:00:00,0.0,0.0,0.0,0.0,0.0,0.0,0.0,0.0,0.0,0.0,0.0,0.0
2026-01-10 06:00:00,0.0,0.0,0.0,0.0,0.0,0.0,0.0,0.0,0.0,2.2468411568375855,0.0,0.0
2026-01-10 07:00:00,0.0,2.2193195598946547,0.0,0.0,0.0,0.0,0.0,0.0,1.6319974076380075,0.7589526603882885,0.0,1.0126395659311225
2026-01-10 08:00:00,0.0,1.5800997746650702,2.66752747293359,1.9490212040486115,0.0,1.0812200097785782,0.0,0.0,0.9855012964749723,2.188391812209466,2.090172361917894,1.2648979135774834
2026-01-10 09:00:00,0.39852058640883714,2.3584305177529092,2.9010701689891714,2.0402582713397566,1.40085919373966,0.4686544947797679,0.3701296344083604,0.6038026361748839,3.2123935287608893,2.4044776736703724,1.7408006445454542,0.43750210499951425
2026-01-10 10:00:00,1.0490856121680492,0.8206403713135403,2.963384274350866,2.18375844550988,3.0614967439805048,1.5394872359660676,1.250582694295493,1.5852073609013775,1.4240109759029664,1.1054628026245041,1.8878709253145158,1.675552948209641
2026-01-10 11:00:00,0.9267134267742274,3.1666636718585925,1.634524168410417,2.9642484623965437,3.788259286914626,0.917228474237514,0.45361258951417605,0.6038026361748839,2.4846716602023577,3.0047072573333353,1.401098988470385,0.8160494597073445
2026-01-10 12:00:00,0.9014227770440638,1.8229267311102955,1.4055845915602665,3.7750948975073175,1.0232967901987429,1.3404377689492535,0.6672409974361682,1.4647082388520998,3.5668371839244446,2.7752974108969517,2.303820612710983,1.9687594724978141
2026-01-10 13:00:00,0.9536206309312883,3.6130517668672013,3.1800942439649846,0.8879502415169049,2.2684887147167414,0.5286997089606111,0.6932650301401315,1.1020437285633635,3.4267712554218024,1.925221238322745,1.3411776506940145,1.47592210584661
2026-01-10 14:00:00,0.39852058640883714,2.173309658057881,2.2972992899197315,2.8313335341492114,0.8992379385552621,0.8655991264794536,0.8709251411212516,0.6038026361748839,1.43828958677112,3.235586536231149,0.9453419648848791,0.753047512146682
2026-01-10 15:00:00,0.8915010315428925,1.2152774749728565,0.8477753010364146,1.6087565450329295,0.8992379385552621,0.569042091683886,1.2904606379476797,1.8148273258322187,3.827754023333716,2.3992141531814117,0.8008626501674637,1.779015407305179
2026-01-10 16:00:00,0.9245852659047827,0.8206403713135403,0.7177968555913656,0.8879502415169049,2.238011845738111,1.337187514182202,0.3701296344083604,0.6038026361748839,4.280165404756769,3.2912622589569276,0.6410649959152257,0.7275300647729033
2026-01-10 17:00:00,0.39852058640883714,0.8206403713135403,0.7225278825894047,1.9823456953822365,1.18234744245004,0.4686544947797679,1.0061208984570649,0.6038026361748839,1.837331457234847,2.127149562561153,1.232561547873569,0.9267518842961303
2026-01-10 18:00:00,1.7801046647781826,0.8206403713135403,1.278618420791261,0.8879502415169049,1.1713062669086989,0.7058548205848431,0.3701296344083604,0.6038026361748839,1.7022773976894048,2.318099800602522,1.3270878208413608,0.9502797461904926
2026-01-10 19:00:00,1.0229154427346208,2.2137708948671806,1.8115981582846474,0.0,2.3164856122685373,1.4457082264186263,0.5714177422068901,1.153832671383934,4.430665884144471,2.308213178618782,2.303820612710983,1.8959453952192271
2026-01-10 20:00:00,0.39852058640883714,0.0,0.0,0.0,0.8992379385552621,1.3530410379632212,0.0,2.3843081888648263,0.0,0.7817223872715496,0.0,0.43750210499951425
2026-01-10 21:00:00,1.1223119521559402,0.0,0.0,0.0,0.0,0.0,0.0,0.9884349492089001,0.0,0.0,0.0,1.1441146283218058
2026-01-10 22:00:00,0.0,0.0,0.0,0.0,0.0,0.0,0.0,0.0,0.0,0.0,0.0,0.43750210499951425
2026-01-10 23:00:00,0.0,0.0,0.0,0.0,0.0,0.0,0.0,0.0,0.0,0.0,0.0,0.0
2026-01-11 00:00:00,0.0,0.0,0.0,0.0,0.0,0.0,0.0,0.0,0.0,0.0,0.0,0.0
2026-01-11 01:00:00,0.0,0.0,0.0,0.0,0.0,0.0,0.0,0.0,0.0,0.0,0.0,0.0
2026-01-11 02:00:00,0.0,0.0,0.0,0.0,0.0,0.0,0.0,0.0,0.0,0.0,0.0,0.0
2026-01-11 03:00:00,0.0,0.0,0.0,0.0,0.0,0.0,0.0,0.0,0.0,0.0,0.0,0.0
2026-01-11 04:00:00,0.0,0.0,0.0,0.0,0.0,0.0,0.0,0.0,0.0,0.0,0.0,0.0
2026-01-11 05:00:00,0.0,0.0,0.0,0.0,0.0,0.0,0.0,0.0,0.0,0.0,0.0,0.0
2026-01-11 06:00:00,0.0,0.0,0.0,0.0,0.0,0.0,0.0,0.0,0.0,0.0,0.0,0.0
2026-01-11 07:00:00,1.2855743348511732,0.0,0.0,0.27211633417630704,0.0,0.0,1.664153502352985,0.0,0.0,0.0,0.0,0.0
2026-01-11 08:00:00,0.9869076008381025,0.6741746799884849,0.0,1.122069513044,1.2531298204400847,0.0,0.721541410451281,0.510598613718447,1.7084814770291366,0.0,0.0,0.36948251351517614
2026-01-11 09:00:00,1.2089184199016234,0.5184027209636379,5.088674355896745,0.24934878067644445,0.5645766273278406,0.9206973697376061,0.721541410451281,0.510598613718447,0.6892076552864125,0.0,2.070382540566707,1.066790598589384
2026-01-11 10:00:00,1.7882749477464999,1.5177553537695858,4.542339901554235,0.8690804524646125,0.9497508690375907,0.29271378601147824,1.3342477178850596,1.237546297724517,1.5568530333637987,1.3969183439491957,0.8830016921436348,0.7282529347323603
2026-01-11 11:00:00,0.6298881468739709,0.8256643937882456,5.515686883717388,1.0829295012712434,0.5645766273278406,0.29271378601147824,3.246936347030764,0.510598613718447,1.97418048968075,0.6831723345576849,1.5252780473985248,1.226400953319501
2026-01-11 12:00:00,0.39739443283255554,0.4474867980318023,1.3392626789301616,0.638637967347652,1.3546286818077453,0.4629724370242115,0.721541410451281,1.5415464815569628,0.6469800829850426,1.8811775670717896,1.5524176248388826,1.4227459294756533
2026-01-11 13:00:00,0.39739443283255554,0.602567215034656,2.3821363556121504,0.5395854601926904,0.5645766273278406,0.5225504711530627,1.527683730155,1.3354893554739844,0.959969410486242,0.4180394593492866,0.9249986763189958,1.2644821541232336
2026-01-11 14:00:00,0.39739443283255554,1.4311402143752745,3.1080236801042793,0.48237537763388677,0.5645766273278406,0.8007407142220174,0.721541410451281,2.1935422581835096,1.2458561988336456,0.8495732633080612,0.8755766954502183,0.8775977529646928
2026-01-11 15:00:00,0.7211739975751591,0.9982767628141721,1.3392626789301616,0.9240576289507775,0.8709324004663057,0.4044824036662814,0.7757273267907367,0.510598613718447,0.5048352258830032,0.5760430871364708,1.0765494984506105,0.36948251351517614
2026-01-11 16:00:00,0.9480529484532909,0.4474867980318023,4.0144655113078285,1.122069513044,1.6858542390684068,0.29271378601147824,1.4176093712012283,1.4094650352515234,1.7302977942139421,1.5113215666127857,1.2430540771698544,0.39668545914149905
2026-01-11 17:00:00,0.9130864092017008,1.106862008288037,2.7449214844347107,1.122069513044,2.191153815933132,0.3493669874798617,1.5704717703938853,1.2383132514252537,1.0701186187508684,0.6629357790924386,1.9060639607025769,1.0703506744396514
2026-01-11 18:00:00,1.2116974057439982,1.14887381965204,4.134549205660524,1.032197085989862,1.23606593483875,0.7673539268988442,1.2446582693200987,1.156899846290713,1.3379266225756843,0.4180394593492866,1.9793844718974767,1.297006271706306
2026-01-11 19:00:00,0.7700501014858061,0.0,0.0,1.122069513044,1.001065928609515,0.29271378601147824,2.0809928302280905,0.510598613718447,2.036732509917701,1.1102448641522147,1.485478080993577,0.6499354736280194
2026-01-11 20:00:00,1.5514572790543044,0.0,0.0,0.3221396098906518,0.0,0.0,1.8375438534502548,0.6777252552174033,0.0,1.3799438631727856,1.0322160983742392,1.6184663384535716
2026-01-11 21:00:00,0.6194359583676007,0.0,0.0,0.0,0.0,0.0,0.0,0.0,0.0,0.0,0.5095359839978476,1.6626713108182927
2026-01-11 22:00:00,0.0,0.0,0.0,0.0,0.0,0.0,0.0,0.0,0.0,0.0,1.57239893601206,0.0
2026-01-11 23:00:00,0.0,0.0,0.0,0.0,0.0,0.0,0.0,0.0,0.0,0.0,0.0,0.0
2026-01-12 00:00:00,0.0,0.0,0.0,0.0,0.0,0.0,0.0,0.0,0.0,0.0,0.0,0.0
2026-01-12 01:00:00,0.0,0.0,0.0,0.0,0.0,0.0,0.0,0.0,0.0,0.0,0.0,0.0
2026-01-12 02:00:00,0.0,0.0,0.0,0.0,0.0,0.0,0.0,0.0,0.0,0.0,0.0,0.0
2026-01-12 03:00:00,0.0,0.0,0.0,0.0,0.0,0.0,0.0,0.0,0.0,0.0,0.0,0.0
2026-01-12 04:00:00,0.0,0.0,0.0,0.0,0.0,0.0,0.0,0.0,0.0,0.0,0.0,0.0
2026-01-12 05:00:00,0.0,0.0,0.0,0.0,0.0,0.0,0.0,0.0,0.0,0.0,0.0,0.0
2026-01-12 06:00:00,0.0,0.0,0.0,0.0,0.0,0.0,0.0,0.0,0.0,0.0,0.0,0.0
2026-01-12 07:00:00,0.0,0.0,0.0,1.6553792017071471,2.598348528560962,0.0,0.0,0.0,0.0,0.0,2.3818068647297412,0.0
2026-01-12 08:00:00,0.0,0.0,0.0,3.311491149344814,0.8714229847490309,0.0,1.0981827168319467,1.2868464111008562,0.0,0.0,1.5334460130604415,0.0
2026-01-12 09:00:00,0.0,2.1442728270378666,3.9782754171893098,1.0026407321134767,1.5020073897462207,2.2021671862525025,1.3121122193969146,2.0008726929531555,0.0,2.3313919603289808,1.0967839383037812,4.88543825539763
2026-01-12 10:00:00,0.0,2.0326671629265314,1.1767170676308019,1.0026407321134767,2.3261273480109015,4.865553957029354,2.371979227920948,5.731093003749173,3.678833588420642,1.6163458981486984,1.0967839383037812,4.319129628453163
2026-01-12 11:00:00,3.124173580678202,1.0391274881815333,1.1767170676308019,2.963133357868542,0.8714229847490309,3.1312422983616353,3.396136091536109,4.368796978509374,4.965359680136718,1.5408421316050933,1.1957373462023861,2.0434424837382807
2026-01-12 12:00:00,1.9566842969303495,2.9022510281441947,3.4988782298053436,1.0092295564963598,1.6805911446719632,1.3358628713510476,1.0329083542338295,2.8267756328497633,5.648406457571077,2.3869336685497746,3.8029304119463974,4.282925786146015
2026-01-12 13:00:00,3.507079194004948,1.0893168367645458,1.358579158952572,2.6193434413202388,1.1646165404791686,1.3358628713510476,1.03320450573883,5.590137657817205,5.882801448029912,1.5101240074819764,4.32943918721322,3.443422592893657
2026-01-12 14:00:00,3.1089009053168244,1.551535400369646,4.728719680819397,1.0026407321134767,2.575493427169968,4.296367177115203,1.0329083542338295,1.2868464111008562,6.814966984855398,1.121960239895548,1.6652546823387664,1.605068420982417
2026-01-12 15:00:00,2.2058055080113546,1.0391274881815333,3.840263214048629,4.310288972353581,3.921403431370639,3.625569443722198,1.0329083542338295,1.2868464111008562,4.425537193425429,1.9477553858299435,4.168891721212517,4.661487231310056
2026-01-12 16:00:00,1.211589256191989,1.346081987807059,5.295226804338609,3.7949486077326133,1.9254333466033025,1.917907626987158,1.3139514226829943,1.8404090821622878,1.6779347902703745,3.2154080542167067,2.769844904679026,6.212039178868382
2026-01-12 17:00:00,1.211589256191989,4.6760736968169,2.7208240764300697,2.523033350807924,0.8714229847490309,1.3358628713510476,1.0329083542338295,3.1950160404676384,5.366631544405401,1.8943642748156249,1.2130353155917015,1.3804531508596407
2026-01-12 18:00:00,1.5877963109266136,3.9421825010708726,4.8470349885113295,2.559213743405462,1.2170816258990722,5.332532978270314,2.4370004023140237,1.2868464111008562,7.550706556216684,2.470316189775841,1.7494641587966917,1.5881310127045538
2026-01-12 19:00:00,3.7425802561563146,0.0,0.0,2.396019882741229,3.921403431370639,4.6183042873428235,1.0329083542338295,1.6447793956453873,0.0,0.854012598572546,1.8400323152070808,6.212039178868382
2026-01-12 20:00:00,0.0,0.0,0.0,4.2465954792907805,3.921403431370639,0.0,2.1056711224708424,2.6703342065365625,0.0,0.854012598572546,0.0,4.187893820587259
2026-01-12 21:00:00,0.0,0.0,0.0,2.8608236416023813,0.8714229847490309,0.0,0.0,0.0,0.0,1.0835998822896664,0.0,0.0
2026-01-12 22:00:00,0.0,0.0,0.0,0.0,0.0,0.0,0.0,0.0,0.0,0.854012598572546,0.0,0.0
2026-01-12 23:00:00,0.0,0.0,0.0,0.0,0.0,0.0,0.0,0.0,0.0,0.0,0.0,0.0
2026-01-13 00:00:00,0.0,0.0,0.0,0.0,0.0,0.0,0.0,0.0,0.0,0.0,0.0,0.0
2026-01-13 01:00:00,0.0,0.0,0.0,0.0,0.0,0.0,0.0,0.0,0.0,0.0,0.0,0.0
2026-01-13 02:00:00,0.0,0.0,0.0,0.0,0.0,0.0,0.0,0.0,0.0,0.0,0.0,0.0
2026-01-13 03:00:00,0.0,0.0,0.0,0.0,0.0,0.0,0.0,0.0,0.0,0.0,0.0,0.0
2026-01-13 04:00:00,0.0,0.0,0.0,0.0,0.0,0.0,0.0,0.0,0.0,0.0,0.0,0.0
2026-01-13 05:00:00,0.0,0.0,0.0,0.0,0.0,0.0,0.0,0.0,0.0,0.0,0.0,0.0
2026-01-13 06:00:00,0.0,0.0,0.0,0.0,0.0,0.0,0.0,0.0,0.0,0.0,0.0,0.0
2026-01-13 07:00:00,0.0,1.0777883523051621,0.0,0.0,0.0,0.0,0.0,0.0,0.0,0.0,0.0,0.0
2026-01-13 08:00:00,0.0,2.119233133686008,0.0,3.836089920497015,3.840572632136054,0.0,0.0,0.0,1.806264197321131,0.0,2.4358463202341594,0.0
2026-01-13 09:00:00,1.2793214946316112,2.9883659796815385,1.0887858499473033,4.130398517250572,2.3800226460841754,4.676857014809024,5.3184638914783156,4.47153162701294,1.1438500508940959,1.2140421899722351,0.9084931966332986,3.2789607865936343
2026-01-13 10:00:00,2.7247434007830607,1.5496171441928677,2.142737486262666,1.0320208893500842,2.148803089376999,4.730921870016773,1.1818808647729588,3.998013254784986,1.8746625172258802,3.5007960269987115,3.2603471026304867,3.559944271397103
2026-01-13 11:00:00,2.557945631984889,1.8331974319473507,1.074128933368707,3.0845291846033116,2.996001673116726,1.9848617184118829,4.273736208925453,6.257269251737201,2.356319914860278,2.975033268740597,1.9919048788710763,4.711796686632927
2026-01-13 12:00:00,1.2793214946316112,2.6773479288103057,1.62811315715072,2.5414200966685545,2.2028566698534227,3.6379988541567174,1.5872622109687138,5.090491728776433,3.590385701618829,4.707648263316232,1.9129494038561659,4.524624490285568
2026-01-13 13:00:00,3.0810919774131467,3.2410360840817063,0.8364468608955024,1.4100626242132301,1.8183039046680598,2.789327687621748,2.0931615680506055,5.334630235360406,2.062694055704392,3.8094176344849244,1.223278129400322,2.260932382950248
2026-01-13 14:00:00,3.4355806180628705,1.204220404326164,0.8364468608955024,2.486773686515066,2.1128953804638653,4.142471813353591,1.1818808647729588,4.612952449158262,2.757286140796784,1.2417888466336977,1.3367166433489972,6.2686436186620185
2026-01-13 15:00:00,4.347601323215605,1.620667536254067,2.386759667886415,3.8114258075539125,2.1619953442288122,1.691118406906395,3.2804153248142796,1.422801309983819,2.721905652484837,2.956697262765195,1.870044291876913,5.800775005933589
2026-01-13 16:00:00,4.296524225880974,1.6209275265683274,2.0644347665371114,1.6981409344503602,2.4538455510201467,1.2122350690351782,1.1818808647729588,3.8833994968157386,2.1026679204253464,1.2140421899722351,2.2970294284590858,6.2686436186620185
2026-01-13 17:00:00,1.2793214946316112,4.466133739860022,3.7640108740297604,1.594481555367208,1.6489562847239112,4.314060254787606,4.303774027055046,1.422801309983819,3.144978768663473,2.2066277890849317,2.295548852684227,6.176207403745624
2026-01-13 18:00:00,1.2793214946316112,3.253234736036095,3.7640108740297604,2.113977608412059,3.8123342474778306,2.168347134710465,1.1818808647729588,1.422801309983819,3.590385701618829,5.391735979850906,1.6824341231931148,3.804165093927678
2026-01-13 19:00:00,3.355689883585249,1.9817733558692,1.9384934746234759,2.5444587972625574,3.620980489909383,4.85548828828388,2.59601597064289,1.9208210872869094,3.4194088194613403,1.3501577576709969,1.9297917656002537,1.3930319152582264
2026-01-13 20:00:00,0.0,1.0777883523051621,1.9815356478553316,3.292060066633162,0.9533226555880875,0.0,1.1818808647729588,2.2907402454997277,0.0,2.5760949693517032,2.6378879990694832,0.0
2026-01-13 21:00:00,0.0,0.0,0.0,0.0,0.0,0.0,0.0,0.0,0.0,0.0,3.295524245347727,0.0
2026-01-13 22:00:00,0.0,0.0,0.0,0.0,0.0,0.0,0.0,0.0,0.0,0.0,1.524070335437464,0.0
2026-01-13 23:00:00,0.0,0.0,0.0,0.0,0.0,0.0,0.0,0.0,0.0,0.0,0.0,0.0
2026-01-14 00:00:00,0.0,0.0,0.0,0.0,0.0,0.0,0.0,0.0,0.0,0.0,0.0,0.0
2026-01-14 01:00:00,0.0,0.0,0.0,0.0,0.0,0.0,0.0,0.0,0.0,0.0,0.0,0.0
2026-01-14 02:00:00,0.0,0.0,0.0,0.0,0.0,0.0,0.0,0.0,0.0,0.0,0.0,0.0
2026-01-14 03:00:00,0.0,0.0,0.0,0.0,0.0,0.0,0.0,0.0,0.0,0.0,0.0,0.0
2026-01-14 04:00:00,0.0,0.0,0.0,0.0,0.0,0.0,0.0,0.0,0.0,0.0,0.0,0.0
2026-01-14 05:00:00,0.0,0.0,0.0,0.0,0.0,0.0,0.0,0.0,0.0,0.0,0.0,0.0
2026-01-14 06:00:00,0.0,0.0,2.081281045311716,0.0,0.0,0.0,0.0,0.0,0.0,0.0,0.0,0.0
2026-01-14 07:00:00,0.0,0.0,3.301792649418794,0.0,0.0,0.0,0.0,0.0,0.0,0.0,0.0,0.0
2026-01-14 08:00:00,0.0,0.0,3.5149085344582227,2.3759772446221956,0.0,0.0,2.6039355786735134,0.0,0.0,0.0,0.0,3.3853876643643366
2026-01-14 09:00:00,3.6925757133930874,0.0,1.2289639554053808,1.0958434582583334,0.0,1.4333108182517127,3.2778379928595367,0.0,0.0,0.0,0.9004361202293895,2.434517548632343
2026-01-14 10:00:00,3.428847776175248,0.0,2.0212430520444613,4.9312955621625,2.252828616902893,1.163744898483218,3.9027600339558135,1.373336928036337,5.392879752927902,2.8237838696217277,1.1825732111160883,3.505056183872278
2026-01-14 11:00:00,2.989295329864445,1.7354735172085256,4.301799737260534,3.6729927982464243,1.37506951928124,1.163744898483218,2.432828908933159,2.087944009592558,5.392879752927902,2.21328931719434,1.6628720506030779,1.1990388862905852
2026-01-14 12:00:00,1.585186851696294,1.7354735172085256,1.7023008556539332,1.4316110797104002,4.679514582556895,1.163744898483218,1.1975650538046443,2.222355611402425,2.4987886080902815,4.0762304238477505,2.348149970126169,1.847044053131617
2026-01-14 13:00:00,3.1455561259078304,7.809630827438365,3.251706567980417,3.6363062828324706,1.4921623718549681,1.163744898483218,2.002374744214853,4.034826312054173,3.223866079457044,3.4253181913488144,1.8254993398660793,5.0900341880717646
2026-01-14 14:00:00,1.0641284133061308,6.667122949834745,0.9559554971690077,1.7563975647978176,3.6699172868360543,3.511513466923168,2.9692570913338043,2.9105839043657653,3.5972325856934986,3.6211634598788462,2.254184450193762,2.658171447577997
2026-01-14 15:00:00,1.6991391713116177,3.211493131920915,4.094056562353728,3.3551572588977985,3.9131297055976924,1.163744898483218,3.2434435383460194,4.875114346886227,2.9505792839120084,2.038248786877868,1.5086277455895079,2.8337898013799623
2026-01-14 16:00:00,1.3381188746795265,2.287706836671034,3.1092097770634375,2.155359869311906,1.0398921294570878,3.5203409341215774,2.855209022868113,1.8527979704198358,3.019870477875023,4.65638160019776,1.1070032520489137,3.6977337551146037
2026-01-14 17:00:00,2.1620516298668737,4.017257801585441,3.0376168059830224,2.1627366700178943,1.56711392510521,1.8778076351931612,3.0175993612062766,6.180016176163516,3.727482738169677,1.6192937844697304,0.521811104472482,2.03310069246149
2026-01-14 18:00:00,4.78857785987759,2.8738893612016527,4.018806752834874,3.2413124904894275,2.2964561819901914,3.5198109475475463,1.1975650538046443,3.904461654086357,2.0644697817130844,2.9693098719667406,0.7637593388145157,4.115855069394466
2026-01-14 19:00:00,1.0641284133061308,6.7019770780842824,3.482357333750877,0.0,1.0398921294570878,1.6438559771840926,3.7224047681499175,3.458806175280243,3.5303160920631096,4.929718450473944,0.0,2.5149818041532876
2026-01-14 20:00:00,3.0399436941830795,0.0,0.9850662298383692,0.0,2.8170958617209663,3.88922972018679,3.531560283239824,5.417685732360021,0.0,2.1641894373799757,0.0,3.2092004953549664
2026-01-14 21:00:00,1.0641284133061308,0.0,0.0,0.0,1.7114755634878884,4.199754491021336,2.1253998272477452,0.0,0.0,4.656112941129304,0.0,0.0
2026-01-14 22:00:00,1.3576288667678038,0.0,0.0,0.0,0.0,0.0,0.0,0.0,0.0,0.0,0.0,0.0
2026-01-14 23:00:00,0.0,0.0,0.0,0.0,0.0,0.0,0.0,0.0,0.0,0.0,0.0,0.0
