date,Consumption_km_Vehicle_0,Consumption_km_Vehicle_1,Consumption_km_Vehicle_10,Consumption_km_Vehicle_11,Consumption_km_Vehicle_2,Consumption_km_Vehicle_3,Consumption_km_Vehicle_4,Consumption_km_Vehicle_5,Consumption_km_Vehicle_6,Consumption_km_Vehicle_7,Consumption_km_Vehicle_8,Consumption_km_Vehicle_9
2026-01-01 00:00:00,0.0,0.0,0.0,0.0,0.0,0.0,0.0,0.0,0.0,0.0,0.0,0.0
2026-01-01 01:00:00,0.0,0.0,0.0,0.0,0.0,0.0,0.0,0.0,0.0,0.0,0.0,0.0
2026-01-01 02:00:00,0.0,0.0,0.0,0.0,0.0,0.0,0.0,0.0,0.0,0.0,0.0,0.0
2026-01-01 03:00:00,0.0,0.0,0.0,0.0,0.0,0.0,0.0,0.0,0.0,0.0,0.0,0.0
2026-01-01 04:00:00,0.0,0.0,0.0,0.0,0.0,0.0,0.0,0.0,0.0,0.0,0.0,0.0
2026-01-01 05:00:00,0.0,0.0,0.0,0.0,0.0,0.0,0.0,0.0,0.0,0.0,0.0,0.0
2026-01-01 06:00:00,0.0,0.0,0.0,0.0,0.0,0.0,0.0,0.0,0.0,0.0,0.0,0.0
2026-01-01 07:00:00,0.0,0.0,0.462125619570126,0.0,0.0,0.2916379310605882,0.0,0.0,0.0,0.0,0.0,0.0
2026-01-01 08:00:00,0.0,0.19559239588308477,0.3760717541161335,0.23681398347429525,0.0,0.2762564866496924,0.0,0.0,0.20221428313376805,0.0,0.5098397753088001,0.0
2026-01-01 09:00:00,0.18131949059820934,0.2778963561163211,0.27993064608541485,0.5098397753088001,0.17866779579826791,0.4081926704313758,0.11329772784640002,0.11329772784640002,0.11329772784640002,0.0,0.38106285396024403,0.3154795335451102
2026-01-01 10:00:00,0.18132202962994293,0.2872357476311865,0.3884897018745717,0.3236349036764952,0.314524688049661,0.40294998253587383,0.4024769939439048,0.27611755025855655,0.39152077072828473,0.283507354552599,0.15301793007212552,0.3137927339524312
2026-01-01 11:00:00,0.4617591079287514,0.11329772784640002,0.20090524774732252,0.30004075815175796,0.18853535877342337,0.28315245200976696,0.23877763672538124,0.11329772784640002,0.486572320729123,0.37296498882707424,0.19504634513894925,0.11329772784640002
2026-01-01 12:00:00,0.33621649159398637,0.19978018085785545,0.4042973399991503,0.5098397753088001,0.3274022629087974,0.11329772784640002,0.2808162622478103,0.12188491635133183,0.25171861765608256,0.12560610415197265,0.14533725915757137,0.47914562756676354
2026-01-01 13:00:00,0.14492676711546645,0.263272644286211,0.3989322538958901,0.11329772784640002,0.378837483016223,0.11329772784640002,0.11329772784640002,0.28022185336880195,0.11329772784640002,0.5052088170420235,0.25122454749634415,0.23574855612797946
2026-01-01 14:00:00,0.30143930698148635,0.11329772784640002,0.3109939197880486,0.2680162762455552,0.5098397753088001,0.33820550652185255,0.3076803262132528,0.3659388563796279,0.3948885794874132,0.40037365884276815,0.4005076485668806,0.36806249487121306
2026-01-01 15:00:00,0.14586344317720742,0.12363210348957233,0.30473467534822646,0.24813893816935761,0.18722384961133828,0.3767364248955787,0.23202282967855664,0.333222522098516,0.3270724786219784,0.24018455866504754,0.3264654452206829,0.18876039219072088
2026-01-01 16:00:00,0.14550587974757365,0.28198911982367236,0.45494598168632633,0.478976069159508,0.11329772784640002,0.3252100902129575,0.3010361197336436,0.32310273389849575,0.31460005627561144,0.5098397753088001,0.21900683171467564,0.3994069906820106
2026-01-01 17:00:00,0.25495144114951296,0.11329772784640002,0.2817213082399442,0.31178094793651534,0.11329772784640002,0.13273576302178053,0.3459915929508314,0.11329772784640002,0.4515287095617857,0.29961368810245764,0.351804661721142,0.21256872658068623
2026-01-01 18:00:00,0.11329772784640002,0.13849212988735507,0.30373541185493935,0.5098397753088001,0.24469693396095243,0.28933844505220435,0.14744726536017658,0.18275450738894905,0.5098397753088001,0.4099473554987759,0.2383853248926722,0.5098397753088001
2026-01-01 19:00:00,0.11329772784640002,0.16402024701677068,0.2992952122707506,0.42907739815457424,0.3469575222496172,0.4897189859439511,0.11329772784640002,0.1412610470652581,0.0,0.3333311008842978,0.28476117747923607,0.2965218248002336
2026-01-01 20:00:00,0.13057308470305015,0.0,0.30113901679403393,0.22740172603448267,0.2521347744133576,0.0,0.435814053023606,0.3575078699090386,0.0,0.18101395703231685,0.3681728299657551,0.3299489561060313
2026-01-01 21:00:00,0.0,0.0,0.13895263743550718,0.0,0.11329772784640002,0.0,0.23437862863598485,0.11329772784640002,0.0,0.0,0.0,0.0
2026-01-01 22:00:00,0.0,0.0,0.0,0.0,0.4496114786168987,0.0,0.0,0.30268500459106945,0.0,0.0,0.0,0.0
2026-01-01 23:00:00,0.0,0.0,0.0,0.0,0.0,0.0,0.0,0.0,0.0,0.0,0.0,0.0
2026-01-02 00:00:00,0.0,0.0,0.0,0.0,0.0,0.0,0.0,0.0,0.0,0.0,0.0,0.0
2026-01-02 01:00:00,0.0,0.0,0.0,0.0,0.0,0.0,0.0,0.0,0.0,0.0,0.0,0.0
2026-01-02 02:00:00,0.0,0.0,0.0,0.0,0.0,0.0,0.0,0.0,0.0,0.0,0.0,0.0
2026-01-02 03:00:00,0.0,0.0,0.0,0.0,0.0,0.0,0.0,0.0,0.0,0.0,0.0,0.0
2026-01-02 04:00:00,0.0,0.0,0.0,0.0,0.0,0.0,0.0,0.0,0.0,0.0,0.0,0.0
2026-01-02 05:00:00,0.0,0.0,0.0,0.0,0.0,0.0,0.0,0.0,0.0,0.0,0.0,0.0
2026-01-02 06:00:00,0.0,0.0,0.0,0.0,0.0,0.0,0.0,0.0,0.0,0.0,0.0,0.0
2026-01-02 07:00:00,0.48325055387804733,0.0,0.0,0.0,0.0,0.0,0.0,0.3332768949800308,0.5546655180000001,0.22918128123885093,0.35374088583067903,0.0
2026-01-02 08:00:00,0.198670754652682,0.0,0.5546655180000001,0.0,0.4515984956160431,0.328366701582412,0.0,0.123259004,0.2174377929685787,0.123259004,0.5546655180000001,0.16362702377879404
2026-01-02 09:00:00,0.24801880955862732,0.0,0.4867179706462685,0.123259004,0.123259004,0.2509967970754998,0.0,0.18944704942458143,0.14956219124655182,0.23155370464010977,0.5546655180000001,0.2584077086998496
2026-01-02 10:00:00,0.123259004,0.2271382379452787,0.123259004,0.5176622365732125,0.123259004,0.35621621415507676,0.1370862672400674,0.123259004,0.123259004,0.42659253293758426,0.34647273997303674,0.5546655180000001
2026-01-02 11:00:00,0.14506568882699977,0.46205075795025674,0.26822872759840605,0.28481324671856884,0.3772218829528132,0.12555580268127986,0.40425556579641664,0.123259004,0.123259004,0.5546655180000001,0.35076327134912466,0.15870683952834272
2026-01-02 12:00:00,0.2553198515027284,0.123259004,0.12954826384057064,0.4720417385983013,0.123259004,0.46499455214635865,0.123259004,0.123259004,0.1985663257165701,0.3607396551211618,0.35050266637519867,0.5374859204465118
2026-01-02 13:00:00,0.123259004,0.21862165894553443,0.5228034571488988,0.27842840987081763,0.5546655180000001,0.266250714043099,0.2976723465222429,0.2940172220723605,0.3355617757512303,0.3658338089204044,0.123259004,0.4038015786094431
2026-01-02 14:00:00,0.2998679309203736,0.4153378647617373,0.5546655180000001,0.48295660341666014,0.1408544571031584,0.123259004,0.4071308952609943,0.15182815182972217,0.30798839490145097,0.5234997240120254,0.42389570901631474,0.5546655180000001
2026-01-02 15:00:00,0.13560070475735456,0.1442233649117268,0.5546655180000001,0.123259004,0.234845756567357,0.123259004,0.23773649810342462,0.3267416790262695,0.26185058995630844,0.2754904640247682,0.5546655180000001,0.123259004
2026-01-02 16:00:00,0.18758024001597676,0.26619366919199366,0.2729235595106146,0.42825312089696516,0.27006603120524025,0.3468118896936589,0.22739770068104376,0.3163254206617551,0.123259004,0.5172297666797387,0.22836286004486891,0.35202427202087766
2026-01-02 17:00:00,0.13542102838727277,0.32037850265432644,0.28445628647730165,0.2728337273595737,0.2129423099142569,0.3298299271883002,0.38870415169368494,0.3712283253584614,0.5366931631786621,0.19802528569348962,0.3305204365170209,0.125645106443468
2026-01-02 18:00:00,0.5483003887495275,0.5546655180000001,0.2802688504798926,0.1818889688232095,0.19220739866712402,0.43492997916405823,0.123259004,0.123259004,0.123259004,0.21729546599784702,0.30859515563929846,0.40690632047716874
2026-01-02 19:00:00,0.23438639931758204,0.35864503161150485,0.30087154647954223,0.0,0.435271001890961,0.123259004,0.13994922432327908,0.19657691843570244,0.123259004,0.20937681418978968,0.31480937036886825,0.123259004
2026-01-02 20:00:00,0.0,0.0,0.0,0.0,0.2904746455896711,0.123259004,0.123259004,0.34711662359855444,0.0,0.38554213920358116,0.45453905112012166,0.35874948589750194
2026-01-02 21:00:00,0.0,0.0,0.0,0.0,0.0,0.34357456230565453,0.0,0.30067302532491974,0.0,0.0,0.3763980611246265,0.0
2026-01-02 22:00:00,0.0,0.0,0.0,0.0,0.0,0.276170239741575,0.0,0.0,0.0,0.0,0.0,0.0
2026-01-02 23:00:00,0.0,0.0,0.0,0.0,0.0,0.0,0.0,0.0,0.0,0.0,0.0,0.0
2026-01-03 00:00:00,0.0,0.0,0.0,0.0,0.0,0.0,0.0,0.0,0.0,0.0,0.0,0.0
2026-01-03 01:00:00,0.0,0.0,0.0,0.0,0.0,0.0,0.0,0.0,0.0,0.0,0.0,0.0
2026-01-03 02:00:00,0.0,0.0,0.0,0.0,0.0,0.0,0.0,0.0,0.0,0.0,0.0,0.0
2026-01-03 03:00:00,0.0,0.0,0.0,0.0,0.0,0.0,0.0,0.0,0.0,0.0,0.0,0.0
2026-01-03 04:00:00,0.0,0.0,0.0,0.0,0.0,0.0,0.0,0.0,0.0,0.0,0.0,0.0
2026-01-03 05:00:00,0.0,0.0,0.0,0.0,0.0,0.0,0.0,0.0,0.0,0.0,0.0,0.0
2026-01-03 06:00:00,0.0,0.0,0.0,0.0,0.0,0.0,0.0,0.0,0.0,0.0,0.0,0.0
2026-01-03 07:00:00,0.1209049010004,0.0,0.3269557165860835,0.0,0.0,0.0,0.0,0.0,0.0,0.0,0.0,0.0
2026-01-03 08:00:00,0.1209049010004,0.1209049010004,0.376177517180833,0.3431199174030818,0.0,0.0,0.42123659010740166,0.3775770531381256,0.15915631878765754,0.1209049010004,0.0,0.5316537550088781
2026-01-03 09:00:00,0.26462644135959484,0.4353827875917121,0.3523719914144277,0.1209049010004,0.1209049010004,0.2423424248851849,0.2230079743130151,0.1209049010004,0.34105946147968,0.34476406436366563,0.0,0.5440720545018
2026-01-03 10:00:00,0.35401038215967096,0.1209049010004,0.16923415538242784,0.19371464968271673,0.21512738556188837,0.1209049010004,0.1209049010004,0.25139300261383446,0.48840015117819097,0.24642950528745364,0.21897104799039838,0.2577493268913868
2026-01-03 11:00:00,0.260419206743887,0.1965948731130588,0.3313236850185174,0.1209049010004,0.40940462217799906,0.22740006068416024,0.1209049010004,0.1209049010004,0.4919292794270645,0.4986306860380059,0.218586372127148,0.45429655840622374
2026-01-03 12:00:00,0.21305137367920043,0.2540174195775921,0.4473593788393475,0.4149741392263129,0.3674497931822927,0.1209049010004,0.3032869410232855,0.1570156691303204,0.522244768936398,0.5440720545018,0.1597194675767162,0.4418027502111681
2026-01-03 13:00:00,0.18244470434997215,0.4186815414266094,0.3757378532476181,0.4360269538633635,0.15501675109772114,0.1209049010004,0.1209049010004,0.37334090993019864,0.1313816701724897,0.36001740199653715,0.23001249059534828,0.40647778381932853
2026-01-03 14:00:00,0.1209049010004,0.2829928591347573,0.5440720545018,0.3952558784156011,0.2110740325612864,0.25381600505989965,0.1209049010004,0.1209049010004,0.1209049010004,0.39214925260117306,0.40808631088800945,0.17983442626823906
2026-01-03 15:00:00,0.1209049010004,0.23772234843763024,0.4239161942306908,0.1451622441882458,0.17467846830113284,0.5440720545018,0.188207845676552,0.3497867301031063,0.25134600301299664,0.1209049010004,0.5227517934751211,0.31498255833591665
2026-01-03 16:00:00,0.15611580289598767,0.5440720545018,0.1297344560234731,0.5073466641995336,0.1209049010004,0.1209049010004,0.24244541025219335,0.2507063329869475,0.4217581289808201,0.38118574671845074,0.3000662792622078,0.34735943718634016
2026-01-03 17:00:00,0.4065997772358954,0.3069326209428689,0.21419849263952775,0.4431074320345597,0.2693174766218503,0.28900237178278737,0.1209049010004,0.15538637266226316,0.3199862875430076,0.45469782763321925,0.1209049010004,0.475348815422422
2026-01-03 18:00:00,0.2888465195809732,0.4255279580725677,0.2876334297407461,0.4235994558013547,0.3183796880876103,0.14528732673818773,0.38044809573765265,0.1209049010004,0.45936759906826913,0.2732477863704361,0.1209049010004,0.41773572345290816
2026-01-03 19:00:00,0.1209049010004,0.3083316627225626,0.1746927182052139,0.0,0.29621049318270815,0.1209049010004,0.12949759539938666,0.1541500025754699,0.5440720545018,0.40356348942030096,0.3572329688875862,0.18907222580504898
2026-01-03 20:00:00,0.0,0.32979719556246456,0.27157292599222016,0.0,0.0,0.20618652429271966,0.1209049010004,0.1209049010004,0.3205033434742003,0.0,0.5440720545018,0.0
2026-01-03 21:00:00,0.0,0.5440720545018,0.0,0.0,0.0,0.0,0.5214896003001772,0.0,0.0,0.0,0.1209049010004,0.0
2026-01-03 22:00:00,0.0,0.0,0.0,0.0,0.0,0.0,0.0,0.0,0.0,0.0,0.28727142891778107,0.0
2026-01-03 23:00:00,0.0,0.0,0.0,0.0,0.0,0.0,0.0,0.0,0.0,0.0,0.0,0.0
2026-01-04 00:00:00,0.0,0.0,0.0,0.0,0.0,0.0,0.0,0.0,0.0,0.0,0.0,0.0
2026-01-04 01:00:00,0.0,0.0,0.0,0.0,0.0,0.0,0.0,0.0,0.0,0.0,0.0,0.0
2026-01-04 02:00:00,0.0,0.0,0.0,0.0,0.0,0.0,0.0,0.0,0.0,0.0,0.0,0.0
2026-01-04 03:00:00,0.0,0.0,0.0,0.0,0.0,0.0,0.0,0.0,0.0,0.0,0.0,0.0
2026-01-04 04:00:00,0.0,0.0,0.0,0.0,0.0,0.0,0.0,0.0,0.0,0.0,0.0,0.0
2026-01-04 05:00:00,0.0,0.0,0.0,0.0,0.0,0.0,0.0,0.0,0.0,0.0,0.0,0.0
2026-01-04 06:00:00,0.0,0.0,0.0,0.0,0.0,0.0,0.0,0.0,0.0,0.0,0.0,0.0
2026-01-04 07:00:00,0.0,0.0,0.0,0.0,0.0,0.13050301525000002,0.0,0.0,0.0,0.5872635686250001,0.0,0.0
2026-01-04 08:00:00,0.0,0.0,0.4961664222807529,0.5872635686250001,0.0,0.3425505373483362,0.30465606633061304,0.1550618554560652,0.25696477297886794,0.46638315887684334,0.0,0.34552219515956445
2026-01-04 09:00:00,0.4342245551255985,0.13050301525000002,0.13050301525000002,0.5872635686250001,0.13050301525000002,0.3443104858513021,0.22462378695995908,0.13050301525000002,0.5167799133264533,0.42131408684674926,0.16261855500794276,0.5872635686250001
2026-01-04 10:00:00,0.4164608780763139,0.24850907580327322,0.5872635686250001,0.15356199974437737,0.13050301525000002,0.13050301525000002,0.13050301525000002,0.13050301525000002,0.2965628014821282,0.5454577401459675,0.13050301525000002,0.546712962406555
2026-01-04 11:00:00,0.13050301525000002,0.13050301525000002,0.5737794074943814,0.2714154547394775,0.19458279130048448,0.13050301525000002,0.2861362381166792,0.31703617005148416,0.13050301525000002,0.4632789903929523,0.14753323589612022,0.5872635686250001
2026-01-04 12:00:00,0.19548374307736233,0.14911419743685594,0.2814094810706437,0.22636810456407466,0.32347565553315905,0.13050301525000002,0.5239427323653973,0.3669714219103035,0.19258478221789535,0.20452183643737049,0.3951108022167591,0.5778471761339672
2026-01-04 13:00:00,0.30957593589390936,0.13050301525000002,0.36131383646704385,0.23925740678990098,0.13050301525000002,0.13963631409091706,0.13050301525000002,0.13050301525000002,0.5872635686250001,0.22723256710385556,0.5872635686250001,0.16699386499082727
2026-01-04 14:00:00,0.42434609680161056,0.13050301525000002,0.5220884175856774,0.31432605278308373,0.5872635686250001,0.4353568120805916,0.4935555844540596,0.36507551385938625,0.5872635686250001,0.22280695731734684,0.33657421385660224,0.2521165334721965
2026-01-04 15:00:00,0.1652073121639092,0.13050301525000002,0.3761958230097549,0.13050301525000002,0.347136906975267,0.31228017765940747,0.18288029521147212,0.2176031355958626,0.5679754823709561,0.5872635686250001,0.3707077983209469,0.18407458230407592
2026-01-04 16:00:00,0.2174931274811995,0.2586412792674973,0.17051674258426033,0.5640356633606205,0.13050301525000002,0.21349252189302806,0.13125342833686685,0.13050301525000002,0.37560882523127254,0.44593284671932937,0.22204296223616832,0.5872635686250001
2026-01-04 17:00:00,0.13050301525000002,0.15294731478879034,0.1914556706113142,0.4531749626427738,0.361231977827786,0.15699380821814926,0.17419197590299182,0.5811570613904473,0.18390771341809545,0.302508688815397,0.5872635686250001,0.5872635686250001
2026-01-04 18:00:00,0.13050301525000002,0.42068456926967,0.254658390082155,0.5271681570586597,0.27873389571380874,0.13050301525000002,0.3254461160297132,0.4968381425505405,0.14756399679674356,0.20715232934227445,0.3422951779689098,0.4997848825813986
2026-01-04 19:00:00,0.39530638954461783,0.0,0.23124804273128594,0.34970804998605737,0.4617794078280556,0.13050301525000002,0.49132397650726906,0.3148874333182127,0.49447519251847893,0.0,0.0,0.5068725013610028
2026-01-04 20:00:00,0.0,0.0,0.13050301525000002,0.13050301525000002,0.13757376088178172,0.17911743496281282,0.13050301525000002,0.0,0.30607148691504715,0.0,0.0,0.0
2026-01-04 21:00:00,0.0,0.0,0.4607874395418138,0.3352715179019835,0.30451181391488974,0.13050301525000002,0.0,0.0,0.0,0.0,0.0,0.0
2026-01-04 22:00:00,0.0,0.0,0.0,0.0,0.0,0.2965404912493428,0.0,0.0,0.0,0.0,0.0,0.0
2026-01-04 23:00:00,0.0,0.0,0.0,0.0,0.0,0.0,0.0,0.0,0.0,0.0,0.0,0.0
2026-01-05 00:00:00,0.0,0.0,0.0,0.0,0.0,0.0,0.0,0.0,0.0,0.0,0.0,0.0
2026-01-05 01:00:00,0.0,0.0,0.0,0.0,0.0,0.0,0.0,0.0,0.0,0.0,0.0,0.0
2026-01-05 02:00:00,0.0,0.0,0.0,0.0,0.0,0.0,0.0,0.0,0.0,0.0,0.0,0.0
2026-01-05 03:00:00,0.0,0.0,0.0,0.0,0.0,0.0,0.0,0.0,0.0,0.0,0.0,0.0
2026-01-05 04:00:00,0.0,0.0,0.0,0.0,0.0,0.0,0.0,0.0,0.0,0.0,0.0,0.0
2026-01-05 05:00:00,0.0,0.0,0.0,0.0,0.0,0.0,0.0,0.0,0.0,0.0,0.0,0.0
2026-01-05 06:00:00,0.0,0.0,0.0,0.0,0.0,0.0,0.0,0.0,0.39097580302498136,0.0,0.0,0.0
2026-01-05 07:00:00,0.0,0.0,0.0,0.0,0.0,0.0,0.0,0.0,0.3111699418291021,0.0,0.0,0.0
2026-01-05 08:00:00,0.0,0.0,0.0,0.0,0.3737280271714615,0.0,0.0,0.0,0.5228740802428447,0.23045692381921262,0.3001008124004619,0.12261975796040002
2026-01-05 09:00:00,0.0,0.0,0.5517889108218,0.35936587430533506,0.27691981939181415,0.0,0.12261975796040002,0.28589785061260165,0.4388443822912435,0.35631549855123223,0.3877180441105737,0.4030070388216408
2026-01-05 10:00:00,0.12745239083853419,0.17568430412721295,0.33786843536793726,0.17210381607175962,0.3954626714165929,0.12261975796040002,0.2533609257684462,0.2293968321439181,0.12261975796040002,0.5517889108218,0.43528081475138575,0.12261975796040002
2026-01-05 11:00:00,0.2959188751708807,0.27066290367430923,0.3019324965143712,0.15579094199229643,0.21856956478573242,0.25436225901180803,0.5517889108218,0.5235423847517336,0.30822995950817605,0.4322689990988537,0.34187905524150014,0.3087625684875508
2026-01-05 12:00:00,0.49286029690099,0.2908908757783522,0.3156443233005165,0.24528460224937915,0.12261975796040002,0.12261975796040002,0.15967868156001375,0.21715703293691183,0.16897196817311302,0.3085520552552585,0.39473575588636006,0.30038302424071184
2026-01-05 13:00:00,0.22943351725044106,0.20104844835995742,0.2630258339014701,0.15444234662696754,0.161104080350142,0.12261975796040002,0.2489062712366609,0.3651251656031258,0.34602573680925697,0.2551345807511939,0.4149766083562538,0.33481234435737084
2026-01-05 14:00:00,0.49731368427927586,0.29480773593837056,0.5049372589509227,0.24031447598436448,0.2734214670893853,0.5214542634806174,0.3117343663269581,0.12261975796040002,0.3814928135521561,0.19341875216782378,0.12261975796040002,0.5244223649821216
2026-01-05 15:00:00,0.12261975796040002,0.33172056608643796,0.5327588541155235,0.5370588548757448,0.12261975796040002,0.12300513245192082,0.1997474770143138,0.12261975796040002,0.1934043792111889,0.2686424464217889,0.5218218291146256,0.306369303008446
2026-01-05 16:00:00,0.3729966638835454,0.5031089694919615,0.496464258960206,0.24925478665751186,0.1516820645862399,0.2935733922800639,0.3365566167930915,0.35992998511094526,0.2730842121702084,0.550916525405831,0.20362561414778585,0.26223308738677803
2026-01-05 17:00:00,0.24999952273255735,0.34063834133372,0.26869483890273604,0.3651099332230752,0.3449454203363858,0.14839976863187074,0.12261975796040002,0.3388379338599521,0.3863429091001458,0.5259195553613786,0.3388454424317531,0.24634260181939793
2026-01-05 18:00:00,0.18538329007744847,0.5109473922416113,0.13910680323164515,0.3594351377474279,0.12261975796040002,0.4482629419032342,0.3894420841574641,0.12261975796040002,0.40065947079886716,0.4198010843734476,0.22803989219851728,0.3511340307184579
2026-01-05 19:00:00,0.2507884842293099,0.0,0.5355910972673165,0.3161468299910851,0.3148706991166767,0.24852400627910332,0.4088642609640337,0.4708295869153465,0.34147793740002047,0.1847766202732497,0.2821633603020511,0.2427896393193768
2026-01-05 20:00:00,0.12261975796040002,0.0,0.3987219460951718,0.0,0.3424884627069434,0.24639777414330274,0.12261975796040002,0.12261975796040002,0.30955075459967224,0.12261975796040002,0.17397484859627188,0.2613515790993445
2026-01-05 21:00:00,0.19866214005979912,0.0,0.1997180239593155,0.0,0.0,0.0,0.0,0.0,0.37978109643589403,0.46947127791120125,0.4679235398192953,0.19419441220249323
2026-01-05 22:00:00,0.0,0.0,0.0,0.0,0.0,0.0,0.0,0.0,0.3218925875947527,0.40251024605112845,0.0,0.0
2026-01-05 23:00:00,0.0,0.0,0.0,0.0,0.0,0.0,0.0,0.0,0.0,0.0,0.0,0.0
2026-01-06 00:00:00,0.0,0.0,0.0,0.0,0.0,0.0,0.0,0.0,0.0,0.0,0.0,0.0
2026-01-06 01:00:00,0.0,0.0,0.0,0.0,0.0,0.0,0.0,0.0,0.0,0.0,0.0,0.0
2026-01-06 02:00:00,0.0,0.0,0.0,0.0,0.0,0.0,0.0,0.0,0.0,0.0,0.0,0.0
2026-01-06 03:00:00,0.0,0.0,0.0,0.0,0.0,0.0,0.0,0.0,0.0,0.0,0.0,0.0
2026-01-06 04:00:00,0.0,0.0,0.0,0.0,0.0,0.0,0.0,0.0,0.0,0.0,0.0,0.0
2026-01-06 05:00:00,0.0,0.0,0.0,0.0,0.0,0.0,0.0,0.0,0.0,0.0,0.0,0.0
2026-01-06 06:00:00,0.0,0.0,0.0,0.0,0.0,0.0,0.0,0.3606245041797573,0.0,0.0,0.0,0.0
2026-01-06 07:00:00,0.0,0.0,0.47874220271121626,0.0,0.0,0.0,0.0,0.13306301459840003,0.0,0.0,0.0,0.0
2026-01-06 08:00:00,0.0,0.0,0.22317959050486277,0.13306301459840003,0.0,0.0,0.0,0.13306301459840003,0.0,0.3741604302504594,0.0,0.0
2026-01-06 09:00:00,0.16434634695599,0.0,0.5987835656928001,0.3227409773675596,0.34981243065860895,0.3487958702731277,0.5927683905232425,0.5501741902131654,0.4146016004728862,0.4943761149082999,0.0,0.39390197607811467
2026-01-06 10:00:00,0.4217464037333125,0.2652668016606496,0.5687017944346046,0.3412997379330216,0.28864987549403104,0.25891921813479724,0.13306301459840003,0.2688147787208196,0.1775537826637657,0.4643823239035718,0.38186121228553216,0.35470322395832127
2026-01-06 11:00:00,0.31519238573473357,0.13306301459840003,0.17469395766362106,0.48571243160555005,0.5987835656928001,0.4426245494986022,0.13306301459840003,0.22592083105252803,0.5617270333801907,0.5127428038770645,0.4771968686398896,0.3759236263950614
2026-01-06 12:00:00,0.1592601045508839,0.20172967453196153,0.13306301459840003,0.31957924151817213,0.15300025306484138,0.13306301459840003,0.4418791866376927,0.24837797498080535,0.3085060486704527,0.543597265793492,0.46528625298651927,0.3682894402128483
2026-01-06 13:00:00,0.3487062728341886,0.31287791648268515,0.43391686076671465,0.40810030209701487,0.13306301459840003,0.13306301459840003,0.3318676472949672,0.2130040529502044,0.35556093246754217,0.4116704909787919,0.2340144037710222,0.5399820048310215
2026-01-06 14:00:00,0.27311328184362066,0.27093669522003966,0.4786662988346067,0.5983594286939377,0.3284834737779238,0.15574193406704417,0.541662438720076,0.4366997359237204,0.5849547507801616,0.18014637210290774,0.33473368400824033,0.47859039141061976
2026-01-06 15:00:00,0.43141696076319286,0.16739724241744672,0.4541578376975127,0.38741396777375664,0.13377112971456323,0.13306301459840003,0.13306301459840003,0.17602584248817676,0.25474981556032184,0.41048009989639905,0.13306301459840003,0.28751681783781025
2026-01-06 16:00:00,0.13306301459840003,0.13306301459840003,0.29802812561434133,0.4933326457780521,0.13306301459840003,0.13306301459840003,0.36912955335093356,0.4171155910129995,0.13306301459840003,0.49982673629473573,0.30335647071345384,0.5762146173784868
2026-01-06 17:00:00,0.1959673797892762,0.13306301459840003,0.32171900507881795,0.25808323611543205,0.13306301459840003,0.22435430250988503,0.13306301459840003,0.3613968247197846,0.1948179575439136,0.4925100296905613,0.5987835656928001,0.3076849917916087
2026-01-06 18:00:00,0.18426198621445486,0.14916543647765326,0.39125646770529743,0.337967399086826,0.2431600516670302,0.5987835656928001,0.33753077652381275,0.35431872969351264,0.3215213314447966,0.5179263113856148,0.4745243149683507,0.37639224307939434
2026-01-06 19:00:00,0.13306301459840003,0.2736180900236652,0.2013823110870065,0.39226456220026773,0.5987835656928001,0.27215815504900487,0.0,0.3147570231066121,0.4080283783568175,0.403327529719929,0.5660471545253154,0.16431862413898646
2026-01-06 20:00:00,0.30926561449257695,0.5987835656928001,0.2562903552819728,0.0,0.0,0.2787299552115461,0.0,0.13306301459840003,0.5987835656928001,0.0,0.4542298969703385,0.0
2026-01-06 21:00:00,0.0,0.0,0.0,0.0,0.0,0.0,0.0,0.13306301459840003,0.0,0.0,0.23772498048067364,0.0
2026-01-06 22:00:00,0.0,0.0,0.0,0.0,0.0,0.0,0.0,0.0,0.0,0.0,0.0,0.0
2026-01-06 23:00:00,0.0,0.0,0.0,0.0,0.0,0.0,0.0,0.0,0.0,0.0,0.0,0.0
2026-01-07 00:00:00,0.0,0.0,0.0,0.0,0.0,0.0,0.0,0.0,0.0,0.0,0.0,0.0
2026-01-07 01:00:00,0.0,0.0,0.0,0.0,0.0,0.0,0.0,0.0,0.0,0.0,0.0,0.0
2026-01-07 02:00:00,0.0,0.0,0.0,0.0,0.0,0.0,0.0,0.0,0.0,0.0,0.0,0.0
2026-01-07 03:00:00,0.0,0.0,0.0,0.0,0.0,0.0,0.0,0.0,0.0,0.0,0.0,0.0
2026-01-07 04:00:00,0.0,0.0,0.0,0.0,0.0,0.0,0.0,0.0,0.0,0.0,0.0,0.0
2026-01-07 05:00:00,0.0,0.0,0.0,0.0,0.0,0.0,0.0,0.0,0.0,0.0,0.0,0.0
2026-01-07 06:00:00,0.0,0.0,0.0,0.0,0.0,0.0,0.0,0.0,0.0,0.0,0.0,0.0
2026-01-07 07:00:00,0.0,0.0,0.0,0.0,0.0,0.0,0.0,0.27208443889744327,0.0,0.12827563053440003,0.0,0.0
2026-01-07 08:00:00,0.0,0.0,0.28553556823517723,0.0,0.0,0.0,0.0,0.12827563053440003,0.5342568508458423,0.12827563053440003,0.0,0.0
2026-01-07 09:00:00,0.17263579805366386,0.3652695508707027,0.15378595792510605,0.0,0.1789127834795434,0.3457071887213811,0.38044846053864884,0.12827563053440003,0.12827563053440003,0.41445253379842445,0.27455763588075993,0.0
2026-01-07 10:00:00,0.18628118886950595,0.42560795327906126,0.4077839730298564,0.2085151976919145,0.1743817529731642,0.47964303852983553,0.3412381014913463,0.2692474372254318,0.43829487347679236,0.32033938011453583,0.23017647662439206,0.14294763661384646
2026-01-07 11:00:00,0.12827563053440003,0.3267847986210643,0.12827563053440003,0.15328956065137037,0.22162238549619193,0.39671228510003154,0.12827563053440003,0.12827563053440003,0.30223236138207005,0.18018900395887205,0.3798778362186709,0.12827563053440003
2026-01-07 12:00:00,0.21804868964444768,0.5772403374048001,0.5772403374048001,0.12827563053440003,0.12827563053440003,0.19633497116750262,0.34327390961343796,0.12827563053440003,0.12827563053440003,0.5358326829914417,0.5086327417778524,0.12827563053440003
2026-01-07 13:00:00,0.3170369946773326,0.26122597215412663,0.27534979777041635,0.5772403374048001,0.12827563053440003,0.47252252715984505,0.2220390460652727,0.2641125982779693,0.24712430694231038,0.5772403374048001,0.44960043553609746,0.40592191456145765
2026-01-07 14:00:00,0.5765532617196741,0.12989257160588663,0.36226958741649523,0.4386966427585832,0.49982583213368365,0.30126805637560816,0.5478316360704749,0.15950897405701095,0.4107419771547141,0.17453673097484088,0.5772403374048001,0.5396426027699825
2026-01-07 15:00:00,0.27685712848605565,0.19273476610369092,0.4619979370597791,0.12827563053440003,0.30200375806039176,0.39995440789992165,0.4343185224876195,0.5355388280096752,0.32566923197848385,0.3635524925701432,0.4902627623284384,0.23524476088045299
2026-01-07 16:00:00,0.29138531453937716,0.4139850416707099,0.12827563053440003,0.3013289256156356,0.4332387241493038,0.5772403374048001,0.21752781468835716,0.3428301930932211,0.12827563053440003,0.16705821485415284,0.20363886678256762,0.3054018682875959
2026-01-07 17:00:00,0.2332540110136823,0.13909170531196338,0.12827563053440003,0.5772403374048001,0.30598397997398613,0.2762076319342107,0.12827563053440003,0.12827563053440003,0.12827563053440003,0.43851234164679437,0.31819853796976694,0.3384568259788
2026-01-07 18:00:00,0.12827563053440003,0.2208203118998325,0.4506373852867457,0.12827563053440003,0.12827563053440003,0.12827563053440003,0.14131052767443517,0.12827563053440003,0.12827563053440003,0.12827563053440003,0.27453662424213,0.3069158777223052
2026-01-07 19:00:00,0.2416467308416162,0.0,0.15704048996462672,0.5487479511134513,0.47678988607700895,0.18515530562780091,0.19076369882944533,0.12827563053440003,0.3821343112808117,0.1866496269296862,0.2352728568092605,0.0
2026-01-07 20:00:00,0.25683529366090513,0.0,0.0,0.33092635329683967,0.2844589556597336,0.1820969667300349,0.12827563053440003,0.15728392042421455,0.37422636259925296,0.0,0.3515361426379615,0.0
2026-01-07 21:00:00,0.0,0.0,0.0,0.48699159525684066,0.0,0.0,0.35965684268555825,0.19144741402464727,0.32578868907602926,0.0,0.32221573279445337,0.0
2026-01-07 22:00:00,0.0,0.0,0.0,0.0,0.0,0.0,0.0,0.0,0.0,0.0,0.0,0.0
2026-01-07 23:00:00,0.0,0.0,0.0,0.0,0.0,0.0,0.0,0.0,0.0,0.0,0.0,0.0
2026-01-08 00:00:00,0.0,0.0,0.0,0.0,0.0,0.0,0.0,0.0,0.0,0.0,0.0,0.0
2026-01-08 01:00:00,0.0,0.0,0.0,0.0,0.0,0.0,0.0,0.0,0.0,0.0,0.0,0.0
2026-01-08 02:00:00,0.0,0.0,0.0,0.0,0.0,0.0,0.0,0.0,0.0,0.0,0.0,0.0
2026-01-08 03:00:00,0.0,0.0,0.0,0.0,0.0,0.0,0.0,0.0,0.0,0.0,0.0,0.0
2026-01-08 04:00:00,0.0,0.0,0.0,0.0,0.0,0.0,0.0,0.0,0.0,0.0,0.0,0.0
2026-01-08 05:00:00,0.0,0.0,0.0,0.0,0.0,0.0,0.0,0.0,0.0,0.0,0.0,0.0
2026-01-08 06:00:00,0.0,0.0,0.0,0.0,0.0,0.0,0.0,0.0,0.0,0.0,0.0,0.0
2026-01-08 07:00:00,0.0,0.0,0.0,0.0,0.0,0.0,0.12669339164977458,0.0,0.0,0.0,0.0,0.20648056089353622
2026-01-08 08:00:00,0.0,0.11765852221440001,0.16442699562272395,0.32654420043143884,0.11765852221440001,0.0,0.3102571348430128,0.42326261953571104,0.362574881564144,0.35855511994695044,0.0,0.5294633499648
2026-01-08 09:00:00,0.0,0.11765852221440001,0.21386556876851123,0.14301464819777823,0.2736178691366152,0.3618581672326041,0.46131453616393536,0.38983265486765545,0.11765852221440001,0.5294633499648,0.20036872419057963,0.4216616096191053
2026-01-08 10:00:00,0.0,0.3794873983725111,0.3235574962540172,0.21486839086550363,0.13077456297639395,0.11765852221440001,0.4923954747355185,0.40907519520322616,0.3399483673785961,0.45500525372089534,0.5294633499648,0.2706976070375885
2026-01-08 11:00:00,0.11765852221440001,0.5053798225571609,0.4863900174888473,0.523120334502054,0.2780076385460257,0.28465175871442594,0.5294633499648,0.4572016385084922,0.11765852221440001,0.41308184093903705,0.194212117379997,0.11765852221440001
2026-01-08 12:00:00,0.4094461440410763,0.11765852221440001,0.24004339323333512,0.35284458100250526,0.3859612804077061,0.1406883865112511,0.11765852221440001,0.2477689585227928,0.39861335043316887,0.5213191185737881,0.2144888142245286,0.3617741808594155
2026-01-08 13:00:00,0.34666772732375906,0.11765852221440001,0.18754828309462962,0.11765852221440001,0.3079860451114152,0.16740143709329505,0.11765852221440001,0.4840463437377523,0.11765852221440001,0.5075125428764312,0.5294633499648,0.2782942114809078
2026-01-08 14:00:00,0.352947164783527,0.1390684213316555,0.43804912624175985,0.5294633499648,0.3597398531703602,0.11765852221440001,0.1497873347116279,0.3919824641760435,0.24102693827516647,0.17596800500894302,0.34302481146051994,0.1566599170014227
2026-01-08 15:00:00,0.11765852221440001,0.3447176546989652,0.2197716314167121,0.24558714241956922,0.2263449254456542,0.11765852221440001,0.13518719297728155,0.2667618369382094,0.34601945535785034,0.24265360838244585,0.27910543448845065,0.11765852221440001
2026-01-08 16:00:00,0.45119857578951783,0.4170404531111903,0.39827561807408457,0.5294633499648,0.1254250106937937,0.4271065682821631,0.16172123284805828,0.14728788481794872,0.5050646313560447,0.3656901446602046,0.3186428787904366,0.30155643914757213
2026-01-08 17:00:00,0.11765852221440001,0.16209794845555403,0.3666645210440368,0.29109141287695806,0.12014018988516284,0.11765852221440001,0.23951186151283257,0.15008085270995028,0.2685887760630741,0.2362179193196742,0.11765852221440001,0.1735963867105208
2026-01-08 18:00:00,0.3201558905779911,0.11765852221440001,0.38833929472090395,0.48837620542604426,0.35172545578474457,0.11765852221440001,0.31777401732380306,0.21208600576693992,0.4144630818920112,0.36139552854147133,0.3353263453617683,0.3697987110551133
2026-01-08 19:00:00,0.5294633499648,0.11765852221440001,0.5055143878805134,0.24929775073604402,0.1394511103309259,0.2775990849672169,0.5294633499648,0.11765852221440001,0.40930204919286584,0.12398716798355401,0.5294633499648,0.19579037949159595
2026-01-08 20:00:00,0.11765852221440001,0.20345644148021416,0.5294633499648,0.26692424687769056,0.4823857884344131,0.11765852221440001,0.25255328364371304,0.1763040925482989,0.0,0.11765852221440001,0.0,0.2177262096633825
2026-01-08 21:00:00,0.0,0.11765852221440001,0.0,0.11765852221440001,0.2740294118463063,0.19821229622259987,0.2764997992151861,0.43722524801178564,0.0,0.41389675785062374,0.0,0.0
2026-01-08 22:00:00,0.0,0.0,0.0,0.0,0.26422965158910433,0.0,0.0,0.0,0.0,0.0,0.0,0.0
2026-01-08 23:00:00,0.0,0.0,0.0,0.0,0.0,0.0,0.0,0.0,0.0,0.0,0.0,0.0
2026-01-09 00:00:00,0.0,0.0,0.0,0.0,0.0,0.0,0.0,0.0,0.0,0.0,0.0,0.0
2026-01-09 01:00:00,0.0,0.0,0.0,0.0,0.0,0.0,0.0,0.0,0.0,0.0,0.0,0.0
2026-01-09 02:00:00,0.0,0.0,0.0,0.0,0.0,0.0,0.0,0.0,0.0,0.0,0.0,0.0
2026-01-09 03:00:00,0.0,0.0,0.0,0.0,0.0,0.0,0.0,0.0,0.0,0.0,0.0,0.0
2026-01-09 04:00:00,0.0,0.0,0.0,0.0,0.0,0.0,0.0,0.0,0.0,0.0,0.0,0.0
2026-01-09 05:00:00,0.0,0.0,0.0,0.0,0.0,0.0,0.0,0.0,0.0,0.0,0.0,0.0
2026-01-09 06:00:00,0.0,0.0,0.0,0.0,0.0,0.0,0.0,0.0,0.0,0.0,0.0,0.0
2026-01-09 07:00:00,0.0,0.198697965016181,0.0,0.0,0.0,0.0,0.1137342385344,0.0,0.0,0.3294053787560526,0.0,0.0
2026-01-09 08:00:00,0.22901395028915886,0.30962768790160355,0.5011061326403099,0.0,0.0,0.0,0.24364225646622092,0.1137342385344,0.0,0.16299904908143337,0.0,0.0
2026-01-09 09:00:00,0.1137342385344,0.26350470227857886,0.2495230105554682,0.0,0.38293512368660415,0.0,0.3572865643848993,0.1137342385344,0.34265358133580515,0.352116588370912,0.0,0.22142056571248933
2026-01-09 10:00:00,0.291893653642987,0.4896088357044353,0.28499463872444747,0.31315495847847874,0.1137342385344,0.20325934230816184,0.4957235423201714,0.4188424232935326,0.48246240306185206,0.36581643974204414,0.3182813180753279,0.215930563327772
2026-01-09 11:00:00,0.1137342385344,0.2146205507250171,0.5118040734047999,0.37284321214073757,0.1137342385344,0.14491441064033136,0.33569645367127204,0.13844386071208767,0.22593535542679666,0.49499999840960357,0.19893615352804078,0.2873070118965306
2026-01-09 12:00:00,0.45899276972550856,0.312186475780945,0.5040961314147996,0.1137342385344,0.5118040734047999,0.37323203933652305,0.1137342385344,0.4637010758530664,0.3581003722999209,0.2984095293571935,0.13703583498121377,0.2968555568226211
2026-01-09 13:00:00,0.1137342385344,0.2506750095456305,0.25776382440717327,0.423849721338471,0.1137342385344,0.20696915525389778,0.1137342385344,0.1137342385344,0.3217430635001184,0.2753540362644983,0.5118040734047999,0.36864723234192714
2026-01-09 14:00:00,0.16837057790214746,0.28900249301995745,0.3710666861897857,0.2352404040801639,0.1137342385344,0.47525396646463014,0.13787252678299494,0.5118040734047999,0.1137342385344,0.5118040734047999,0.13493883637607043,0.39306016233309976
2026-01-09 15:00:00,0.34466603709525095,0.26954646142460553,0.2746288614617921,0.4013475269603558,0.18194890064621014,0.1137342385344,0.3495585239272984,0.24626560083419421,0.47199982346953123,0.46979013454157226,0.32286704469617816,0.31494613516146713
2026-01-09 16:00:00,0.1137342385344,0.47801743075705516,0.23572708109696475,0.4717625440776109,0.3765443936363178,0.281789927444829,0.30779320282375056,0.1137342385344,0.3545251771604525,0.2358252679798953,0.1137342385344,0.32292230652834897
2026-01-09 17:00:00,0.2536822640429721,0.1137342385344,0.4626893573781077,0.4124011644176966,0.1137342385344,0.23543881678071196,0.3079331320664718,0.1137342385344,0.32576398559248176,0.1137342385344,0.24071111479698024,0.5118040734047999
2026-01-09 18:00:00,0.4213000371222539,0.1137342385344,0.22157457602137434,0.31470574609447527,0.1300455186727526,0.1137342385344,0.1137342385344,0.39777725383335766,0.1596631509534272,0.4558516328894038,0.23052335121168507,0.42223562552554184
2026-01-09 19:00:00,0.1137342385344,0.4609329491136531,0.3817236405959529,0.4992678989477524,0.1137342385344,0.0,0.1137342385344,0.1137342385344,0.19684566444619364,0.3748710287298281,0.17862797228022065,0.39705372386224824
2026-01-09 20:00:00,0.0,0.0,0.0,0.46396686909565377,0.1137342385344,0.0,0.319225910433889,0.3411821822151155,0.0,0.3765724967992814,0.3655516904456818,0.0
2026-01-09 21:00:00,0.0,0.0,0.0,0.5118040734047999,0.2200851481536067,0.0,0.0,0.0,0.0,0.0,0.0,0.0
2026-01-09 22:00:00,0.0,0.0,0.0,0.0,0.0,0.0,0.0,0.0,0.0,0.0,0.0,0.0
2026-01-09 23:00:00,0.0,0.0,0.0,0.0,0.0,0.0,0.0,0.0,0.0,0.0,0.0,0.0
2026-01-10 00:00:00,0.0,0.0,0.0,0.0,0.0,0.0,0.0,0.0,0.0,0.0,0.0,0.0
2026-01-10 01:00:00,0.0,0.0,0.0,0.0,0.0,0.0,0.0,0.0,0.0,0.0,0.0,0.0
2026-01-10 02:00:00,0.0,0.0,0.0,0.0,0.0,0.0,0.0,0.0,0.0,0.0,0.0,0.0
2026-01-10 03:00:00,0.0,0.0,0.0,0.0,0.0,0.0,0.0,0.0,0.0,0.0,0.0,0.0
2026-01-10 04:00:00,0.0,0.0,0.0,0.0,0.0,0.0,0.0,0.0,0.0,0.0,0.0,0.0
2026-01-10 05:00:00,0.0,0.0,0.0,0.0,0.0,0.0,0.0,0.0,0.0,0.0,0.0,0.0
2026-01-10 06:00:00,0.0,0.0,0.0,0.0,0.0,0.0,0.0,0.0,0.0,0.35217806563741927,0.0,0.0
2026-01-10 07:00:00,0.0,0.32171520226249706,0.0,0.0,0.0,0.0,0.0,0.0,0.19700029906855138,0.11896100400000001,0.0,0.27534637679840257
2026-01-10 08:00:00,0.0,0.22905314213759678,0.4420913018855802,0.26111544139548226,0.0,0.2744516895513668,0.0,0.0,0.11896100400000001,0.3430165024951994,0.4856803980340931,0.34393783261191335
2026-01-10 09:00:00,0.11896100400000001,0.34188089212215045,0.48079650570923016,0.27333870866823917,0.1853209356554069,0.11896100400000001,0.11896100400000001,0.11896100400000001,0.3877717470199222,0.3768865873782842,0.4044990572763366,0.11896100400000001
2026-01-10 10:00:00,0.31315892318153615,0.11896100400000001,0.49112386849919626,0.29256380034036955,0.4050081861445731,0.39077603922644494,0.40194180381212014,0.3123170518029984,0.17189401577285374,0.17327426564073767,0.4386728669603197,0.4555988615743922
2026-01-10 11:00:00,0.2766300247190893,0.45904333116301954,0.2708908998719042,0.3971280784717662,0.5011522633350208,0.2328248665233827,0.14579272789627618,0.11896100400000001,0.2999275966102454,0.4709687582827474,0.32556468873268574,0.22189164790544505
2026-01-10 12:00:00,0.26908060020673524,0.2642536264749089,0.23294857440017822,0.5057592849297038,0.13537286221219502,0.34025027940606284,0.21445367132477058,0.28857635296983075,0.4305570515451478,0.43501022347031826,0.535324518,0.535324518
2026-01-10 13:00:00,0.2846620013108159,0.5237522801888561,0.5270393721145832,0.11896100400000001,0.3001004333724393,0.1342025925133137,0.2228178896169398,0.21712430610162106,0.4136495309356204,0.30176618830985413,0.3116411388321125,0.40131732746177745
2026-01-10 14:00:00,0.11896100400000001,0.31504555218461555,0.3807331111699923,0.37932111973511534,0.11896100400000001,0.2197195210853746,0.27991849223917636,0.11896100400000001,0.1736176034440994,0.5071576172906705,0.21966325368608783,0.20476081619029227
2026-01-10 15:00:00,0.26611889422088447,0.1761680677858342,0.1405024279391776,0.21552929977444577,0.11896100400000001,0.14444290900652962,0.4147587192204271,0.35755670451413035,0.46205262571400624,0.37606156400776064,0.18609149072618522,0.48373129309795665
2026-01-10 16:00:00,0.275994754767331,0.11896100400000001,0.11896100400000001,0.11896100400000001,0.296068620681908,0.3394252503608898,0.11896100400000001,0.11896100400000001,0.5166637280510797,0.5158844328347333,0.1489603001429705,0.19782237835327832
2026-01-10 17:00:00,0.11896100400000001,0.11896100400000001,0.11974508060503633,0.2655800101984199,0.15641381752271924,0.11896100400000001,0.32337089792108525,0.11896100400000001,0.22178641024141083,0.33341716924870324,0.2864026881608284,0.2519926952463049
2026-01-10 18:00:00,0.5313728960788267,0.11896100400000001,0.21190637697194806,0.11896100400000001,0.15495317037759496,0.17917079441321046,0.11896100400000001,0.11896100400000001,0.20548387814402197,0.3633474049762106,0.3083671723900386,0.2583901457749825
2026-01-10 19:00:00,0.3053469562798892,0.32091086118252865,0.3002375032369603,0.0,0.3064499865627998,0.366971626265183,0.18365573030920057,0.22732774720128732,0.5348308153948325,0.3617977398406374,0.535324518,0.5155256744300841
2026-01-10 20:00:00,0.11896100400000001,0.0,0.0,0.0,0.11896100400000001,0.3434494326250845,0.0,0.4697556436481485,0.0,0.12253001391618205,0.0,0.11896100400000001
2026-01-10 21:00:00,0.3350174650518632,0.0,0.0,0.0,0.0,0.0,0.0,0.19474114040224672,0.0,0.0,0.0,0.3110957029027322
2026-01-10 22:00:00,0.0,0.0,0.0,0.0,0.0,0.0,0.0,0.0,0.0,0.0,0.0,0.11896100400000001
2026-01-10 23:00:00,0.0,0.0,0.0,0.0,0.0,0.0,0.0,0.0,0.0,0.0,0.0,0.0
2026-01-11 00:00:00,0.0,0.0,0.0,0.0,0.0,0.0,0.0,0.0,0.0,0.0,0.0,0.0
2026-01-11 01:00:00,0.0,0.0,0.0,0.0,0.0,0.0,0.0,0.0,0.0,0.0,0.0,0.0
2026-01-11 02:00:00,0.0,0.0,0.0,0.0,0.0,0.0,0.0,0.0,0.0,0.0,0.0,0.0
2026-01-11 03:00:00,0.0,0.0,0.0,0.0,0.0,0.0,0.0,0.0,0.0,0.0,0.0,0.0
2026-01-11 04:00:00,0.0,0.0,0.0,0.0,0.0,0.0,0.0,0.0,0.0,0.0,0.0,0.0
2026-01-11 05:00:00,0.0,0.0,0.0,0.0,0.0,0.0,0.0,0.0,0.0,0.0,0.0,0.0
2026-01-11 06:00:00,0.0,0.0,0.0,0.0,0.0,0.0,0.0,0.0,0.0,0.0,0.0,0.0
2026-01-11 07:00:00,0.3629904318503947,0.0,0.0,0.12245235037933816,0.0,0.0,0.2587926185480885,0.0,0.0,0.0,0.0,0.0
2026-01-11 08:00:00,0.27865990049197104,0.16904875366345723,0.0,0.5049312808698,0.2490536623978275,0.0,0.1122069513044,0.1122069513044,0.3797347888356457,0.0,0.0,0.1122069513044
2026-01-11 09:00:00,0.34134612633099004,0.12998906140489408,0.4263425276004651,0.1122069513044,0.1122069513044,0.352933991732749,0.1122069513044,0.1122069513044,0.15318639795802305,0.0,0.4559271969137901,0.32397019173951813
2026-01-11 10:00:00,0.5049312808698,0.3805759227344024,0.38056918942061213,0.3910862036090756,0.1887585216161097,0.1122069513044,0.20748894871480753,0.27195784209920704,0.3460331679454634,0.3749501275303426,0.1944493244514055,0.2211607818929812
2026-01-11 11:00:00,0.17785309200163585,0.20703467640846568,0.4621187607990294,0.4873182755720596,0.1122069513044,0.1122069513044,0.5049312808698,0.1122069513044,0.4387902482126743,0.18337188789677883,0.3358875623411114,0.3724417449139681
2026-01-11 12:00:00,0.1122069513044,0.1122069513044,0.1122069513044,0.28738708530644336,0.26922608407393733,0.17747276752594773,0.1122069513044,0.338763612634701,0.14380070752678337,0.5049312808698,0.34186407693460297,0.43206911663669517
2026-01-11 13:00:00,0.1122069513044,0.15109323996239205,0.19958165209840203,0.24281345708671068,0.1122069513044,0.20031101394200737,0.2375701954664187,0.29348138645719957,0.21336712529863477,0.1122069513044,0.20369764784031125,0.38400650180474843
2026-01-11 14:00:00,0.1122069513044,0.35885724685169934,0.2603984022051351,0.21706891993524904,0.1122069513044,0.30695060711844,0.1122069513044,0.48204339521348855,0.2769096106364204,0.22803595128056542,0.19281423631518266,0.2665148274404479
2026-01-11 15:00:00,0.20362825682062785,0.2503170878025394,0.1122069513044,0.41582593302784987,0.1730937214157819,0.15505158807207453,0.12063340665127041,0.1122069513044,0.1122069513044,0.15461707545065156,0.23707125883759797,0.1122069513044
2026-01-11 16:00:00,0.2676890319344617,0.1122069513044,0.3363424839855486,0.5049312808698,0.33505560689748526,0.1122069513044,0.2204525248018008,0.30973796310173646,0.3845837817634176,0.40565736472383984,0.27373789621563394,0.12046812601112582
2026-01-11 17:00:00,0.25781599788332854,0.27754474994777295,0.22997674480439112,0.5049312808698,0.4354815230104994,0.1339240118672803,0.24422416636532035,0.27212638453986226,0.2378493844879559,0.17794014660328425,0.41974194706242623,0.32505133967740163
2026-01-11 18:00:00,0.34213079139755465,0.28807917753907664,0.3464034118801786,0.46448868869543786,0.24566229533080047,0.2941523386445569,0.19355688778675997,0.2542353254182367,0.29737359774296324,0.1122069513044,0.43588814926920627,0.3938836460385648
2026-01-11 19:00:00,0.2174287486200728,0.0,0.0,0.5049312808698,0.19895714853735091,0.1122069513044,0.32361532932693005,0.1122069513044,0.4526933419923188,0.2980034267621592,0.3271230529981646,0.19737680505246943
2026-01-11 20:00:00,0.43806424292575513,0.0,0.0,0.14496282445079334,0.0,0.0,0.2857565632370785,0.14893398193179203,0.0,0.37039396735144253,0.22730842398440945,0.4915068155700724
2026-01-11 21:00:00,0.1749018473191195,0.0,0.0,0.0,0.0,0.0,0.0,0.0,0.0,0.0,0.1122069513044,0.5049312808698
2026-01-11 22:00:00,0.0,0.0,0.0,0.0,0.0,0.0,0.0,0.0,0.0,0.0,0.34626424116287907,0.0
2026-01-11 23:00:00,0.0,0.0,0.0,0.0,0.0,0.0,0.0,0.0,0.0,0.0,0.0,0.0
2026-01-12 00:00:00,0.0,0.0,0.0,0.0,0.0,0.0,0.0,0.0,0.0,0.0,0.0,0.0
2026-01-12 01:00:00,0.0,0.0,0.0,0.0,0.0,0.0,0.0,0.0,0.0,0.0,0.0,0.0
2026-01-12 02:00:00,0.0,0.0,0.0,0.0,0.0,0.0,0.0,0.0,0.0,0.0,0.0,0.0
2026-01-12 03:00:00,0.0,0.0,0.0,0.0,0.0,0.0,0.0,0.0,0.0,0.0,0.0,0.0
2026-01-12 04:00:00,0.0,0.0,0.0,0.0,0.0,0.0,0.0,0.0,0.0,0.0,0.0,0.0
2026-01-12 05:00:00,0.0,0.0,0.0,0.0,0.0,0.0,0.0,0.0,0.0,0.0,0.0,0.0
2026-01-12 06:00:00,0.0,0.0,0.0,0.0,0.0,0.0,0.0,0.0,0.0,0.0,0.0,0.0
2026-01-12 07:00:00,0.0,0.0,0.0,0.18489588946424715,0.33392082092468234,0.0,0.0,0.0,0.0,0.0,0.2431983176556064,0.0
2026-01-12 08:00:00,0.0,0.0,0.0,0.3698736222369248,0.1119889326784,0.0,0.11906604282923065,0.1119889326784,0.0,0.0,0.15657503390154692,0.0
2026-01-12 09:00:00,0.0,0.23109274656134884,0.3786150724989154,0.1119889326784,0.19302704587393074,0.1846135243794832,0.14226048845692885,0.17412769338765946,0.0,0.30572159910597196,0.1119889326784,0.3963300134796344
2026-01-12 10:00:00,0.0,0.21906477179709266,0.1119889326784,0.1119889326784,0.2989369382456694,0.4078923115707237,0.2571723047658377,0.4987533733893384,0.24553316938037273,0.21195571619826173,0.1119889326784,0.35038836116163447
2026-01-12 11:00:00,0.2887718449252789,0.1119889326784,0.1119889326784,0.3309641544603683,0.1119889326784,0.2625003587354211,0.36821239228318114,0.3801983721533169,0.3313986539687105,0.20205470742795711,0.12209273357157627,0.16577378421067235
2026-01-12 12:00:00,0.1808591359505192,0.31278163526925884,0.33299052873985285,0.11272486468934986,0.21597732886835358,0.1119889326784,0.1119889326784,0.24600261796070924,0.37698664702889884,0.3130049303275236,0.3883044809561621,0.34745133308769377
2026-01-12 13:00:00,0.3241643599495583,0.1173979432604142,0.12929686681314714,0.2925648908091852,0.1496680322076136,0.1119889326784,0.11202104171384361,0.48648661131885024,0.39263066666473884,0.19802655849879555,0.44206452769711985,0.2793468367243839
2026-01-12 14:00:00,0.28736016963670785,0.1672122001162923,0.45003534371820697,0.1119889326784,0.33098364981968653,0.3601758719987683,0.1119889326784,0.1119889326784,0.4548453749799844,0.1471256161601352,0.17003357543805814,0.1302107929049901
2026-01-12 15:00:00,0.20388576679420778,0.1119889326784,0.3654803608919544,0.48143332510724646,0.5039501970528,0.3039411163087649,0.1119889326784,0.1119889326784,0.2953697543516666,0.2554143195806394,0.4256715639293914,0.37816204005425286
2026-01-12 16:00:00,0.1119889326784,0.14507005812726273,0.5039501970528,0.42387290934561367,0.24744266470272655,0.16078329050707796,0.1424598966736815,0.16016320753202534,0.1119889326784,0.4216449695462792,0.28281958162100057,0.5039501970528
2026-01-12 17:00:00,0.1119889326784,0.5039501970528,0.25894260626182913,0.2818076336011132,0.1119889326784,0.1119889326784,0.1119889326784,0.27804906100351673,0.35818039069286567,0.24841300186354537,0.12385897126138871,0.1119889326784
2026-01-12 18:00:00,0.14676229032456498,0.42485721505739515,0.46129548890724,0.2858487656049397,0.15641046271711892,0.44704040326002126,0.26422196400417153,0.1119889326784,0.5039501970528,0.32393910105492174,0.1786319228979185,0.12883674969737016
2026-01-12 19:00:00,0.3459320608929066,0.0,0.0,0.2676209939913418,0.5039501970528,0.38716471504333655,0.1119889326784,0.1431383632271826,0.0,0.1119889326784,0.187879533860143,0.5039501970528
2026-01-12 20:00:00,0.0,0.0,0.0,0.47431914544328413,0.5039501970528,0.0,0.22829891985156228,0.23238816622165953,0.0,0.1119889326784,0.0,0.3397418875432158
2026-01-12 21:00:00,0.0,0.0,0.0,0.3195367751805282,0.1119889326784,0.0,0.0,0.0,0.0,0.1420953209248835,0.0,0.0
2026-01-12 22:00:00,0.0,0.0,0.0,0.0,0.0,0.0,0.0,0.0,0.0,0.1119889326784,0.0,0.0
2026-01-12 23:00:00,0.0,0.0,0.0,0.0,0.0,0.0,0.0,0.0,0.0,0.0,0.0,0.0
2026-01-13 00:00:00,0.0,0.0,0.0,0.0,0.0,0.0,0.0,0.0,0.0,0.0,0.0,0.0
2026-01-13 01:00:00,0.0,0.0,0.0,0.0,0.0,0.0,0.0,0.0,0.0,0.0,0.0,0.0
2026-01-13 02:00:00,0.0,0.0,0.0,0.0,0.0,0.0,0.0,0.0,0.0,0.0,0.0,0.0
2026-01-13 03:00:00,0.0,0.0,0.0,0.0,0.0,0.0,0.0,0.0,0.0,0.0,0.0,0.0
2026-01-13 04:00:00,0.0,0.0,0.0,0.0,0.0,0.0,0.0,0.0,0.0,0.0,0.0,0.0
2026-01-13 05:00:00,0.0,0.0,0.0,0.0,0.0,0.0,0.0,0.0,0.0,0.0,0.0,0.0
2026-01-13 06:00:00,0.0,0.0,0.0,0.0,0.0,0.0,0.0,0.0,0.0,0.0,0.0,0.0
2026-01-13 07:00:00,0.0,0.11242502400000001,0.0,0.0,0.0,0.0,0.0,0.0,0.0,0.0,0.0,0.0
2026-01-13 08:00:00,0.0,0.22105901906127282,0.0,0.41789125184242076,0.45291745434842734,0.0,0.0,0.0,0.2545163407908353,0.0,0.30143327658090663,0.0
2026-01-13 09:00:00,0.11242502400000001,0.3117190089018105,0.14634136492560562,0.4499522802526712,0.280675279810166,0.43374076164366,0.505912608,0.3533255465511245,0.16117715769307087,0.11242502400000001,0.11242502400000001,0.2646294324559778
2026-01-13 10:00:00,0.23944672509007345,0.16164188845990388,0.2880007380993392,0.11242502400000001,0.25340763431816,0.4387548408429405,0.11242502400000001,0.31590970079064096,0.2641541834299222,0.3241873145804231,0.4034643326113029,0.287306281906895
2026-01-13 11:00:00,0.22478876519573057,0.1912223905951671,0.1443713602843657,0.3360186515469776,0.35331748178837363,0.18407991323559175,0.40653411877551043,0.4944285901796205,0.332023368094356,0.27549964029389234,0.246496016307746,0.38026684799941035
2026-01-13 12:00:00,0.11242502400000001,0.2792764502502476,0.2188311885962745,0.27685410083314926,0.25978215510262526,0.3373950473286238,0.15098644667263553,0.4022337137052541,0.505912608,0.4359465209351494,0.23672536397223312,0.36516106439460044
2026-01-13 13:00:00,0.2707621508435815,0.3380752433986075,0.11242502400000001,0.15360767015918392,0.21443197528490038,0.2586876425496641,0.19910952663504963,0.4215247259284151,0.29064925496917915,0.3527668745950134,0.15137930979137243,0.182469170039396
2026-01-13 14:00:00,0.30191412796583617,0.1256132593826049,0.11242502400000001,0.2709010973267098,0.24917305013757765,0.38418084489691184,0.11242502400000001,0.36450014922559665,0.3885225539595383,0.11499447221757475,0.1654171998938691,0.505912608
2026-01-13 15:00:00,0.3820612607198422,0.16905321556842703,0.32079923482178635,0.41520442300185995,0.25496339254926415,0.1568375906123666,0.3120456406518269,0.11242502400000001,0.38353717450402736,0.27380165489529934,0.2314159040204519,0.4681531428802868
2026-01-13 16:00:00,0.377572675233088,0.16908033538026948,0.27747623791174086,0.1849899912696458,0.289381190459123,0.11242502400000001,0.11242502400000001,0.3068533031053103,0.2962818760393051,0.11242502400000001,0.28425484041071547,0.505912608
2026-01-13 17:00:00,0.11242502400000001,0.4658662267198152,0.505912608,0.1736976731571825,0.19446086673632715,0.40009428869927216,0.4093914308149738,0.11242502400000001,0.4431513890671356,0.20434230720813246,0.2840716208030847,0.4984525178422535
2026-01-13 18:00:00,0.11242502400000001,0.3393476952077281,0.505912608,0.23028989608035688,0.44958731102883565,0.2010967054881342,0.11242502400000001,0.11242502400000001,0.505912608,0.49929570153592806,0.20819935402857168,0.3070161905841919
2026-01-13 19:00:00,0.2948934394378047,0.20672047217770645,0.26054873967135905,0.27718512706598525,0.42702102598250796,0.4503073713058809,0.24694295889118775,0.1517768892414028,0.48182066703638626,0.12502985445128514,0.23880958753088247,0.11242502400000001
2026-01-13 20:00:00,0.0,0.11242502400000001,0.26633394562386015,0.35862639586079686,0.11242502400000001,0.0,0.11242502400000001,0.1810066699200619,0.0,0.2385564036800632,0.3264357099246425,0.0
2026-01-13 21:00:00,0.0,0.0,0.0,0.0,0.0,0.0,0.0,0.0,0.0,0.0,0.40781746495053545,0.0
2026-01-13 22:00:00,0.0,0.0,0.0,0.0,0.0,0.0,0.0,0.0,0.0,0.0,0.18860201119195127,0.0
2026-01-13 23:00:00,0.0,0.0,0.0,0.0,0.0,0.0,0.0,0.0,0.0,0.0,0.0,0.0
2026-01-14 00:00:00,0.0,0.0,0.0,0.0,0.0,0.0,0.0,0.0,0.0,0.0,0.0,0.0
2026-01-14 01:00:00,0.0,0.0,0.0,0.0,0.0,0.0,0.0,0.0,0.0,0.0,0.0,0.0
2026-01-14 02:00:00,0.0,0.0,0.0,0.0,0.0,0.0,0.0,0.0,0.0,0.0,0.0,0.0
2026-01-14 03:00:00,0.0,0.0,0.0,0.0,0.0,0.0,0.0,0.0,0.0,0.0,0.0,0.0
2026-01-14 04:00:00,0.0,0.0,0.0,0.0,0.0,0.0,0.0,0.0,0.0,0.0,0.0,0.0
2026-01-14 05:00:00,0.0,0.0,0.0,0.0,0.0,0.0,0.0,0.0,0.0,0.0,0.0,0.0
2026-01-14 06:00:00,0.0,0.0,0.24002794347908527,0.0,0.0,0.0,0.0,0.0,0.0,0.0,0.0,0.0
2026-01-14 07:00:00,0.0,0.0,0.38078591126344324,0.0,0.0,0.0,0.0,0.0,0.0,0.0,0.0,0.0
2026-01-14 08:00:00,0.0,0.0,0.4053639314803515,0.23903555686028896,0.0,0.0,0.23971757258427684,0.0,0.0,0.0,0.0,0.3112747474618229
2026-01-14 09:00:00,0.3825640175300815,0.0,0.14173275228271512,0.11024750000000001,0.0,0.13578485683689076,0.3017568381523028,0.0,0.0,0.0,0.1902428490197543,0.22384551202770428
2026-01-14 10:00:00,0.3552408623592785,0.0,0.23310394054972983,0.4961137500000001,0.23884085272543729,0.11024750000000001,0.3592869844327742,0.11024750000000001,0.4961137500000001,0.28417809633993646,0.24985236798347282,0.3222778560809827
2026-01-14 11:00:00,0.3097016607754286,0.11024750000000001,0.4961137500000001,0.3695220065174791,0.14578240620602212,0.11024750000000001,0.22396554098292973,0.16761408107382153,0.4961137500000001,0.2227395487226371,0.35132921631515557,0.11024750000000001
2026-01-14 12:00:00,0.16423101314381594,0.11024750000000001,0.19632128706774643,0.14402745330178834,0.4961137500000001,0.11024750000000001,0.11024750000000001,0.1784042540954715,0.22987410133591446,0.41022098559092673,0.4961137500000001,0.16982934546651396
2026-01-14 13:00:00,0.32589083672109254,0.4961137500000001,0.3750096326817205,0.36583115398044963,0.15819638059667532,0.11024750000000001,0.18433805237676756,0.32390413798471956,0.2965770355455977,0.34471491017705136,0.3856888761984922,0.4680111300522449
2026-01-14 14:00:00,0.11024750000000001,0.4235349200800212,0.11024750000000001,0.17670264768729332,0.3890780539820925,0.33266361162931,0.2733489676713829,0.2336532226329783,0.33092459492383147,0.36442425698180647,0.4762608500330267,0.24440971849834855
2026-01-14 15:00:00,0.17603687999193315,0.2040129598928989,0.47215534843908624,0.3375461130992449,0.41486299876422356,0.11024750000000001,0.2985904944017631,0.3913600209723033,0.2714362307854468,0.20512393542347493,0.31874070129270393,0.2605572218713876
2026-01-14 16:00:00,0.13863388928587042,0.1453286131853921,0.3585759022380508,0.2168403118175546,0.11024750000000001,0.3334998826980168,0.2628497347585441,0.14873723998373123,0.2778106199159118,0.468605856564287,0.23388605567074264,0.3399938958011409
2026-01-14 17:00:00,0.22399626218342128,0.2551998777789908,0.3503192981361209,0.2175824559894293,0.16614260995343574,0.1778943113140904,0.27779934335730766,0.4961137500000001,0.3429068557090726,0.16296141855479299,0.11024750000000001,0.18693661327830127
2026-01-14 18:00:00,0.4961137500000001,0.18256637984237792,0.46347701205261405,0.32609274262874915,0.24346616899210918,0.33344967436206907,0.11024750000000001,0.3134388418611695,0.18991928099477737,0.2988234460634997,0.1613659751282541,0.37843871199778395
2026-01-14 19:00:00,0.11024750000000001,0.4257490596022258,0.40160989846248535,0.0,0.11024750000000001,0.15573087545287037,0.3426835296945407,0.27766291433992457,0.32476866449096775,0.4961137500000001,0.0,0.2312439234653759
2026-01-14 20:00:00,0.31494901201179887,0.0,0.1136047540871095,0.0,0.2986634548116354,0.3684466021162769,0.3251144404135189,0.4349160760079394,0.0,0.21779826744177366,0.0,0.29507494348761454
2026-01-14 21:00:00,0.11024750000000001,0.0,0.0,0.0,0.18144757214783527,0.3978642001802526,0.1956637067106,0.0,0.0,0.46857881943036894,0.0,0.0
2026-01-14 22:00:00,0.14065519407000793,0.0,0.0,0.0,0.0,0.0,0.0,0.0,0.0,0.0,0.0,0.0
2026-01-14 23:00:00,0.0,0.0,0.0,0.0,0.0,0.0,0.0,0.0,0.0,0.0,0.0,0.0
