date,Consumption_kWh_Vehicle_0,Consumption_kWh_Vehicle_1,Consumption_kWh_Vehicle_2,Consumption_kWh_Vehicle_3,Consumption_kWh_Vehicle_4,Consumption_kWh_Vehicle_5,Consumption_kWh_Vehicle_6
2026-01-01 00:00:00,0.0,0.0,0.0,0.0,0.0,0.0,0.0
2026-01-01 01:00:00,0.0,0.0,0.0,0.0,0.0,0.0,0.0
2026-01-01 02:00:00,0.0,0.0,0.0,0.0,0.0,0.0,0.0
2026-01-01 03:00:00,0.0,0.0,0.0,0.0,0.0,0.0,0.0
2026-01-01 04:00:00,0.0,0.0,0.0,0.0,0.0,0.0,0.0
2026-01-01 05:00:00,0.0,0.0,0.0,2.3643538486222746,0.0,0.0,0.0
2026-01-01 06:00:00,0.0,1.6678246193769914,0.0,3.2225312412729727,0.0,0.0,0.6608106118237435
2026-01-01 07:00:00,1.3138556125604879,1.723875973616315,2.0710139943766266,3.1884302380478977,2.5550412750554754,1.8167840035014227,2.283550473292939
2026-01-01 08:00:00,3.3458967828745734,0.6799683970760864,1.2414267664512473,2.409208576134409,1.7009576721762223,0.8370481947515321,2.837939992878039
2026-01-01 09:00:00,2.4362176257220076,1.1990020623330881,2.1558074581656856,0.7369437700074684,1.9202896314236786,1.0456208339652993,1.4681524237295476
2026-01-01 10:00:00,1.0501363059607964,1.5800588531834863,2.4944869472285642,1.304370848770537,0.9258291868778097,1.83730551905265,0.6608106118237435
2026-01-01 11:00:00,2.184222877563508,0.6799683970760864,3.3570824474918286,2.7673005371450126,2.0604499651564216,2.26589053410678,2.303193265861932
2026-01-01 12:00:00,0.0,0.0,1.2327910251831324,0.0,1.6657152006275722,2.10230886270122,0.0
2026-01-01 13:00:00,0.0,0.7419912546782857,0.0,3.8409947587887823,1.7256683118905407,0.0,1.7550425000734389
2026-01-01 14:00:00,0.7653583538283393,1.6923877772672515,0.6863368559316627,3.41443709213597,1.9254704150780422,1.6979668317526506,1.6881165655253376
2026-01-01 15:00:00,0.7634821869702646,0.6799683970760864,0.6863368559316627,1.821049935782896,1.0430511813417982,0.6847659925362678,2.422863820957999
2026-01-01 16:00:00,1.337752702486902,0.8311752879530512,1.4823291473114408,3.117475832364287,0.5035454570951112,1.1172155496441811,2.7357559329502976
2026-01-01 17:00:00,0.5944831726731219,0.9843850055247251,2.101805036068149,4.22067795549732,2.2659545569280004,0.9455184724427014,0.6695640313676308
2026-01-01 18:00:00,0.5944831726731219,2.397531541363181,1.5273862206355044,2.422892574095202,1.4294127959009462,1.840332911796276,0.6886738009476735
2026-01-01 19:00:00,0.6851284940614278,2.1153678701866747,0.6863368559316627,0.0,2.2659545569280004,0.7253621875465782,0.0
2026-01-01 20:00:00,0.5944831726731219,0.0,0.0,0.0,0.0,1.613479675997783,0.0
2026-01-01 21:00:00,0.0,0.0,0.0,0.0,0.0,0.0,0.0
2026-01-01 22:00:00,0.0,0.0,0.0,0.0,0.0,0.0,0.0
2026-01-01 23:00:00,0.0,0.0,0.0,0.0,0.0,0.0,0.0
2026-01-02 00:00:00,0.0,0.0,0.0,0.0,0.0,0.0,0.0
2026-01-02 01:00:00,0.0,0.0,0.0,0.0,0.0,0.0,0.0
2026-01-02 02:00:00,0.0,0.0,0.0,0.0,0.0,0.0,0.0
2026-01-02 03:00:00,0.0,0.0,0.0,0.0,0.0,0.0,0.0
2026-01-02 04:00:00,0.0,0.0,0.0,0.0,0.0,0.0,0.0
2026-01-02 05:00:00,0.0,0.9936303576053459,0.0,0.0,0.0,0.7910644704085208,0.0
2026-01-02 06:00:00,0.0,1.88770093997439,0.0,2.7665628132706725,0.0,1.8249726424831123,0.0
2026-01-02 07:00:00,1.719417401773742,0.6554918407603298,0.0,1.3520200560849074,1.8203472560146117,1.328983349327941,0.67232184
2026-01-02 08:00:00,0.8545064657799749,1.2098440382680231,4.613457604687874,3.4015290536179483,4.001147851429102,0.9280739641191702,0.67232184
2026-01-02 09:00:00,1.0056836826743885,1.456112846718411,1.2591941622266374,2.2148424475309714,5.116736653207768,0.7910644704085208,1.0830890493631096
2026-01-02 10:00:00,1.7700326699951627,2.5209418849895338,1.2591941622266374,0.755895345248433,3.390288653206737,2.4960939850354418,1.8303369586430744
2026-01-02 11:00:00,0.8545064657799749,1.6300333312460178,3.8536380910421952,0.755895345248433,3.284916831990704,1.583538164372047,1.6799366994624596
2026-01-02 12:00:00,0.0,0.0,0.0,2.708890068441486,0.0,0.0,0.0
2026-01-02 13:00:00,1.4753250252204793,0.9821840887915464,0.0,0.0,4.4808485684404245,0.0,0.0
2026-01-02 14:00:00,0.66714407423307,0.5041883769979068,1.070315037892642,2.930340233334442,1.4303377512239335,4.35985421991285,1.6537931997240534
2026-01-02 15:00:00,0.9228790203842104,1.9060599166859158,4.816417670516889,3.655441176735497,2.1760473897849573,4.2521505599856235,0.7784779200000002
2026-01-02 16:00:00,0.6662600815886788,2.2688476964905804,1.2231045091984878,1.2904108386832576,1.1420376701768065,4.819844214418769,3.3896410306020766
2026-01-02 17:00:00,2.697591844441327,0.5041883769979068,2.0392745088165474,0.8503822634044871,2.126069698834393,2.226995904820339,0.7784779200000002
2026-01-02 18:00:00,1.1531613914939476,1.8156000230955358,2.3451084711259886,3.0251665222176833,4.255484942528538,0.0,0.7784779200000002
2026-01-02 19:00:00,0.6064239434567563,0.5041883769979068,0.0,2.5601340416267475,0.0,0.0,0.0
2026-01-02 20:00:00,1.845210889887665,0.819824913471908,0.0,0.0,0.0,0.0,0.0
2026-01-02 21:00:00,0.0,0.0,0.0,0.0,0.0,0.0,0.0
2026-01-02 22:00:00,0.0,0.0,0.0,0.0,0.0,0.0,0.0
2026-01-02 23:00:00,0.0,0.0,0.0,0.0,0.0,0.0,0.0
2026-01-03 00:00:00,0.0,0.0,0.0,0.0,0.0,0.0,0.0
2026-01-03 01:00:00,0.0,0.0,0.0,0.0,0.0,0.0,0.0
2026-01-03 02:00:00,0.0,0.0,0.0,0.0,0.0,0.0,0.0
2026-01-03 03:00:00,0.0,0.0,0.0,0.0,0.0,0.0,0.0
2026-01-03 04:00:00,0.0,0.0,0.0,0.0,0.0,0.0,0.0
2026-01-03 05:00:00,0.0,0.0,0.0,0.0,0.0,0.0,0.0
2026-01-03 06:00:00,0.0,0.0,0.0,0.0,0.0,0.0,0.0
2026-01-03 07:00:00,0.0,0.0,0.0,0.0,0.0,0.0,0.0
2026-01-03 08:00:00,2.498896815244736,0.0,0.0,0.0,0.0,0.0,0.0
2026-01-03 09:00:00,1.8382532240744969,4.153303478162053,2.1388744273558684,0.0,0.0,1.9214963817336277,3.148241182889354
2026-01-03 10:00:00,1.5038920495002384,5.758093561019563,1.3404117729992302,1.8773427938811165,2.789523906699069,3.9462796575109786,4.508309087798685
2026-01-03 11:00:00,1.2878449718821563,4.172234815834296,3.962189440824342,3.204968344544683,5.2851161972479135,4.460670583189967,4.540885656249825
2026-01-03 12:00:00,0.0,4.462698800831059,0.0,1.209049010004,0.0,1.145840079526878,0.0
2026-01-03 13:00:00,0.6308081791325216,3.9878530644730428,0.0,0.6248516621433554,0.0,1.9872689207113312,2.4103604720141445
2026-01-03 14:00:00,0.6308081791325216,2.062403079609594,0.6702058864996151,1.734563894151038,0.9324756407437894,0.7433442728802669,0.6063769392576447
2026-01-03 15:00:00,0.8145172325008053,1.1686298361380414,1.192504513529794,2.7203602725089997,0.6594812781839999,1.4428314525809132,0.5580226200018461
2026-01-03 16:00:00,2.121390142100324,0.8861895698828984,2.2694314744357476,0.815280893987534,1.534388833346509,2.6907536182814504,1.1600584754445997
2026-01-03 17:00:00,1.5070253195529035,1.1902688197680973,2.036865440078595,1.9104957277654768,1.8302300946681895,0.6974678744946213,1.9465759799114772
2026-01-03 18:00:00,0.6308081791325216,0.8861895698828984,0.859296341439415,1.1919205025424786,0.8235127820842434,2.5548758862496297,1.476859788660035
2026-01-03 19:00:00,0.0,0.0,1.1700357714144076,0.0,0.0,0.0,2.120158149545857
2026-01-03 20:00:00,0.0,0.0,0.0,0.0,0.0,0.0,0.0
2026-01-03 21:00:00,0.0,0.0,0.0,0.0,0.0,0.0,0.0
2026-01-03 22:00:00,0.0,0.0,0.0,0.0,0.0,0.0,0.0
2026-01-03 23:00:00,0.0,0.0,0.0,0.0,0.0,0.0,0.0
2026-01-04 00:00:00,0.0,0.0,0.0,0.0,0.0,0.0,0.0
2026-01-04 01:00:00,0.0,0.0,0.0,0.0,0.0,0.0,0.0
2026-01-04 02:00:00,0.0,0.0,0.0,0.0,0.0,0.0,0.0
2026-01-04 03:00:00,0.0,0.0,0.0,0.0,0.0,0.0,0.0
2026-01-04 04:00:00,0.0,0.0,0.0,0.0,0.0,0.0,0.0
2026-01-04 05:00:00,0.0,0.0,0.0,0.0,0.0,0.0,0.0
2026-01-04 06:00:00,0.0,0.0,0.0,0.0,0.0,0.0,0.0
2026-01-04 07:00:00,0.0,0.0,0.0,0.0,0.0,0.0,0.0
2026-01-04 08:00:00,0.0,0.0,0.0,0.0,0.0,0.0,0.0
2026-01-04 09:00:00,0.0,1.3050301525,2.9987671683804447,5.8128526675642105,0.0,2.4004339946948545,0.0
2026-01-04 10:00:00,5.801382488559295,2.5864127926749734,5.55786923913675,1.526509753596797,3.2031373768565836,2.3841544292651005,0.0
2026-01-04 11:00:00,1.817932841309534,1.5294731478879031,4.138273387257456,4.385277648122904,6.975099234082282,3.897525298544481,11.403411421718216
2026-01-04 12:00:00,0.0,0.0,0.0,0.0,0.0,0.0,0.0
2026-01-04 13:00:00,1.0473566329885777,2.2946431051072906,0.6264144732,2.1254404000979497,1.4582765339786243,2.8248407748099083,1.1420656576838575
2026-01-04 14:00:00,1.6586361851267435,2.739767928533609,0.6264144732,0.6236010524589958,1.7363288060276272,1.2777458859928261,2.2967996147842373
2026-01-04 15:00:00,2.2735481333201855,1.4998272268875872,0.6264144732,1.0106570780902036,1.3933333230105391,0.65251507625,1.3180568954761256
2026-01-04 16:00:00,0.8851425263767746,0.7118346286363636,0.9339973982423253,0.6236010524589958,0.8096579255938774,0.8896349883821555,0.5800134011111112
2026-01-04 17:00:00,1.1652778185586308,2.211870720248833,1.5526831465591635,1.1474167990612731,1.6569581136821967,2.087617458969921,0.8559323654128683
2026-01-04 18:00:00,0.6992049389652054,1.019885974868912,0.6264144732,2.560499963667,2.5168438655357144,2.337293718264018,2.610060305
2026-01-04 19:00:00,0.6992049389652054,0.0,2.8188651294000002,1.9723854391777922,0.9145029172168045,0.0,2.610060305
2026-01-04 20:00:00,0.0,0.0,0.0,0.0,0.0,0.0,0.0
2026-01-04 21:00:00,0.0,0.0,0.0,0.0,0.0,0.0,0.0
2026-01-04 22:00:00,0.0,0.0,0.0,0.0,0.0,0.0,0.0
2026-01-04 23:00:00,0.0,0.0,0.0,0.0,0.0,0.0,0.0
2026-01-05 00:00:00,0.0,0.0,0.0,0.0,0.0,0.0,0.0
2026-01-05 01:00:00,0.0,0.0,0.0,0.0,0.0,0.0,0.0
2026-01-05 02:00:00,0.0,0.0,0.0,0.0,0.0,0.0,0.0
2026-01-05 03:00:00,0.0,0.0,0.0,0.0,0.0,0.0,0.0
2026-01-05 04:00:00,0.0,0.0,0.0,0.0,0.0,0.0,0.0
2026-01-05 05:00:00,0.0,0.0,0.0,0.0,0.0,4.413297082858637,0.0
2026-01-05 06:00:00,0.0,0.0,0.0,0.7416161937001364,0.0,3.1215493225549387,0.0
2026-01-05 07:00:00,1.0265056867309303,4.072172927240002,1.3037055509978266,2.256210363416105,0.0,2.819888341256388,0.0
2026-01-05 08:00:00,2.3833402117874534,2.7571327797233334,2.8856792138320544,3.3372728716506144,5.507308296302293,2.173798691232733,2.9638458210509775
2026-01-05 09:00:00,3.9695128055596975,4.135617260076323,2.3559862164702836,2.4274740430538904,1.6118968834645764,2.7075877641299906,1.2637270471738575
2026-01-05 10:00:00,1.8478649842090742,4.175144189884228,2.771900734595842,1.5543607772512886,4.641637378660854,1.4438282798232882,2.284283001188528
2026-01-05 11:00:00,4.005380531845174,2.154117999505014,2.0504126393146285,2.7703639723693194,5.507308296302293,3.0418214840293345,5.686771712282359
2026-01-05 12:00:00,0.9875835048977767,0.0,0.0,0.0,0.0,2.589917186759192,0.0
2026-01-05 13:00:00,2.278993063662588,1.9028858987076167,0.0,0.9367783499370145,1.4836535039919476,6.018132385716324,4.821836622188479
2026-01-05 14:00:00,1.5274859895378003,0.8779688242177232,1.0821127246487225,2.6645710634851447,1.7945763216398034,3.3982108502758503,3.8279504871565218
2026-01-05 15:00:00,1.1326836755230625,1.7502683421152314,3.2981296039640515,1.6191900778318833,0.9577927471830077,5.01203779349272,3.0465904058442974
2026-01-05 16:00:00,1.532306509270806,0.8779688242177232,2.4438024120719817,1.346041048197506,2.716522892271047,1.707429013388216,5.119334942728483
2026-01-05 17:00:00,0.7492012795776238,1.331041279150306,3.4899366625864103,4.215502574716565,4.310067362323534,1.3373627523814056,4.296620286934568
2026-01-05 18:00:00,1.2138168596328311,2.06441329536282,1.928864574597818,0.0,1.9847633819346977,4.955376118427398,0.0
2026-01-05 19:00:00,1.803671108687291,1.787679111717901,1.0821127246487225,0.0,0.0,0.0,0.0
2026-01-05 20:00:00,0.0,0.0,0.0,0.0,0.0,0.0,0.0
2026-01-05 21:00:00,0.0,0.0,0.0,0.0,0.0,0.0,0.0
2026-01-05 22:00:00,0.0,0.0,0.0,0.0,0.0,0.0,0.0
2026-01-05 23:00:00,0.0,0.0,0.0,0.0,0.0,0.0,0.0
2026-01-06 00:00:00,0.0,0.0,0.0,0.0,0.0,0.0,0.0
2026-01-06 01:00:00,0.0,0.0,0.0,0.0,0.0,0.0,0.0
2026-01-06 02:00:00,0.0,0.0,0.0,0.0,0.0,0.0,0.0
2026-01-06 03:00:00,0.0,0.0,0.0,0.0,0.0,0.0,0.0
2026-01-06 04:00:00,0.0,0.0,0.0,0.0,0.0,0.0,0.0
2026-01-06 05:00:00,0.0,0.0,0.0,0.0,0.0,0.0,1.2662016418323
2026-01-06 06:00:00,0.0,3.9805691475063503,0.9697271612829858,2.2640560029695025,2.7507833417303433,0.0,1.7878585749644387
2026-01-06 07:00:00,0.0,2.8377770080191222,2.490126177905301,2.70509883348453,2.8612001522866524,2.4197581324346853,2.529353408687299
2026-01-06 08:00:00,3.716431361129582,0.884570921668078,2.708538739900596,0.8145709814791737,0.7198395324701773,3.0347302818695545,2.6230826923894015
2026-01-06 09:00:00,1.8778348523552457,0.884570921668078,2.674520895517668,3.665569416656282,2.3282019667512506,1.9284934909471094,2.2356263428413574
2026-01-06 10:00:00,4.1115933849818775,2.4289646933921443,0.9888744068004736,1.3373209489895965,0.6971042803293978,2.7784981525231514,2.026601855155186
2026-01-06 11:00:00,3.220276922041149,2.51884806120157,1.8941022823349085,2.762441041198845,1.261372146312552,0.7983780875904002,2.486393792143152
2026-01-06 12:00:00,0.0,0.0,0.0,0.0,0.0,0.0,0.0
2026-01-06 13:00:00,3.7598342444537582,3.0572221864233473,4.11153753760217,1.9910193577282513,2.2852032710739953,0.0,2.4445872037614693
2026-01-06 14:00:00,1.1596551004213518,2.3473568311707447,2.8818604825119545,3.0031483048383496,2.788417121317591,0.8870867639893336,3.2384759507617353
2026-01-06 15:00:00,1.7078718092681393,4.1464261953191155,2.3779848757863804,1.0984972055379105,1.0289349192176005,3.9918904379520006,0.931225827466705
2026-01-06 16:00:00,1.605858342923269,1.8764354180570566,4.932959907396058,0.8951039159529484,1.029329438251776,2.4751553330772507,4.190516223600173
2026-01-06 17:00:00,1.1596551004213518,0.9330428360315999,1.2604623063043905,1.422561626458783,2.5348734858327524,2.189195681955307,1.40687251273451
2026-01-06 18:00:00,2.6952752296622986,1.3844501694285118,1.0962133127546796,0.9467362462947115,2.022571416401644,0.0,2.9015404440869035
2026-01-06 19:00:00,0.0,0.0,0.0,0.7331138833312564,2.788417121317591,0.0,0.0
2026-01-06 20:00:00,0.0,0.0,0.0,1.8005831227062519,0.0,0.0,0.0
2026-01-06 21:00:00,0.0,0.0,0.0,0.0,0.0,0.0,0.0
2026-01-06 22:00:00,0.0,0.0,0.0,0.0,0.0,0.0,0.0
2026-01-06 23:00:00,0.0,0.0,0.0,0.0,0.0,0.0,0.0
2026-01-07 00:00:00,0.0,0.0,0.0,0.0,0.0,0.0,0.0
2026-01-07 01:00:00,0.0,0.0,0.0,0.0,0.0,0.0,0.0
2026-01-07 02:00:00,0.0,0.0,0.0,0.0,0.0,0.0,0.0
2026-01-07 03:00:00,0.0,0.0,0.0,0.0,0.0,0.0,0.0
2026-01-07 04:00:00,0.0,0.0,0.0,0.0,3.2413018681577723,0.0,0.0
2026-01-07 05:00:00,0.0,0.0,0.0,0.0,2.797268967385015,0.0,1.8164312354712913
2026-01-07 06:00:00,0.0,0.0,0.0,0.0,2.5094240934500376,3.71476335735018,0.9487732718113567
2026-01-07 07:00:00,1.1689784148930686,2.923875542029934,4.374682714448938,0.0,2.6909050471950957,3.658078771794765,1.3891017841765283
2026-01-07 08:00:00,0.8049736216605108,1.371932679103225,2.9236254545291547,3.0599416878707597,2.470732266819852,3.3412507363671957,2.292529193876322
2026-01-07 09:00:00,1.3683303887900142,0.8427031096196896,2.8254650097139042,3.698034245750108,0.7202893040350605,1.0656287895639016,2.9093465279880624
2026-01-07 10:00:00,1.9895159878971487,0.8427031096196896,2.0536926963830635,4.178664103612986,2.4821636728421916,1.832950076800318,4.269479723151106
2026-01-07 11:00:00,3.6180696616588044,2.717994452516266,2.3101711968260616,5.426783211020262,1.8014094631291038,1.0656287895639016,1.717277187406447
2026-01-07 12:00:00,0.0,0.0,0.0,0.0,3.2413018681577723,0.0,1.3620268250672511
2026-01-07 13:00:00,2.1031363818695215,3.147540053549564,1.2942789102697012,2.932925620733488,3.991192709709344,0.0,5.158954665474252
2026-01-07 14:00:00,2.2134992857195797,0.7327853127127737,1.2615008319672876,1.7468305291630166,2.3681041839416674,5.480376632042922,3.411566375555458
2026-01-07 15:00:00,1.7719066850921894,0.7327853127127737,1.603245860987792,3.381669813542617,0.9603857387134138,3.1766372838252113,4.774799497942745
2026-01-07 16:00:00,0.974441752536408,0.866127626762906,0.9279630000346233,2.367961808278717,1.7974736192221432,1.7965925161134928,1.1464343701053894
2026-01-07 17:00:00,1.8356617146610037,2.146925098514278,0.9279630000346233,2.9521167450366774,2.167724150157469,3.5209498029978747,3.9171610780742747
2026-01-07 18:00:00,0.0,2.597356426847578,0.0,3.4168635032349797,0.9603857387134138,1.9953409407988698,2.7011332191705644
2026-01-07 19:00:00,0.0,0.0,0.0,2.219621430621879,3.432208807532711,0.0,0.0
2026-01-07 20:00:00,0.0,0.0,0.0,0.0,0.0,0.0,0.0
2026-01-07 21:00:00,0.0,0.0,0.0,0.0,0.0,0.0,0.0
2026-01-07 22:00:00,0.0,0.0,0.0,0.0,0.0,0.0,0.0
2026-01-07 23:00:00,0.0,0.0,0.0,0.0,0.0,0.0,0.0
2026-01-08 00:00:00,0.0,0.0,0.0,0.0,0.0,0.0,0.0
2026-01-08 01:00:00,0.0,0.0,0.0,0.0,0.0,0.0,0.0
2026-01-08 02:00:00,0.0,0.0,0.0,0.0,0.0,0.0,0.0
2026-01-08 03:00:00,0.0,0.0,0.0,0.0,0.0,0.0,0.0
2026-01-08 04:00:00,0.0,0.0,0.0,2.357540923324307,0.0,0.0,0.441219458304
2026-01-08 05:00:00,0.0,0.0,0.0,1.4295155383673068,1.8179411710587785,1.3130414284706207,0.441219458304
2026-01-08 06:00:00,0.7265056502538558,0.6236522257278859,0.0,3.201864901400214,2.401205300570504,2.9345552410224713,1.3143969210697164
2026-01-08 07:00:00,2.5282056201458043,0.9573831208896835,0.0,0.8326275578256894,2.401205300570504,2.2450037485883856,1.2871965805292933
2026-01-08 08:00:00,2.1405679582005646,0.7047072908427782,2.9155131632763744,2.655502579631094,2.401205300570504,0.6521233868938825,1.1205893770847428
2026-01-08 09:00:00,2.179341577901686,1.998933422599673,1.7394325128445618,1.6367249445061667,0.8177257707397294,1.0200763818323841,0.6913875405037956
2026-01-08 10:00:00,0.7265056502538558,1.0895437444939906,1.3528218229999702,1.8257637123709494,0.5336011779045565,0.6521233868938825,0.6593270016960305
2026-01-08 11:00:00,2.7860142089856934,1.6978176422081495,3.067111437570424,0.8326275578256894,1.090183650764715,1.3017297747683958,0.9432119324588137
2026-01-08 12:00:00,0.7265056502538558,0.0,0.0,0.0,0.0,0.0,0.0
2026-01-08 13:00:00,1.9768654160310273,1.4449060914589487,0.0,1.3033526178734864,0.0,2.2131135120155117,1.8586300933575919
2026-01-08 14:00:00,3.2692754261423516,2.684729278165038,2.245705285370822,4.186976746257065,1.1377439483985525,2.0370736984621702,1.891695034247708
2026-01-08 15:00:00,0.7265056502538558,1.176853917267119,1.1721714799474547,0.951574351800788,1.2714509833666405,2.4059877311652587,0.6138705506838261
2026-01-08 16:00:00,0.8333045956020035,1.7118485424601804,0.588292611072,1.617849071161352,1.6634438482950547,4.401832861533707,1.773643655888327
2026-01-08 17:00:00,1.493713135403048,1.374555539756894,1.368089345683076,2.9778209295152576,2.0578127741976706,4.335817158543893,0.6138705506838261
2026-01-08 18:00:00,0.8956040047762822,1.5847211036480442,0.6538728148819698,1.3049493937883347,2.668005889522782,0.0,2.079721828346968
2026-01-08 19:00:00,0.7265056502538558,0.0,1.3900381927301286,2.3357728175769656,1.7291605613692556,0.0,0.0
2026-01-08 20:00:00,0.0,0.0,0.0,0.0,0.0,0.0,0.0
2026-01-08 21:00:00,0.0,0.0,0.0,0.0,0.0,0.0,0.0
2026-01-08 22:00:00,0.0,0.0,0.0,0.0,0.0,0.0,0.0
2026-01-08 23:00:00,0.0,0.0,0.0,0.0,0.0,0.0,0.0
2026-01-09 00:00:00,0.0,0.0,0.0,0.0,0.0,0.0,0.0
2026-01-09 01:00:00,0.0,0.0,0.0,0.0,0.0,0.0,0.0
2026-01-09 02:00:00,0.0,0.0,0.0,0.0,0.0,0.0,0.0
2026-01-09 03:00:00,0.0,0.0,0.0,0.0,0.0,0.0,0.0
2026-01-09 04:00:00,0.0,0.0,0.0,0.0,0.0,0.0,0.0
2026-01-09 05:00:00,0.0,0.0,0.0,0.0,0.0,0.0,1.9961221200955113
2026-01-09 06:00:00,1.1229883580241826,0.0,0.0,0.0,0.0,0.0,1.971265740882502
2026-01-09 07:00:00,1.6624562774975349,1.0355372024753493,0.750570359065331,0.0,0.8444075344450757,0.0,2.3298819139249787
2026-01-09 08:00:00,3.403161194482602,1.0355372024753493,2.1973887497024505,2.0396081293085464,2.040337333133255,4.291934596338488,0.5666627235839216
2026-01-09 09:00:00,1.1229883580241826,1.0355372024753493,0.8712144541571802,4.042614467680344,2.740398894013276,3.9118850520405717,1.462130849352417
2026-01-09 10:00:00,2.504806229228053,2.8627614445897107,3.013683221071259,2.584007821512822,3.1527699455823686,2.896821889967132,1.9772002254658168
2026-01-09 11:00:00,4.159829467538475,2.800481244632883,1.7119862573926614,4.490002847736383,2.6074014136945087,1.9283424125862612,1.7072168781154136
2026-01-09 12:00:00,0.0,1.9938722947173133,0.0,0.0,0.0,1.9509827625234968,0.0
2026-01-09 13:00:00,1.29143661172781,3.542881507623611,0.0,0.5442427694225919,0.0,0.0,2.4866814396214565
2026-01-09 14:00:00,2.8050328866963006,1.232782383899225,1.5072181191818004,1.7674922833806506,0.733978188389546,1.692143994756844,1.1645037029384133
2026-01-09 15:00:00,2.937682536434382,4.757025521608649,2.0389317984189512,1.5456922594061449,1.1793056718819992,0.6577677542281207,1.84570143428479
2026-01-09 16:00:00,3.8577642333990707,2.7384370057918606,1.948846045288832,0.5442427694225919,1.4549166226841805,1.4921058822865643,1.6583105735393893
2026-01-09 17:00:00,1.29143661172781,5.427598648577923,2.0042735246162846,0.8706425608938643,2.821021559012712,2.9507806916393804,0.5862028175006084
2026-01-09 18:00:00,0.0,0.0,1.0816489341558801,1.3054485101658428,2.551491159758156,1.766319001383887,2.4327557817511765
2026-01-09 19:00:00,0.0,0.0,0.0,1.8383322792045953,0.0,2.808039392233823,1.8272743582268005
2026-01-09 20:00:00,0.0,0.0,0.0,0.8562670056562619,0.0,1.6441980036970576,1.6790349911806166
2026-01-09 21:00:00,0.0,0.0,0.0,0.0,0.0,0.0,0.0
2026-01-09 22:00:00,0.0,0.0,0.0,0.0,0.0,0.0,0.0
2026-01-09 23:00:00,0.0,0.0,0.0,0.0,0.0,0.0,0.0
2026-01-10 00:00:00,0.0,0.0,0.0,0.0,0.0,0.0,0.0
2026-01-10 01:00:00,0.0,0.0,0.0,0.0,0.0,0.0,0.0
2026-01-10 02:00:00,0.0,0.0,0.0,0.0,0.0,0.0,0.0
2026-01-10 03:00:00,0.0,0.0,0.0,0.0,0.0,0.0,0.0
2026-01-10 04:00:00,0.0,0.0,0.0,0.0,0.0,0.0,0.0
2026-01-10 05:00:00,0.0,0.0,0.0,0.0,0.0,0.0,0.0
2026-01-10 06:00:00,0.0,0.0,0.0,0.0,0.0,0.0,0.0
2026-01-10 07:00:00,0.0,0.0,0.0,0.0,0.0,0.0,0.0
2026-01-10 08:00:00,0.8397247341176471,0.0,0.0,0.0,0.0,0.0,4.282596144
2026-01-10 09:00:00,1.8784863121474198,0.0,0.0,0.0,0.0,5.35324518,1.576002392548411
2026-01-10 10:00:00,1.9481982689458655,4.278811482433715,2.0393314971428573,2.8209224938500035,1.7844150600000002,1.18961004,0.9516880320000001
2026-01-10 11:00:00,0.8397247341176471,2.641157905599014,3.2624663315093447,3.8892745153605772,4.667014121078674,5.35324518,3.1021739761593774
2026-01-10 12:00:00,0.0,0.0,0.0,0.0,0.0,0.0,0.0
2026-01-10 13:00:00,2.656864480394133,0.620666107826087,1.6879236453120559,0.0,0.5490507876923076,1.444894943195835,0.7933569958747094
2026-01-10 14:00:00,1.5267347813994463,0.620666107826087,0.5098328742857143,1.2821101976207676,0.5490507876923076,0.4922524303448277,1.3842812151242092
2026-01-10 15:00:00,0.59480502,0.620666107826087,0.5829509339252531,2.341192538916518,2.2778851241174776,0.4922524303448277,1.9871863917468358
2026-01-10 16:00:00,1.6750873252593161,0.9350831722048099,0.5098328742857143,0.6461585072990808,1.0956586198905054,2.10065155945737,1.9091516812413245
2026-01-10 17:00:00,0.59480502,0.7190267970410326,0.5098328742857143,1.4707410753160701,1.4125552818681717,0.4922524303448277,0.8013120158958433
2026-01-10 18:00:00,1.781066595687535,2.1051331842630727,0.9865687335376375,2.490815730864507,1.4511593662935685,1.8557027919743654,2.13255058021849
2026-01-10 19:00:00,0.0,0.0,1.4393917684350135,0.0,1.714700609165429,1.9801804902637508,2.3846018217742144
2026-01-10 20:00:00,0.0,0.0,0.0,0.0,0.0,0.0,0.0
2026-01-10 21:00:00,0.0,0.0,0.0,0.0,0.0,0.0,0.0
2026-01-10 22:00:00,0.0,0.0,0.0,0.0,0.0,0.0,0.0
2026-01-10 23:00:00,0.0,0.0,0.0,0.0,0.0,0.0,0.0
2026-01-11 00:00:00,0.0,0.0,0.0,0.0,0.0,0.0,0.0
2026-01-11 01:00:00,0.0,0.0,0.0,0.0,0.0,0.0,0.0
2026-01-11 02:00:00,0.0,0.0,0.0,0.0,0.0,0.0,0.0
2026-01-11 03:00:00,0.0,0.0,0.0,0.0,0.0,0.0,0.0
2026-01-11 04:00:00,0.0,0.0,0.0,0.0,0.0,0.0,0.0
2026-01-11 05:00:00,0.0,0.0,0.0,0.0,0.0,0.0,0.0
2026-01-11 06:00:00,0.0,0.0,0.0,0.0,0.0,0.0,0.0
2026-01-11 07:00:00,0.0,0.0,0.0,0.0,0.0,0.0,0.0
2026-01-11 08:00:00,0.0,0.0,0.0,0.0,0.0,0.0,0.0
2026-01-11 09:00:00,0.0,1.122069513044,0.0,0.0,0.0,1.4946071333688093,1.197671876079446
2026-01-11 10:00:00,0.0,2.7754474994777296,6.697122974962532,5.857777923161826,0.0,3.3100770636369377,1.7459445573257215
2026-01-11 11:00:00,10.984487720683154,2.8807917753907666,1.8090484111046699,1.4960926840586668,2.6929668313056,2.6879663079625504,3.644797215924269
2026-01-11 12:00:00,0.0,0.0,0.0,0.0,0.0,1.5638023129448189,0.0
2026-01-11 13:00:00,0.0,1.498585668318409,0.0,0.4986975613528889,0.0,2.210377303320587,0.0
2026-01-11 14:00:00,0.9672727652227077,0.7329891940927465,1.8228986334231991,1.1727649779126035,1.7700814509315959,0.7800345248969287,0.8688281031598426
2026-01-11 15:00:00,0.6102493178157309,0.4986975613528889,0.722604260131559,1.2742682953173128,1.9408581627280248,0.6709458709214201,1.9625981480342147
2026-01-11 16:00:00,0.6102493178157309,0.4986975613528889,0.722604260131559,1.7482220427681245,2.7321081729191605,0.8725255493529371,2.4886889705711464
2026-01-11 17:00:00,0.6102493178157309,1.0290783776593126,1.798408212795693,1.0731152914509445,2.1801598171735357,1.5694981940055808,0.8155952331209896
2026-01-11 18:00:00,1.1074537126998991,0.9755166413386881,0.9501037069707079,0.827223589387668,0.0,2.6344240741033045,1.2101554525792817
2026-01-11 19:00:00,1.4558549824742708,0.4986975613528889,0.0,0.9792149527629703,0.0,0.0,0.0
2026-01-11 20:00:00,0.0,0.0,0.0,0.0,0.0,0.0,0.0
2026-01-11 21:00:00,0.0,0.0,0.0,0.0,0.0,0.0,0.0
2026-01-11 22:00:00,0.0,0.0,0.0,0.0,0.0,0.0,0.0
2026-01-11 23:00:00,0.0,0.0,0.0,0.0,0.0,0.0,0.0
2026-01-12 00:00:00,0.0,0.0,0.0,0.0,0.0,0.0,0.0
2026-01-12 01:00:00,0.0,0.0,0.0,0.0,0.0,0.0,0.0
2026-01-12 02:00:00,0.0,0.0,0.0,0.0,0.0,0.0,0.0
2026-01-12 03:00:00,0.0,0.0,0.0,0.0,0.0,0.0,0.0
2026-01-12 04:00:00,0.0,0.0,0.0,0.0,0.0,0.0,0.0
2026-01-12 05:00:00,0.0,0.0,0.0,0.0,0.0,0.0,0.0
2026-01-12 06:00:00,0.0,0.0,0.8968790940328081,0.0,1.4923388014100274,0.8964843184867353,3.158298670307116
2026-01-12 07:00:00,3.1682595693985336,3.5977364164835364,0.6385193286216819,3.0102103827689133,0.5168719969772307,0.6561816270741991,3.5227462943217245
2026-01-12 08:00:00,1.9530813066944341,3.033085974282536,1.1519509734010387,2.0274646042252398,0.9536792009809738,2.0956581058049966,0.7828325098492721
2026-01-12 09:00:00,0.704057682088563,0.7994969814407858,0.5189921944251403,3.698862760573463,1.4134876739427344,0.953123606684267,1.0830093875968896
2026-01-12 10:00:00,0.704057682088563,0.7994969814407858,0.8730671158173473,2.610502128675843,1.5229897654221725,2.4863354987679673,2.876726485802902
2026-01-12 11:00:00,1.8154654297347712,2.687468443501874,0.5189921944251403,0.8383156231037889,1.289595157014563,2.2215269062050433,1.7163423441962726
2026-01-12 12:00:00,1.137034356846074,0.0,0.0,0.0,0.0,0.0,0.0
2026-01-12 13:00:00,1.6303783055936119,2.3495327863203994,1.3490259509283422,0.8383156231037889,1.4880655323847127,2.4437108870349484,0.0
2026-01-12 14:00:00,1.4452723505455403,0.888329979378651,0.5622415439605687,3.341671779149159,1.3506647820864586,0.5430468637855441,2.537190220656331
2026-01-12 15:00:00,1.0254394747538556,1.7467050204424706,0.5622415439605687,2.920715233454289,0.9196358960175397,1.9171818177711648,2.886212187965164
2026-01-12 16:00:00,0.5632461456708503,2.463057875350587,0.8673302326401724,1.849078607683748,1.1124685216759937,1.7351534359052323,3.0059829026511578
2026-01-12 17:00:00,0.5632461456708503,1.2772186327690942,1.6788815625480804,0.8383156231037889,1.32589228211413,1.648566255406554,3.4822991086105546
2026-01-12 18:00:00,0.7381380675581823,0.0,2.182091225342132,3.77242030396705,1.0447742374320883,0.8008189281905167,2.2613527340683404
2026-01-12 19:00:00,1.7398585315697404,0.0,0.0,0.0,0.7465364399694497,1.138940392944718,0.0
2026-01-12 20:00:00,1.2460345046922676,0.0,0.0,0.0,0.830879878615625,0.0,0.0
2026-01-12 21:00:00,0.0,0.0,0.0,0.0,0.0,0.0,0.0
2026-01-12 22:00:00,0.0,0.0,0.0,0.0,0.0,0.0,0.0
2026-01-12 23:00:00,0.0,0.0,0.0,0.0,0.0,0.0,0.0
2026-01-13 00:00:00,0.0,0.0,0.0,0.0,0.0,0.0,0.0
2026-01-13 01:00:00,0.0,0.0,0.0,0.0,0.0,0.0,0.0
2026-01-13 02:00:00,0.0,0.0,0.0,0.0,0.0,0.0,0.0
2026-01-13 03:00:00,0.0,0.0,0.0,0.0,0.0,0.0,0.9728871708134982
2026-01-13 04:00:00,0.0,0.0,0.0,0.0,0.0,0.0,0.4971945152370334
2026-01-13 05:00:00,1.3057627029310908,0.0,0.0,0.0,0.0,0.0,1.1255868504809297
2026-01-13 06:00:00,0.6530593425677172,1.00900846950604,0.0,0.0,0.0,1.2063370388512964,0.7127985917662713
2026-01-13 07:00:00,1.5728148941478581,2.780116134498558,1.9976580325265036,4.065758672939235,0.8799557669811215,2.3349812676923074,1.1682097677673124
2026-01-13 08:00:00,1.7537718463931533,2.0251006588191816,3.4588597905000213,4.065758672939235,1.1479095607763943,2.161136099457747,1.4683581259190162
2026-01-13 09:00:00,2.2193339780500585,1.2336307872732883,1.1600175608986703,2.1750517954411768,0.6078258632040474,1.5393592372279454,2.2373753185666505
2026-01-13 10:00:00,2.1932604885123674,0.6709106718134488,1.9994365299040011,3.4071664458267765,1.759090639768866,2.3349812676923074,1.2853830071533359
2026-01-13 11:00:00,0.6530593425677172,3.019098023160519,3.0964854264848434,2.774635632116368,0.56212512,0.5188847261538462,1.7182231855655798
2026-01-13 12:00:00,0.0,0.0,0.0,0.0,1.578775987042958,0.0,0.0
2026-01-13 13:00:00,0.9469360467231901,0.0,0.9451994940655831,3.4392361527675357,1.86367070030532,0.6178508701185068,0.0
2026-01-13 14:00:00,2.4838351624086754,2.4807057357318785,1.8228735384258012,1.7782902732092234,2.128429065726773,1.023534458154326,3.0531160322032975
2026-01-13 15:00:00,2.4822203365120803,0.7987031807302961,1.2632154351062335,1.1910998207972776,1.9509020415816596,1.513237524667131,2.358527428160354
2026-01-13 16:00:00,2.4838512149328698,2.6526511109922075,2.793540137148644,3.5554980977119466,2.087610139553924,0.821704532687003,3.5276700684976903
2026-01-13 17:00:00,4.261212210254355,0.7987031807302961,4.253397723295124,2.1016427065908436,2.759523316363637,0.9528124994334628,4.0272755734199706
2026-01-13 18:00:00,0.0,0.7987031807302961,2.088444597993452,3.696144248126577,0.6132274036363636,1.3235601415381923,3.8354936651915885
2026-01-13 19:00:00,0.0,0.0,0.9451994940655831,0.0,0.0,1.8091688605712268,0.0
2026-01-13 20:00:00,0.0,0.0,0.0,0.0,0.0,0.0,0.0
2026-01-13 21:00:00,0.0,0.0,0.0,0.0,0.0,0.0,0.0
2026-01-13 22:00:00,0.0,0.0,0.0,0.0,0.0,0.0,0.0
2026-01-13 23:00:00,0.0,0.0,0.0,0.0,0.0,0.0,0.0
2026-01-14 00:00:00,0.0,0.0,0.0,0.0,0.0,0.0,0.0
2026-01-14 01:00:00,0.0,0.0,0.0,0.0,0.0,0.0,0.0
2026-01-14 02:00:00,0.0,0.0,0.0,0.0,0.0,0.0,0.0
2026-01-14 03:00:00,0.0,0.0,0.0,0.0,0.0,0.0,0.0
2026-01-14 04:00:00,0.0,0.0,0.0,0.0,0.0,0.0,0.0
2026-01-14 05:00:00,0.0,0.0,0.0,0.0,0.0,0.0,0.0
2026-01-14 06:00:00,0.0,0.0,1.084494557139239,0.0,0.0,3.613680187823248,0.0
2026-01-14 07:00:00,2.1077867180795518,0.0,1.1418924634463252,0.7392860722884849,0.0,3.491453656579749,0.0
2026-01-14 08:00:00,0.7130553854766769,1.7663033886129533,0.6361201271814855,1.1191603511486283,1.153469430536343,3.613680187823248,5.913894254050013
2026-01-14 09:00:00,1.138565911433451,4.119060734640434,2.5626848757696172,0.7392860722884849,5.088486335971953,3.2219268011112856,2.7402004621830676
2026-01-14 10:00:00,0.8966519999534436,2.4033282744389894,1.588109020012678,0.7392860722884849,1.8697789236050253,0.8030400417384996,3.535328795858403
2026-01-14 11:00:00,1.448756126683455,1.0666286585965654,1.4338239907445098,2.7999908805260483,3.4217813646532136,2.810161483502569,3.944766821004004
2026-01-14 12:00:00,3.2087492346450457,2.537013970310233,1.999131096033054,0.9590416521776889,0.0,0.8030400417384996,3.235639337920078
2026-01-14 13:00:00,0.0,1.1685828938690777,0.0,2.2660604553201145,1.0381224874827086,0.0,2.6217030156777614
2026-01-14 14:00:00,0.6307797640755218,1.1679719207487704,2.1661568172684187,1.423279207677243,2.426544330398622,1.2660718565640274,3.2360171759494487
2026-01-14 15:00:00,1.8019770379611435,3.2146451552873434,1.7880107466204709,2.265788520044046,2.687633555631863,1.702467080324776,1.7922711229328412
2026-01-14 16:00:00,0.6307797640755218,1.916696207027813,2.077694293597092,1.303238980575829,4.671551193672189,1.9112523085689572,3.0648467914989235
2026-01-14 17:00:00,0.8047570251613535,1.5394762110806577,2.1259762461601475,2.455336710215118,4.671551193672189,3.559532082430342,2.7429524387207995
2026-01-14 18:00:00,2.148699267905391,1.1462860699959194,2.4129641939980395,2.6146664808558047,0.0,0.8030400417384996,3.7765619626277234
2026-01-14 19:00:00,1.266443167681937,0.0,0.0,1.5369657615848267,0.0,3.396182838935358,0.0
2026-01-14 20:00:00,0.0,0.0,0.0,0.0,0.0,0.0,0.0
2026-01-14 21:00:00,0.0,0.0,0.0,0.0,0.0,0.0,0.0
2026-01-14 22:00:00,0.0,0.0,0.0,0.0,0.0,0.0,0.0
2026-01-14 23:00:00,0.0,0.0,0.0,0.0,0.0,0.0,0.0
