Datetime,Bus_1_Load_MW,Bus_2_Load_MW,Bus_3_Load_MW,Bus_4_Load_MW,Bus_5_Load_MW,Bus_6_Load_MW,Bus_7_Load_MW,Bus_8_Load_MW,Bus_9_Load_MW,Bus_10_Load_MW,Bus_11_Load_MW,Bus_12_Load_MW,Bus_13_Load_MW,Bus_14_Load_MW
2026-01-01 00:00:00+01:00,8.8267936223,0.0,0.138225,0.215825,0.36375,0.27402499999999996,0.03825,0.293425,0.286875,0.23765,0.16490000000000002,8.2353718273,0.017,0.10427499999999999
2026-01-01 01:00:00+01:00,8.833686605599999,0.0,0.138225,0.215825,0.36375,0.27402499999999996,0.03825,0.293425,0.286875,0.23765,0.16490000000000002,8.1807494336,0.017,0.10427499999999999
2026-01-01 02:00:00+01:00,8.7863700024,0.0,0.138225,0.215825,0.36375,0.27402499999999996,0.03825,0.293425,0.286875,0.23765,0.16490000000000002,8.2204275977,0.017,0.10427499999999999
2026-01-01 03:00:00+01:00,8.7727859899,0.0,0.138225,0.215825,0.36375,0.27402499999999996,0.03825,0.293425,0.286875,0.23765,0.16490000000000002,8.168103829,0.017,0.10427499999999999
2026-01-01 04:00:00+01:00,8.7545511998,0.0,0.138225,0.215825,0.36375,0.27402499999999996,0.03825,0.293425,0.286875,0.23765,0.16490000000000002,8.1621576578,0.017,0.10427499999999999
2026-01-01 05:00:00+01:00,9.762571945,0.0,0.138225,0.215825,0.36375,0.27402499999999996,0.03825,0.293425,0.286875,0.23765,0.16490000000000002,8.600939198499999,0.017,0.10427499999999999
2026-01-01 06:00:00+01:00,10.095451326,0.0,0.138225,0.215825,0.36375,0.27402499999999996,0.03825,0.293425,0.286875,0.23765,0.16490000000000002,8.790104037999999,0.017,0.10427499999999999
2026-01-01 07:00:00+01:00,10.123780295,0.0,0.138225,0.215825,0.36375,0.27402499999999996,0.03825,0.293425,0.286875,0.23765,0.16490000000000002,8.762523217599998,0.017,0.10427499999999999
2026-01-01 08:00:00+01:00,10.185239595,0.0,0.138225,0.215825,0.36375,0.27402499999999996,0.03825,0.293425,0.286875,0.23765,0.16490000000000002,8.7977791967,0.017,0.10427499999999999
2026-01-01 09:00:00+01:00,10.146101432,0.0,0.138225,0.215825,0.36375,0.27402499999999996,0.03825,0.293425,0.286875,0.23765,0.16490000000000002,8.79841386,0.017,0.10427499999999999
2026-01-01 10:00:00+01:00,10.186090221999999,0.0,0.138225,0.215825,0.36375,0.27402499999999996,0.03825,0.293425,0.286875,0.23765,0.16490000000000002,8.7868754545,0.017,0.10427499999999999
2026-01-01 11:00:00+01:00,9.870344227,0.0,0.138225,0.215825,0.36375,0.27402499999999996,0.03825,0.293425,0.286875,0.23765,0.16490000000000002,8.6636069495,0.017,0.10427499999999999
2026-01-01 12:00:00+01:00,9.840757255,0.0,0.138225,0.215825,0.36375,0.27402499999999996,0.03825,0.293425,0.286875,0.23765,0.16490000000000002,8.6695688436,0.017,0.10427499999999999
2026-01-01 13:00:00+01:00,9.889556021999999,0.0,0.138225,0.215825,0.36375,0.27402499999999996,0.03825,0.293425,0.286875,0.23765,0.16490000000000002,8.695610654700001,0.017,0.10427499999999999
2026-01-01 14:00:00+01:00,9.915626372,0.0,0.138225,0.215825,0.36375,0.27402499999999996,0.03825,0.293425,0.286875,0.23765,0.16490000000000002,8.7193014163,0.017,0.10427499999999999
2026-01-01 15:00:00+01:00,9.9291099,0.0,0.138225,0.215825,0.36375,0.27402499999999996,0.03825,0.293425,0.286875,0.23765,0.16490000000000002,8.7085222732,0.017,0.10427499999999999
2026-01-01 16:00:00+01:00,10.390680383000001,0.0,0.138225,0.215825,0.36375,0.27402499999999996,0.03825,0.293425,0.286875,0.23765,0.16490000000000002,8.8946403988,0.017,0.10427499999999999
2026-01-01 17:00:00+01:00,10.369661984,0.0,0.138225,0.215825,0.36375,0.27402499999999996,0.03825,0.293425,0.286875,0.23765,0.16490000000000002,8.9151357544,0.017,0.10427499999999999
2026-01-01 18:00:00+01:00,10.396851870999999,0.0,0.138225,0.215825,0.36375,0.27402499999999996,0.03825,0.293425,0.286875,0.23765,0.16490000000000002,8.8866008717,0.017,0.10427499999999999
2026-01-01 19:00:00+01:00,10.334395202,0.0,0.138225,0.215825,0.36375,0.27402499999999996,0.03825,0.293425,0.286875,0.23765,0.16490000000000002,8.9093816067,0.017,0.10427499999999999
2026-01-01 20:00:00+01:00,10.314105471,0.0,0.138225,0.215825,0.36375,0.27402499999999996,0.03825,0.293425,0.286875,0.23765,0.16490000000000002,8.8905572092,0.017,0.10427499999999999
2026-01-01 21:00:00+01:00,9.969911062,0.0,0.138225,0.215825,0.36375,0.27402499999999996,0.03825,0.293425,0.286875,0.23765,0.16490000000000002,8.692660051399999,0.017,0.10427499999999999
2026-01-01 22:00:00+01:00,9.958524342,0.0,0.138225,0.215825,0.36375,0.27402499999999996,0.03825,0.293425,0.286875,0.23765,0.16490000000000002,8.7272258142,0.017,0.10427499999999999
2026-01-01 23:00:00+01:00,9.901776874000001,0.0,0.138225,0.215825,0.36375,0.27402499999999996,0.03825,0.293425,0.286875,0.23765,0.16490000000000002,8.6886759502,0.017,0.10427499999999999
2026-01-02 00:00:00+01:00,8.8159416953,0.0,0.138225,0.215825,0.36375,0.27402499999999996,0.03825,0.293425,0.286875,0.23765,0.16490000000000002,8.262372087100001,0.017,0.10427499999999999
2026-01-02 01:00:00+01:00,8.8308625913,0.0,0.138225,0.215825,0.36375,0.27402499999999996,0.03825,0.293425,0.286875,0.23765,0.16490000000000002,8.2256177747,0.017,0.10427499999999999
2026-01-02 02:00:00+01:00,8.7895883216,0.0,0.138225,0.215825,0.36375,0.27402499999999996,0.03825,0.293425,0.286875,0.23765,0.16490000000000002,8.1582514541,0.017,0.10427499999999999
2026-01-02 03:00:00+01:00,8.743322857999999,0.0,0.138225,0.215825,0.36375,0.27402499999999996,0.03825,0.293425,0.286875,0.23765,0.16490000000000002,8.1939330246,0.017,0.10427499999999999
2026-01-02 04:00:00+01:00,8.7776262959,0.0,0.138225,0.215825,0.36375,0.27402499999999996,0.03825,0.293425,0.286875,0.23765,0.16490000000000002,8.1578676311,0.017,0.10427499999999999
2026-01-02 05:00:00+01:00,9.806463250999998,0.0,0.138225,0.215825,0.36375,0.27402499999999996,0.03825,0.293425,0.286875,0.23765,0.16490000000000002,8.6267378994,0.017,0.10427499999999999
2026-01-02 06:00:00+01:00,10.131018629,0.0,0.138225,0.215825,0.36375,0.27402499999999996,0.03825,0.293425,0.286875,0.23765,0.16490000000000002,8.7875672028,0.017,0.10427499999999999
2026-01-02 07:00:00+01:00,10.153415484,0.0,0.138225,0.215825,0.36375,0.27402499999999996,0.03825,0.293425,0.286875,0.23765,0.16490000000000002,8.788608201999999,0.017,0.10427499999999999
2026-01-02 08:00:00+01:00,10.150911473999999,0.0,0.138225,0.215825,0.36375,0.27402499999999996,0.03825,0.293425,0.286875,0.23765,0.16490000000000002,8.8019058532,0.017,0.10427499999999999
2026-01-02 09:00:00+01:00,10.186544354999999,0.0,0.138225,0.215825,0.36375,0.27402499999999996,0.03825,0.293425,0.286875,0.23765,0.16490000000000002,8.803520004200001,0.017,0.10427499999999999
2026-01-02 10:00:00+01:00,10.173819377000001,0.0,0.138225,0.215825,0.36375,0.27402499999999996,0.03825,0.293425,0.286875,0.23765,0.16490000000000002,8.7942597494,0.017,0.10427499999999999
2026-01-02 11:00:00+01:00,9.834741824,0.0,0.138225,0.215825,0.36375,0.27402499999999996,0.03825,0.293425,0.286875,0.23765,0.16490000000000002,8.6283410094,0.017,0.10427499999999999
2026-01-02 12:00:00+01:00,9.859539387,0.0,0.138225,0.215825,0.36375,0.27402499999999996,0.03825,0.293425,0.286875,0.23765,0.16490000000000002,8.6668424588,0.017,0.10427499999999999
2026-01-02 13:00:00+01:00,9.880127745,0.0,0.138225,0.215825,0.36375,0.27402499999999996,0.03825,0.293425,0.286875,0.23765,0.16490000000000002,8.6779179942,0.017,0.10427499999999999
2026-01-02 14:00:00+01:00,9.921503989,0.0,0.138225,0.215825,0.36375,0.27402499999999996,0.03825,0.293425,0.286875,0.23765,0.16490000000000002,8.6967472471,0.017,0.10427499999999999
2026-01-02 15:00:00+01:00,9.953680216,0.0,0.138225,0.215825,0.36375,0.27402499999999996,0.03825,0.293425,0.286875,0.23765,0.16490000000000002,8.6992861244,0.017,0.10427499999999999
2026-01-02 16:00:00+01:00,10.34168798,0.0,0.138225,0.215825,0.36375,0.27402499999999996,0.03825,0.293425,0.286875,0.23765,0.16490000000000002,8.853342545799999,0.017,0.10427499999999999
2026-01-02 17:00:00+01:00,10.332158809000001,0.0,0.138225,0.215825,0.36375,0.27402499999999996,0.03825,0.293425,0.286875,0.23765,0.16490000000000002,8.8862166214,0.017,0.10427499999999999
2026-01-02 18:00:00+01:00,10.396049170000001,0.0,0.138225,0.215825,0.36375,0.27402499999999996,0.03825,0.293425,0.286875,0.23765,0.16490000000000002,8.914073390999999,0.017,0.10427499999999999
2026-01-02 19:00:00+01:00,10.342794024,0.0,0.138225,0.215825,0.36375,0.27402499999999996,0.03825,0.293425,0.286875,0.23765,0.16490000000000002,8.904415354,0.017,0.10427499999999999
2026-01-02 20:00:00+01:00,10.350084999,0.0,0.138225,0.215825,0.36375,0.27402499999999996,0.03825,0.293425,0.286875,0.23765,0.16490000000000002,8.9156633884,0.017,0.10427499999999999
2026-01-02 21:00:00+01:00,9.966489482999998,0.0,0.138225,0.215825,0.36375,0.27402499999999996,0.03825,0.293425,0.286875,0.23765,0.16490000000000002,8.725657179799999,0.017,0.10427499999999999
2026-01-02 22:00:00+01:00,9.973169517,0.0,0.138225,0.215825,0.36375,0.27402499999999996,0.03825,0.293425,0.286875,0.23765,0.16490000000000002,8.7291669488,0.017,0.10427499999999999
2026-01-02 23:00:00+01:00,9.937671207000001,0.0,0.138225,0.215825,0.36375,0.27402499999999996,0.03825,0.293425,0.286875,0.23765,0.16490000000000002,8.684884019,0.017,0.10427499999999999
2026-01-03 00:00:00+01:00,8.8261817382,0.0,0.138225,0.215825,0.36375,0.27402499999999996,0.03825,0.293425,0.286875,0.23765,0.16490000000000002,8.2408914261,0.017,0.10427499999999999
2026-01-03 01:00:00+01:00,8.8059337531,0.0,0.138225,0.215825,0.36375,0.27402499999999996,0.03825,0.293425,0.286875,0.23765,0.16490000000000002,8.2182115184,0.017,0.10427499999999999
2026-01-03 02:00:00+01:00,8.8019069879,0.0,0.138225,0.215825,0.36375,0.27402499999999996,0.03825,0.293425,0.286875,0.23765,0.16490000000000002,8.2099542916,0.017,0.10427499999999999
2026-01-03 03:00:00+01:00,8.8134574397,0.0,0.138225,0.215825,0.36375,0.27402499999999996,0.03825,0.293425,0.286875,0.23765,0.16490000000000002,8.1758500415,0.017,0.10427499999999999
2026-01-03 04:00:00+01:00,8.7449412669,0.0,0.138225,0.215825,0.36375,0.27402499999999996,0.03825,0.293425,0.286875,0.23765,0.16490000000000002,8.203187253600001,0.017,0.10427499999999999
2026-01-03 05:00:00+01:00,8.748981539899999,0.0,0.138225,0.215825,0.36375,0.27402499999999996,0.03825,0.293425,0.286875,0.23765,0.16490000000000002,8.161369459,0.017,0.10427499999999999
2026-01-03 06:00:00+01:00,8.7545025485,0.0,0.138225,0.215825,0.36375,0.27402499999999996,0.03825,0.293425,0.286875,0.23765,0.16490000000000002,8.1595748616,0.017,0.10427499999999999
2026-01-03 07:00:00+01:00,10.117783702,0.0,0.138225,0.215825,0.36375,0.27402499999999996,0.03825,0.293425,0.286875,0.23765,0.16490000000000002,8.7534722295,0.017,0.10427499999999999
2026-01-03 08:00:00+01:00,10.129103961,0.0,0.138225,0.215825,0.36375,0.27402499999999996,0.03825,0.293425,0.286875,0.23765,0.16490000000000002,8.7836731732,0.017,0.10427499999999999
2026-01-03 09:00:00+01:00,10.12623769,0.0,0.138225,0.215825,0.36375,0.27402499999999996,0.03825,0.293425,0.286875,0.23765,0.16490000000000002,8.7533342045,0.017,0.10427499999999999
2026-01-03 10:00:00+01:00,10.117985025,0.0,0.138225,0.215825,0.36375,0.27402499999999996,0.03825,0.293425,0.286875,0.23765,0.16490000000000002,8.813284871799999,0.017,0.10427499999999999
2026-01-03 11:00:00+01:00,9.76051425,0.0,0.138225,0.215825,0.36375,0.27402499999999996,0.03825,0.293425,0.286875,0.23765,0.16490000000000002,8.639776679999999,0.017,0.10427499999999999
2026-01-03 12:00:00+01:00,9.826096556,0.0,0.138225,0.215825,0.36375,0.27402499999999996,0.03825,0.293425,0.286875,0.23765,0.16490000000000002,8.6179798134,0.017,0.10427499999999999
2026-01-03 13:00:00+01:00,9.850530621,0.0,0.138225,0.215825,0.36375,0.27402499999999996,0.03825,0.293425,0.286875,0.23765,0.16490000000000002,8.680963172,0.017,0.10427499999999999
2026-01-03 14:00:00+01:00,9.835256718,0.0,0.138225,0.215825,0.36375,0.27402499999999996,0.03825,0.293425,0.286875,0.23765,0.16490000000000002,8.6923971687,0.017,0.10427499999999999
2026-01-03 15:00:00+01:00,9.843926775,0.0,0.138225,0.215825,0.36375,0.27402499999999996,0.03825,0.293425,0.286875,0.23765,0.16490000000000002,8.6876057856,0.017,0.10427499999999999
2026-01-03 16:00:00+01:00,10.274436439,0.0,0.138225,0.215825,0.36375,0.27402499999999996,0.03825,0.293425,0.286875,0.23765,0.16490000000000002,8.8903893938,0.017,0.10427499999999999
2026-01-03 17:00:00+01:00,10.317252896,0.0,0.138225,0.215825,0.36375,0.27402499999999996,0.03825,0.293425,0.286875,0.23765,0.16490000000000002,8.8744356422,0.017,0.10427499999999999
2026-01-03 18:00:00+01:00,10.322009861000002,0.0,0.138225,0.215825,0.36375,0.27402499999999996,0.03825,0.293425,0.286875,0.23765,0.16490000000000002,8.8899425487,0.017,0.10427499999999999
2026-01-03 19:00:00+01:00,8.908867241200001,0.0,0.138225,0.215825,0.36375,0.27402499999999996,0.03825,0.293425,0.286875,0.23765,0.16490000000000002,8.2691460504,0.017,0.10427499999999999
2026-01-03 20:00:00+01:00,8.9104210057,0.0,0.138225,0.215825,0.36375,0.27402499999999996,0.03825,0.293425,0.286875,0.23765,0.16490000000000002,8.2509754139,0.017,0.10427499999999999
2026-01-03 21:00:00+01:00,8.9203126778,0.0,0.138225,0.215825,0.36375,0.27402499999999996,0.03825,0.293425,0.286875,0.23765,0.16490000000000002,8.2475679595,0.017,0.10427499999999999
2026-01-03 22:00:00+01:00,8.891474386799999,0.0,0.138225,0.215825,0.36375,0.27402499999999996,0.03825,0.293425,0.286875,0.23765,0.16490000000000002,8.2580143863,0.017,0.10427499999999999
2026-01-03 23:00:00+01:00,8.853308461400001,0.0,0.138225,0.215825,0.36375,0.27402499999999996,0.03825,0.293425,0.286875,0.23765,0.16490000000000002,8.2587532255,0.017,0.10427499999999999
2026-01-04 00:00:00+01:00,8.8637446639,0.0,0.138225,0.215825,0.36375,0.27402499999999996,0.03825,0.293425,0.286875,0.23765,0.16490000000000002,8.210699510800001,0.017,0.10427499999999999
2026-01-04 01:00:00+01:00,8.8273407376,0.0,0.138225,0.215825,0.36375,0.27402499999999996,0.03825,0.293425,0.286875,0.23765,0.16490000000000002,8.2104905369,0.017,0.10427499999999999
2026-01-04 02:00:00+01:00,8.815354021500001,0.0,0.138225,0.215825,0.36375,0.27402499999999996,0.03825,0.293425,0.286875,0.23765,0.16490000000000002,8.1820598286,0.017,0.10427499999999999
2026-01-04 03:00:00+01:00,8.7732116881,0.0,0.138225,0.215825,0.36375,0.27402499999999996,0.03825,0.293425,0.286875,0.23765,0.16490000000000002,8.1835898381,0.017,0.10427499999999999
2026-01-04 04:00:00+01:00,8.7407184095,0.0,0.138225,0.215825,0.36375,0.27402499999999996,0.03825,0.293425,0.286875,0.23765,0.16490000000000002,8.1746296564,0.017,0.10427499999999999
2026-01-04 05:00:00+01:00,8.7364666025,0.0,0.138225,0.215825,0.36375,0.27402499999999996,0.03825,0.293425,0.286875,0.23765,0.16490000000000002,8.1761519896,0.017,0.10427499999999999
2026-01-04 06:00:00+01:00,8.7127571241,0.0,0.138225,0.215825,0.36375,0.27402499999999996,0.03825,0.293425,0.286875,0.23765,0.16490000000000002,8.1619354577,0.017,0.10427499999999999
2026-01-04 07:00:00+01:00,10.145871096999999,0.0,0.138225,0.215825,0.36375,0.27402499999999996,0.03825,0.293425,0.286875,0.23765,0.16490000000000002,8.777048573999998,0.017,0.10427499999999999
2026-01-04 08:00:00+01:00,10.114426457,0.0,0.138225,0.215825,0.36375,0.27402499999999996,0.03825,0.293425,0.286875,0.23765,0.16490000000000002,8.756355211099999,0.017,0.10427499999999999
2026-01-04 09:00:00+01:00,10.119327847,0.0,0.138225,0.215825,0.36375,0.27402499999999996,0.03825,0.293425,0.286875,0.23765,0.16490000000000002,8.794656223499999,0.017,0.10427499999999999
2026-01-04 10:00:00+01:00,10.147115375999999,0.0,0.138225,0.215825,0.36375,0.27402499999999996,0.03825,0.293425,0.286875,0.23765,0.16490000000000002,8.8198405368,0.017,0.10427499999999999
2026-01-04 11:00:00+01:00,9.771387597,0.0,0.138225,0.215825,0.36375,0.27402499999999996,0.03825,0.293425,0.286875,0.23765,0.16490000000000002,8.625126059,0.017,0.10427499999999999
2026-01-04 12:00:00+01:00,9.787400597,0.0,0.138225,0.215825,0.36375,0.27402499999999996,0.03825,0.293425,0.286875,0.23765,0.16490000000000002,8.6699472527,0.017,0.10427499999999999
2026-01-04 13:00:00+01:00,9.820796011999999,0.0,0.138225,0.215825,0.36375,0.27402499999999996,0.03825,0.293425,0.286875,0.23765,0.16490000000000002,8.6394617125,0.017,0.10427499999999999
2026-01-04 14:00:00+01:00,9.845931771,0.0,0.138225,0.215825,0.36375,0.27402499999999996,0.03825,0.293425,0.286875,0.23765,0.16490000000000002,8.6516881636,0.017,0.10427499999999999
2026-01-04 15:00:00+01:00,9.890163111,0.0,0.138225,0.215825,0.36375,0.27402499999999996,0.03825,0.293425,0.286875,0.23765,0.16490000000000002,8.6828839127,0.017,0.10427499999999999
2026-01-04 16:00:00+01:00,10.258989362,0.0,0.138225,0.215825,0.36375,0.27402499999999996,0.03825,0.293425,0.286875,0.23765,0.16490000000000002,8.863409684199999,0.017,0.10427499999999999
2026-01-04 17:00:00+01:00,10.308917440999998,0.0,0.138225,0.215825,0.36375,0.27402499999999996,0.03825,0.293425,0.286875,0.23765,0.16490000000000002,8.874147116600001,0.017,0.10427499999999999
2026-01-04 18:00:00+01:00,10.342416545999999,0.0,0.138225,0.215825,0.36375,0.27402499999999996,0.03825,0.293425,0.286875,0.23765,0.16490000000000002,8.8634256032,0.017,0.10427499999999999
2026-01-04 19:00:00+01:00,8.9097760098,0.0,0.138225,0.215825,0.36375,0.27402499999999996,0.03825,0.293425,0.286875,0.23765,0.16490000000000002,8.2489650663,0.017,0.10427499999999999
2026-01-04 20:00:00+01:00,8.9008125434,0.0,0.138225,0.215825,0.36375,0.27402499999999996,0.03825,0.293425,0.286875,0.23765,0.16490000000000002,8.2559636242,0.017,0.10427499999999999
2026-01-04 21:00:00+01:00,8.9229791383,0.0,0.138225,0.215825,0.36375,0.27402499999999996,0.03825,0.293425,0.286875,0.23765,0.16490000000000002,8.2301785529,0.017,0.10427499999999999
2026-01-04 22:00:00+01:00,8.895120438300001,0.0,0.138225,0.215825,0.36375,0.27402499999999996,0.03825,0.293425,0.286875,0.23765,0.16490000000000002,8.2418888028,0.017,0.10427499999999999
2026-01-04 23:00:00+01:00,8.889894305799999,0.0,0.138225,0.215825,0.36375,0.27402499999999996,0.03825,0.293425,0.286875,0.23765,0.16490000000000002,8.2248499149,0.017,0.10427499999999999
2026-01-05 00:00:00+01:00,8.8752328074,0.0,0.138225,0.215825,0.36375,0.27402499999999996,0.03825,0.293425,0.286875,0.23765,0.16490000000000002,8.2287042907,0.017,0.10427499999999999
2026-01-05 01:00:00+01:00,8.8323039974,0.0,0.138225,0.215825,0.36375,0.27402499999999996,0.03825,0.293425,0.286875,0.23765,0.16490000000000002,8.2154971178,0.017,0.10427499999999999
2026-01-05 02:00:00+01:00,8.809077194499999,0.0,0.138225,0.215825,0.36375,0.27402499999999996,0.03825,0.293425,0.286875,0.23765,0.16490000000000002,8.1740854729,0.017,0.10427499999999999
2026-01-05 03:00:00+01:00,8.7850318313,0.0,0.138225,0.215825,0.36375,0.27402499999999996,0.03825,0.293425,0.286875,0.23765,0.16490000000000002,8.203593305,0.017,0.10427499999999999
2026-01-05 04:00:00+01:00,8.7315902131,0.0,0.138225,0.215825,0.36375,0.27402499999999996,0.03825,0.293425,0.286875,0.23765,0.16490000000000002,8.1579716577,0.017,0.10427499999999999
2026-01-05 05:00:00+01:00,9.775182799,0.0,0.138225,0.215825,0.36375,0.27402499999999996,0.03825,0.293425,0.286875,0.23765,0.16490000000000002,8.609219313599999,0.017,0.10427499999999999
2026-01-05 06:00:00+01:00,10.141478715,0.0,0.138225,0.215825,0.36375,0.27402499999999996,0.03825,0.293425,0.286875,0.23765,0.16490000000000002,8.7725751182,0.017,0.10427499999999999
2026-01-05 07:00:00+01:00,10.130029123,0.0,0.138225,0.215825,0.36375,0.27402499999999996,0.03825,0.293425,0.286875,0.23765,0.16490000000000002,8.7689546625,0.017,0.10427499999999999
2026-01-05 08:00:00+01:00,10.178825901,0.0,0.138225,0.215825,0.36375,0.27402499999999996,0.03825,0.293425,0.286875,0.23765,0.16490000000000002,8.8136106158,0.017,0.10427499999999999
2026-01-05 09:00:00+01:00,10.178942061999999,0.0,0.138225,0.215825,0.36375,0.27402499999999996,0.03825,0.293425,0.286875,0.23765,0.16490000000000002,8.803264350600001,0.017,0.10427499999999999
2026-01-05 10:00:00+01:00,10.209573375,0.0,0.138225,0.215825,0.36375,0.27402499999999996,0.03825,0.293425,0.286875,0.23765,0.16490000000000002,8.8133253814,0.017,0.10427499999999999
2026-01-05 11:00:00+01:00,9.816625703,0.0,0.138225,0.215825,0.36375,0.27402499999999996,0.03825,0.293425,0.286875,0.23765,0.16490000000000002,8.6286659971,0.017,0.10427499999999999
2026-01-05 12:00:00+01:00,9.852628285,0.0,0.138225,0.215825,0.36375,0.27402499999999996,0.03825,0.293425,0.286875,0.23765,0.16490000000000002,8.685453446399999,0.017,0.10427499999999999
2026-01-05 13:00:00+01:00,9.876395746,0.0,0.138225,0.215825,0.36375,0.27402499999999996,0.03825,0.293425,0.286875,0.23765,0.16490000000000002,8.6898898091,0.017,0.10427499999999999
2026-01-05 14:00:00+01:00,9.89141874,0.0,0.138225,0.215825,0.36375,0.27402499999999996,0.03825,0.293425,0.286875,0.23765,0.16490000000000002,8.693316602,0.017,0.10427499999999999
2026-01-05 15:00:00+01:00,9.921022085,0.0,0.138225,0.215825,0.36375,0.27402499999999996,0.03825,0.293425,0.286875,0.23765,0.16490000000000002,8.707302473599999,0.017,0.10427499999999999
2026-01-05 16:00:00+01:00,10.333121932000001,0.0,0.138225,0.215825,0.36375,0.27402499999999996,0.03825,0.293425,0.286875,0.23765,0.16490000000000002,8.8862844778,0.017,0.10427499999999999
2026-01-05 17:00:00+01:00,10.350491466,0.0,0.138225,0.215825,0.36375,0.27402499999999996,0.03825,0.293425,0.286875,0.23765,0.16490000000000002,8.9147248137,0.017,0.10427499999999999
2026-01-05 18:00:00+01:00,10.380703046,0.0,0.138225,0.215825,0.36375,0.27402499999999996,0.03825,0.293425,0.286875,0.23765,0.16490000000000002,8.904648534800002,0.017,0.10427499999999999
2026-01-05 19:00:00+01:00,10.35075466,0.0,0.138225,0.215825,0.36375,0.27402499999999996,0.03825,0.293425,0.286875,0.23765,0.16490000000000002,8.8920609645,0.017,0.10427499999999999
2026-01-05 20:00:00+01:00,10.373290406999999,0.0,0.138225,0.215825,0.36375,0.27402499999999996,0.03825,0.293425,0.286875,0.23765,0.16490000000000002,8.8842304532,0.017,0.10427499999999999
2026-01-05 21:00:00+01:00,9.992594434999999,0.0,0.138225,0.215825,0.36375,0.27402499999999996,0.03825,0.293425,0.286875,0.23765,0.16490000000000002,8.7367051626,0.017,0.10427499999999999
2026-01-05 22:00:00+01:00,9.945512644,0.0,0.138225,0.215825,0.36375,0.27402499999999996,0.03825,0.293425,0.286875,0.23765,0.16490000000000002,8.7175699062,0.017,0.10427499999999999
2026-01-05 23:00:00+01:00,9.929210319,0.0,0.138225,0.215825,0.36375,0.27402499999999996,0.03825,0.293425,0.286875,0.23765,0.16490000000000002,8.707413585000001,0.017,0.10427499999999999
2026-01-06 00:00:00+01:00,8.8627203027,0.0,0.138225,0.215825,0.36375,0.27402499999999996,0.03825,0.293425,0.286875,0.23765,0.16490000000000002,8.2235125296,0.017,0.10427499999999999
2026-01-06 01:00:00+01:00,8.8409192807,0.0,0.138225,0.215825,0.36375,0.27402499999999996,0.03825,0.293425,0.286875,0.23765,0.16490000000000002,8.2049248579,0.017,0.10427499999999999
2026-01-06 02:00:00+01:00,8.8064597643,0.0,0.138225,0.215825,0.36375,0.27402499999999996,0.03825,0.293425,0.286875,0.23765,0.16490000000000002,8.1981520234,0.017,0.10427499999999999
2026-01-06 03:00:00+01:00,8.751161448800001,0.0,0.138225,0.215825,0.36375,0.27402499999999996,0.03825,0.293425,0.286875,0.23765,0.16490000000000002,8.1839770558,0.017,0.10427499999999999
2026-01-06 04:00:00+01:00,8.7494623717,0.0,0.138225,0.215825,0.36375,0.27402499999999996,0.03825,0.293425,0.286875,0.23765,0.16490000000000002,8.181701992799999,0.017,0.10427499999999999
2026-01-06 05:00:00+01:00,9.770297830999999,0.0,0.138225,0.215825,0.36375,0.27402499999999996,0.03825,0.293425,0.286875,0.23765,0.16490000000000002,8.611426687,0.017,0.10427499999999999
2026-01-06 06:00:00+01:00,10.153887904000001,0.0,0.138225,0.215825,0.36375,0.27402499999999996,0.03825,0.293425,0.286875,0.23765,0.16490000000000002,8.803746159,0.017,0.10427499999999999
2026-01-06 07:00:00+01:00,10.157042641,0.0,0.138225,0.215825,0.36375,0.27402499999999996,0.03825,0.293425,0.286875,0.23765,0.16490000000000002,8.7875861439,0.017,0.10427499999999999
2026-01-06 08:00:00+01:00,10.195774776,0.0,0.138225,0.215825,0.36375,0.27402499999999996,0.03825,0.293425,0.286875,0.23765,0.16490000000000002,8.796795514000001,0.017,0.10427499999999999
2026-01-06 09:00:00+01:00,10.165241575,0.0,0.138225,0.215825,0.36375,0.27402499999999996,0.03825,0.293425,0.286875,0.23765,0.16490000000000002,8.8277537115,0.017,0.10427499999999999
2026-01-06 10:00:00+01:00,10.188745819,0.0,0.138225,0.215825,0.36375,0.27402499999999996,0.03825,0.293425,0.286875,0.23765,0.16490000000000002,8.8282797975,0.017,0.10427499999999999
2026-01-06 11:00:00+01:00,9.844553345,0.0,0.138225,0.215825,0.36375,0.27402499999999996,0.03825,0.293425,0.286875,0.23765,0.16490000000000002,8.6093294076,0.017,0.10427499999999999
2026-01-06 12:00:00+01:00,9.852756447,0.0,0.138225,0.215825,0.36375,0.27402499999999996,0.03825,0.293425,0.286875,0.23765,0.16490000000000002,8.672687526999999,0.017,0.10427499999999999
2026-01-06 13:00:00+01:00,9.876501395,0.0,0.138225,0.215825,0.36375,0.27402499999999996,0.03825,0.293425,0.286875,0.23765,0.16490000000000002,8.6771145858,0.017,0.10427499999999999
2026-01-06 14:00:00+01:00,9.886094209,0.0,0.138225,0.215825,0.36375,0.27402499999999996,0.03825,0.293425,0.286875,0.23765,0.16490000000000002,8.6903988024,0.017,0.10427499999999999
2026-01-06 15:00:00+01:00,9.939380271000001,0.0,0.138225,0.215825,0.36375,0.27402499999999996,0.03825,0.293425,0.286875,0.23765,0.16490000000000002,8.6911191723,0.017,0.10427499999999999
2026-01-06 16:00:00+01:00,10.330116498999999,0.0,0.138225,0.215825,0.36375,0.27402499999999996,0.03825,0.293425,0.286875,0.23765,0.16490000000000002,8.8842312655,0.017,0.10427499999999999
2026-01-06 17:00:00+01:00,10.374523195,0.0,0.138225,0.215825,0.36375,0.27402499999999996,0.03825,0.293425,0.286875,0.23765,0.16490000000000002,8.8833350958,0.017,0.10427499999999999
2026-01-06 18:00:00+01:00,10.385586292000001,0.0,0.138225,0.215825,0.36375,0.27402499999999996,0.03825,0.293425,0.286875,0.23765,0.16490000000000002,8.875920908200001,0.017,0.10427499999999999
2026-01-06 19:00:00+01:00,10.339176765,0.0,0.138225,0.215825,0.36375,0.27402499999999996,0.03825,0.293425,0.286875,0.23765,0.16490000000000002,8.901892996199999,0.017,0.10427499999999999
2026-01-06 20:00:00+01:00,10.317821509,0.0,0.138225,0.215825,0.36375,0.27402499999999996,0.03825,0.293425,0.286875,0.23765,0.16490000000000002,8.910910909399998,0.017,0.10427499999999999
2026-01-06 21:00:00+01:00,9.947495648,0.0,0.138225,0.215825,0.36375,0.27402499999999996,0.03825,0.293425,0.286875,0.23765,0.16490000000000002,8.72496589,0.017,0.10427499999999999
2026-01-06 22:00:00+01:00,9.969397242000001,0.0,0.138225,0.215825,0.36375,0.27402499999999996,0.03825,0.293425,0.286875,0.23765,0.16490000000000002,8.6914990365,0.017,0.10427499999999999
2026-01-06 23:00:00+01:00,9.918424315,0.0,0.138225,0.215825,0.36375,0.27402499999999996,0.03825,0.293425,0.286875,0.23765,0.16490000000000002,8.7169030535,0.017,0.10427499999999999
2026-01-07 00:00:00+01:00,8.841535365299999,0.0,0.138225,0.215825,0.36375,0.27402499999999996,0.03825,0.293425,0.286875,0.23765,0.16490000000000002,8.219310974699999,0.017,0.10427499999999999
2026-01-07 01:00:00+01:00,8.8116798409,0.0,0.138225,0.215825,0.36375,0.27402499999999996,0.03825,0.293425,0.286875,0.23765,0.16490000000000002,8.1966801057,0.017,0.10427499999999999
2026-01-07 02:00:00+01:00,8.8163555261,0.0,0.138225,0.215825,0.36375,0.27402499999999996,0.03825,0.293425,0.286875,0.23765,0.16490000000000002,8.187612919800001,0.017,0.10427499999999999
2026-01-07 03:00:00+01:00,8.7643934634,0.0,0.138225,0.215825,0.36375,0.27402499999999996,0.03825,0.293425,0.286875,0.23765,0.16490000000000002,8.1736031317,0.017,0.10427499999999999
2026-01-07 04:00:00+01:00,8.7451678115,0.0,0.138225,0.215825,0.36375,0.27402499999999996,0.03825,0.293425,0.286875,0.23765,0.16490000000000002,8.1881583074,0.017,0.10427499999999999
2026-01-07 05:00:00+01:00,9.784082202,0.0,0.138225,0.215825,0.36375,0.27402499999999996,0.03825,0.293425,0.286875,0.23765,0.16490000000000002,8.6163000858,0.017,0.10427499999999999
2026-01-07 06:00:00+01:00,10.147180571,0.0,0.138225,0.215825,0.36375,0.27402499999999996,0.03825,0.293425,0.286875,0.23765,0.16490000000000002,8.7708619685,0.017,0.10427499999999999
2026-01-07 07:00:00+01:00,10.12279879,0.0,0.138225,0.215825,0.36375,0.27402499999999996,0.03825,0.293425,0.286875,0.23765,0.16490000000000002,8.7389820438,0.017,0.10427499999999999
2026-01-07 08:00:00+01:00,10.165006774,0.0,0.138225,0.215825,0.36375,0.27402499999999996,0.03825,0.293425,0.286875,0.23765,0.16490000000000002,8.8191424713,0.017,0.10427499999999999
2026-01-07 09:00:00+01:00,10.185978854,0.0,0.138225,0.215825,0.36375,0.27402499999999996,0.03825,0.293425,0.286875,0.23765,0.16490000000000002,8.8124546704,0.017,0.10427499999999999
2026-01-07 10:00:00+01:00,10.177228359999999,0.0,0.138225,0.215825,0.36375,0.27402499999999996,0.03825,0.293425,0.286875,0.23765,0.16490000000000002,8.795176613899999,0.017,0.10427499999999999
2026-01-07 11:00:00+01:00,9.848451870000002,0.0,0.138225,0.215825,0.36375,0.27402499999999996,0.03825,0.293425,0.286875,0.23765,0.16490000000000002,8.6395253248,0.017,0.10427499999999999
2026-01-07 12:00:00+01:00,9.859540621,0.0,0.138225,0.215825,0.36375,0.27402499999999996,0.03825,0.293425,0.286875,0.23765,0.16490000000000002,8.6585560527,0.017,0.10427499999999999
2026-01-07 13:00:00+01:00,9.855181066,0.0,0.138225,0.215825,0.36375,0.27402499999999996,0.03825,0.293425,0.286875,0.23765,0.16490000000000002,8.6611499231,0.017,0.10427499999999999
2026-01-07 14:00:00+01:00,9.916334139,0.0,0.138225,0.215825,0.36375,0.27402499999999996,0.03825,0.293425,0.286875,0.23765,0.16490000000000002,8.6736824769,0.017,0.10427499999999999
2026-01-07 15:00:00+01:00,9.946082988,0.0,0.138225,0.215825,0.36375,0.27402499999999996,0.03825,0.293425,0.286875,0.23765,0.16490000000000002,8.707834052800001,0.017,0.10427499999999999
2026-01-07 16:00:00+01:00,10.355435049,0.0,0.138225,0.215825,0.36375,0.27402499999999996,0.03825,0.293425,0.286875,0.23765,0.16490000000000002,8.9014629044,0.017,0.10427499999999999
2026-01-07 17:00:00+01:00,10.344631172,0.0,0.138225,0.215825,0.36375,0.27402499999999996,0.03825,0.293425,0.286875,0.23765,0.16490000000000002,8.9267773472,0.017,0.10427499999999999
2026-01-07 18:00:00+01:00,10.374917134,0.0,0.138225,0.215825,0.36375,0.27402499999999996,0.03825,0.293425,0.286875,0.23765,0.16490000000000002,8.9186614903,0.017,0.10427499999999999
2026-01-07 19:00:00+01:00,10.339726735000001,0.0,0.138225,0.215825,0.36375,0.27402499999999996,0.03825,0.293425,0.286875,0.23765,0.16490000000000002,8.8689377929,0.017,0.10427499999999999
2026-01-07 20:00:00+01:00,10.339535631999999,0.0,0.138225,0.215825,0.36375,0.27402499999999996,0.03825,0.293425,0.286875,0.23765,0.16490000000000002,8.8835684872,0.017,0.10427499999999999
2026-01-07 21:00:00+01:00,9.958277880999999,0.0,0.138225,0.215825,0.36375,0.27402499999999996,0.03825,0.293425,0.286875,0.23765,0.16490000000000002,8.7264127995,0.017,0.10427499999999999
2026-01-07 22:00:00+01:00,9.953783365,0.0,0.138225,0.215825,0.36375,0.27402499999999996,0.03825,0.293425,0.286875,0.23765,0.16490000000000002,8.7216073335,0.017,0.10427499999999999
2026-01-07 23:00:00+01:00,9.946187922999998,0.0,0.138225,0.215825,0.36375,0.27402499999999996,0.03825,0.293425,0.286875,0.23765,0.16490000000000002,8.7014078362,0.017,0.10427499999999999
2026-01-08 00:00:00+01:00,8.8447379732,0.0,0.138225,0.215825,0.36375,0.27402499999999996,0.03825,0.293425,0.286875,0.23765,0.16490000000000002,8.1897245281,0.017,0.10427499999999999
2026-01-08 01:00:00+01:00,8.848155186000001,0.0,0.138225,0.215825,0.36375,0.27402499999999996,0.03825,0.293425,0.286875,0.23765,0.16490000000000002,8.2152840155,0.017,0.10427499999999999
2026-01-08 02:00:00+01:00,8.806426348499999,0.0,0.138225,0.215825,0.36375,0.27402499999999996,0.03825,0.293425,0.286875,0.23765,0.16490000000000002,8.182366133,0.017,0.10427499999999999
2026-01-08 03:00:00+01:00,8.7677222697,0.0,0.138225,0.215825,0.36375,0.27402499999999996,0.03825,0.293425,0.286875,0.23765,0.16490000000000002,8.1868805807,0.017,0.10427499999999999
2026-01-08 04:00:00+01:00,8.7388173706,0.0,0.138225,0.215825,0.36375,0.27402499999999996,0.03825,0.293425,0.286875,0.23765,0.16490000000000002,8.2044442927,0.017,0.10427499999999999
2026-01-08 05:00:00+01:00,9.779071257,0.0,0.138225,0.215825,0.36375,0.27402499999999996,0.03825,0.293425,0.286875,0.23765,0.16490000000000002,8.6276916522,0.017,0.10427499999999999
2026-01-08 06:00:00+01:00,10.119937756999999,0.0,0.138225,0.215825,0.36375,0.27402499999999996,0.03825,0.293425,0.286875,0.23765,0.16490000000000002,8.772882879099999,0.017,0.10427499999999999
2026-01-08 07:00:00+01:00,10.122206833,0.0,0.138225,0.215825,0.36375,0.27402499999999996,0.03825,0.293425,0.286875,0.23765,0.16490000000000002,8.7705078588,0.017,0.10427499999999999
2026-01-08 08:00:00+01:00,10.175820534,0.0,0.138225,0.215825,0.36375,0.27402499999999996,0.03825,0.293425,0.286875,0.23765,0.16490000000000002,8.7732195802,0.017,0.10427499999999999
2026-01-08 09:00:00+01:00,10.186007919,0.0,0.138225,0.215825,0.36375,0.27402499999999996,0.03825,0.293425,0.286875,0.23765,0.16490000000000002,8.8151056249,0.017,0.10427499999999999
2026-01-08 10:00:00+01:00,10.170660943,0.0,0.138225,0.215825,0.36375,0.27402499999999996,0.03825,0.293425,0.286875,0.23765,0.16490000000000002,8.7926168892,0.017,0.10427499999999999
2026-01-08 11:00:00+01:00,9.836146296999999,0.0,0.138225,0.215825,0.36375,0.27402499999999996,0.03825,0.293425,0.286875,0.23765,0.16490000000000002,8.6477934344,0.017,0.10427499999999999
2026-01-08 12:00:00+01:00,9.861632362,0.0,0.138225,0.215825,0.36375,0.27402499999999996,0.03825,0.293425,0.286875,0.23765,0.16490000000000002,8.687723584399999,0.017,0.10427499999999999
2026-01-08 13:00:00+01:00,9.890762520000001,0.0,0.138225,0.215825,0.36375,0.27402499999999996,0.03825,0.293425,0.286875,0.23765,0.16490000000000002,8.6699306572,0.017,0.10427499999999999
2026-01-08 14:00:00+01:00,9.91700179,0.0,0.138225,0.215825,0.36375,0.27402499999999996,0.03825,0.293425,0.286875,0.23765,0.16490000000000002,8.6616031009,0.017,0.10427499999999999
2026-01-08 15:00:00+01:00,9.936670251,0.0,0.138225,0.215825,0.36375,0.27402499999999996,0.03825,0.293425,0.286875,0.23765,0.16490000000000002,8.725859363200001,0.017,0.10427499999999999
2026-01-08 16:00:00+01:00,10.330177457000001,0.0,0.138225,0.215825,0.36375,0.27402499999999996,0.03825,0.293425,0.286875,0.23765,0.16490000000000002,8.9082309838,0.017,0.10427499999999999
2026-01-08 17:00:00+01:00,10.355750743,0.0,0.138225,0.215825,0.36375,0.27402499999999996,0.03825,0.293425,0.286875,0.23765,0.16490000000000002,8.8888645548,0.017,0.10427499999999999
2026-01-08 18:00:00+01:00,10.378796286,0.0,0.138225,0.215825,0.36375,0.27402499999999996,0.03825,0.293425,0.286875,0.23765,0.16490000000000002,8.918712594899999,0.017,0.10427499999999999
2026-01-08 19:00:00+01:00,10.347207550999999,0.0,0.138225,0.215825,0.36375,0.27402499999999996,0.03825,0.293425,0.286875,0.23765,0.16490000000000002,8.8970162326,0.017,0.10427499999999999
2026-01-08 20:00:00+01:00,10.335735262,0.0,0.138225,0.215825,0.36375,0.27402499999999996,0.03825,0.293425,0.286875,0.23765,0.16490000000000002,8.882575260600001,0.017,0.10427499999999999
2026-01-08 21:00:00+01:00,9.972116457999999,0.0,0.138225,0.215825,0.36375,0.27402499999999996,0.03825,0.293425,0.286875,0.23765,0.16490000000000002,8.7210831702,0.017,0.10427499999999999
2026-01-08 22:00:00+01:00,9.957701901,0.0,0.138225,0.215825,0.36375,0.27402499999999996,0.03825,0.293425,0.286875,0.23765,0.16490000000000002,8.7399634019,0.017,0.10427499999999999
2026-01-08 23:00:00+01:00,9.925271446,0.0,0.138225,0.215825,0.36375,0.27402499999999996,0.03825,0.293425,0.286875,0.23765,0.16490000000000002,8.6890229043,0.017,0.10427499999999999
2026-01-09 00:00:00+01:00,8.8686327086,0.0,0.138225,0.215825,0.36375,0.27402499999999996,0.03825,0.293425,0.286875,0.23765,0.16490000000000002,8.2233789843,0.017,0.10427499999999999
2026-01-09 01:00:00+01:00,8.7980927745,0.0,0.138225,0.215825,0.36375,0.27402499999999996,0.03825,0.293425,0.286875,0.23765,0.16490000000000002,8.188153243399999,0.017,0.10427499999999999
2026-01-09 02:00:00+01:00,8.757167198900001,0.0,0.138225,0.215825,0.36375,0.27402499999999996,0.03825,0.293425,0.286875,0.23765,0.16490000000000002,8.2168874326,0.017,0.10427499999999999
2026-01-09 03:00:00+01:00,8.766425843999999,0.0,0.138225,0.215825,0.36375,0.27402499999999996,0.03825,0.293425,0.286875,0.23765,0.16490000000000002,8.1790538767,0.017,0.10427499999999999
2026-01-09 04:00:00+01:00,8.7182542283,0.0,0.138225,0.215825,0.36375,0.27402499999999996,0.03825,0.293425,0.286875,0.23765,0.16490000000000002,8.1731901249,0.017,0.10427499999999999
2026-01-09 05:00:00+01:00,9.802219556,0.0,0.138225,0.215825,0.36375,0.27402499999999996,0.03825,0.293425,0.286875,0.23765,0.16490000000000002,8.6151486451,0.017,0.10427499999999999
2026-01-09 06:00:00+01:00,10.122033003,0.0,0.138225,0.215825,0.36375,0.27402499999999996,0.03825,0.293425,0.286875,0.23765,0.16490000000000002,8.7906416551,0.017,0.10427499999999999
2026-01-09 07:00:00+01:00,10.157069798,0.0,0.138225,0.215825,0.36375,0.27402499999999996,0.03825,0.293425,0.286875,0.23765,0.16490000000000002,8.7668814917,0.017,0.10427499999999999
2026-01-09 08:00:00+01:00,10.178710542,0.0,0.138225,0.215825,0.36375,0.27402499999999996,0.03825,0.293425,0.286875,0.23765,0.16490000000000002,8.8210664454,0.017,0.10427499999999999
2026-01-09 09:00:00+01:00,10.171870873,0.0,0.138225,0.215825,0.36375,0.27402499999999996,0.03825,0.293425,0.286875,0.23765,0.16490000000000002,8.817527373999999,0.017,0.10427499999999999
2026-01-09 10:00:00+01:00,10.204256559,0.0,0.138225,0.215825,0.36375,0.27402499999999996,0.03825,0.293425,0.286875,0.23765,0.16490000000000002,8.8311864025,0.017,0.10427499999999999
2026-01-09 11:00:00+01:00,9.844819558,0.0,0.138225,0.215825,0.36375,0.27402499999999996,0.03825,0.293425,0.286875,0.23765,0.16490000000000002,8.660124267599999,0.017,0.10427499999999999
2026-01-09 12:00:00+01:00,9.873014519000002,0.0,0.138225,0.215825,0.36375,0.27402499999999996,0.03825,0.293425,0.286875,0.23765,0.16490000000000002,8.676496839699999,0.017,0.10427499999999999
2026-01-09 13:00:00+01:00,9.894138128000002,0.0,0.138225,0.215825,0.36375,0.27402499999999996,0.03825,0.293425,0.286875,0.23765,0.16490000000000002,8.6863450898,0.017,0.10427499999999999
2026-01-09 14:00:00+01:00,9.918997647,0.0,0.138225,0.215825,0.36375,0.27402499999999996,0.03825,0.293425,0.286875,0.23765,0.16490000000000002,8.6787686191,0.017,0.10427499999999999
2026-01-09 15:00:00+01:00,9.930082899,0.0,0.138225,0.215825,0.36375,0.27402499999999996,0.03825,0.293425,0.286875,0.23765,0.16490000000000002,8.6840866918,0.017,0.10427499999999999
2026-01-09 16:00:00+01:00,10.336539858,0.0,0.138225,0.215825,0.36375,0.27402499999999996,0.03825,0.293425,0.286875,0.23765,0.16490000000000002,8.9005020516,0.017,0.10427499999999999
2026-01-09 17:00:00+01:00,10.368525275,0.0,0.138225,0.215825,0.36375,0.27402499999999996,0.03825,0.293425,0.286875,0.23765,0.16490000000000002,8.9114107998,0.017,0.10427499999999999
2026-01-09 18:00:00+01:00,10.386178979,0.0,0.138225,0.215825,0.36375,0.27402499999999996,0.03825,0.293425,0.286875,0.23765,0.16490000000000002,8.9101776014,0.017,0.10427499999999999
2026-01-09 19:00:00+01:00,10.373691898,0.0,0.138225,0.215825,0.36375,0.27402499999999996,0.03825,0.293425,0.286875,0.23765,0.16490000000000002,8.8999135148,0.017,0.10427499999999999
2026-01-09 20:00:00+01:00,10.323933568000001,0.0,0.138225,0.215825,0.36375,0.27402499999999996,0.03825,0.293425,0.286875,0.23765,0.16490000000000002,8.8865485219,0.017,0.10427499999999999
2026-01-09 21:00:00+01:00,9.952955937999999,0.0,0.138225,0.215825,0.36375,0.27402499999999996,0.03825,0.293425,0.286875,0.23765,0.16490000000000002,8.7521309779,0.017,0.10427499999999999
2026-01-09 22:00:00+01:00,9.969626057,0.0,0.138225,0.215825,0.36375,0.27402499999999996,0.03825,0.293425,0.286875,0.23765,0.16490000000000002,8.7252267905,0.017,0.10427499999999999
2026-01-09 23:00:00+01:00,9.923263021,0.0,0.138225,0.215825,0.36375,0.27402499999999996,0.03825,0.293425,0.286875,0.23765,0.16490000000000002,8.7037673099,0.017,0.10427499999999999
2026-01-10 00:00:00+01:00,8.847788098799999,0.0,0.138225,0.215825,0.36375,0.27402499999999996,0.03825,0.293425,0.286875,0.23765,0.16490000000000002,8.234249541099999,0.017,0.10427499999999999
2026-01-10 01:00:00+01:00,8.8141341382,0.0,0.138225,0.215825,0.36375,0.27402499999999996,0.03825,0.293425,0.286875,0.23765,0.16490000000000002,8.2100160846,0.017,0.10427499999999999
2026-01-10 02:00:00+01:00,8.7953538564,0.0,0.138225,0.215825,0.36375,0.27402499999999996,0.03825,0.293425,0.286875,0.23765,0.16490000000000002,8.1959934764,0.017,0.10427499999999999
2026-01-10 03:00:00+01:00,8.7972776969,0.0,0.138225,0.215825,0.36375,0.27402499999999996,0.03825,0.293425,0.286875,0.23765,0.16490000000000002,8.1887737818,0.017,0.10427499999999999
2026-01-10 04:00:00+01:00,8.7390382431,0.0,0.138225,0.215825,0.36375,0.27402499999999996,0.03825,0.293425,0.286875,0.23765,0.16490000000000002,8.1627638537,0.017,0.10427499999999999
2026-01-10 05:00:00+01:00,8.7209835222,0.0,0.138225,0.215825,0.36375,0.27402499999999996,0.03825,0.293425,0.286875,0.23765,0.16490000000000002,8.1565460826,0.017,0.10427499999999999
2026-01-10 06:00:00+01:00,8.7165626966,0.0,0.138225,0.215825,0.36375,0.27402499999999996,0.03825,0.293425,0.286875,0.23765,0.16490000000000002,8.138854566100001,0.017,0.10427499999999999
2026-01-10 07:00:00+01:00,10.123401617,0.0,0.138225,0.215825,0.36375,0.27402499999999996,0.03825,0.293425,0.286875,0.23765,0.16490000000000002,8.789706215299999,0.017,0.10427499999999999
2026-01-10 08:00:00+01:00,10.137356427,0.0,0.138225,0.215825,0.36375,0.27402499999999996,0.03825,0.293425,0.286875,0.23765,0.16490000000000002,8.7724043579,0.017,0.10427499999999999
2026-01-10 09:00:00+01:00,10.132336822,0.0,0.138225,0.215825,0.36375,0.27402499999999996,0.03825,0.293425,0.286875,0.23765,0.16490000000000002,8.8012788817,0.017,0.10427499999999999
2026-01-10 10:00:00+01:00,10.182920689,0.0,0.138225,0.215825,0.36375,0.27402499999999996,0.03825,0.293425,0.286875,0.23765,0.16490000000000002,8.7554975968,0.017,0.10427499999999999
2026-01-10 11:00:00+01:00,9.763259898000001,0.0,0.138225,0.215825,0.36375,0.27402499999999996,0.03825,0.293425,0.286875,0.23765,0.16490000000000002,8.6421938248,0.017,0.10427499999999999
2026-01-10 12:00:00+01:00,9.797250924,0.0,0.138225,0.215825,0.36375,0.27402499999999996,0.03825,0.293425,0.286875,0.23765,0.16490000000000002,8.6313771982,0.017,0.10427499999999999
2026-01-10 13:00:00+01:00,9.801783336,0.0,0.138225,0.215825,0.36375,0.27402499999999996,0.03825,0.293425,0.286875,0.23765,0.16490000000000002,8.6674852961,0.017,0.10427499999999999
2026-01-10 14:00:00+01:00,9.851405614,0.0,0.138225,0.215825,0.36375,0.27402499999999996,0.03825,0.293425,0.286875,0.23765,0.16490000000000002,8.663086912099999,0.017,0.10427499999999999
2026-01-10 15:00:00+01:00,9.891382748,0.0,0.138225,0.215825,0.36375,0.27402499999999996,0.03825,0.293425,0.286875,0.23765,0.16490000000000002,8.6794235319,0.017,0.10427499999999999
2026-01-10 16:00:00+01:00,10.263423992,0.0,0.138225,0.215825,0.36375,0.27402499999999996,0.03825,0.293425,0.286875,0.23765,0.16490000000000002,8.8719835272,0.017,0.10427499999999999
2026-01-10 17:00:00+01:00,10.326034749,0.0,0.138225,0.215825,0.36375,0.27402499999999996,0.03825,0.293425,0.286875,0.23765,0.16490000000000002,8.8553234231,0.017,0.10427499999999999
2026-01-10 18:00:00+01:00,10.308498414999999,0.0,0.138225,0.215825,0.36375,0.27402499999999996,0.03825,0.293425,0.286875,0.23765,0.16490000000000002,8.868196541100001,0.017,0.10427499999999999
2026-01-10 19:00:00+01:00,8.890527867700001,0.0,0.138225,0.215825,0.36375,0.27402499999999996,0.03825,0.293425,0.286875,0.23765,0.16490000000000002,8.273238957799999,0.017,0.10427499999999999
2026-01-10 20:00:00+01:00,8.9209586831,0.0,0.138225,0.215825,0.36375,0.27402499999999996,0.03825,0.293425,0.286875,0.23765,0.16490000000000002,8.2635893202,0.017,0.10427499999999999
2026-01-10 21:00:00+01:00,8.914543781599999,0.0,0.138225,0.215825,0.36375,0.27402499999999996,0.03825,0.293425,0.286875,0.23765,0.16490000000000002,8.2612376179,0.017,0.10427499999999999
2026-01-10 22:00:00+01:00,8.886618133,0.0,0.138225,0.215825,0.36375,0.27402499999999996,0.03825,0.293425,0.286875,0.23765,0.16490000000000002,8.248731256700001,0.017,0.10427499999999999
2026-01-10 23:00:00+01:00,8.8713099361,0.0,0.138225,0.215825,0.36375,0.27402499999999996,0.03825,0.293425,0.286875,0.23765,0.16490000000000002,8.2728329743,0.017,0.10427499999999999
2026-01-11 00:00:00+01:00,8.853477640000001,0.0,0.138225,0.215825,0.36375,0.27402499999999996,0.03825,0.293425,0.286875,0.23765,0.16490000000000002,8.2259267458,0.017,0.10427499999999999
2026-01-11 01:00:00+01:00,8.8244918074,0.0,0.138225,0.215825,0.36375,0.27402499999999996,0.03825,0.293425,0.286875,0.23765,0.16490000000000002,8.211701660000001,0.017,0.10427499999999999
2026-01-11 02:00:00+01:00,8.792551983100001,0.0,0.138225,0.215825,0.36375,0.27402499999999996,0.03825,0.293425,0.286875,0.23765,0.16490000000000002,8.1636501482,0.017,0.10427499999999999
2026-01-11 03:00:00+01:00,8.7811326994,0.0,0.138225,0.215825,0.36375,0.27402499999999996,0.03825,0.293425,0.286875,0.23765,0.16490000000000002,8.1962251694,0.017,0.10427499999999999
2026-01-11 04:00:00+01:00,8.719101716599999,0.0,0.138225,0.215825,0.36375,0.27402499999999996,0.03825,0.293425,0.286875,0.23765,0.16490000000000002,8.197192230999999,0.017,0.10427499999999999
2026-01-11 05:00:00+01:00,8.7369537309,0.0,0.138225,0.215825,0.36375,0.27402499999999996,0.03825,0.293425,0.286875,0.23765,0.16490000000000002,8.1407124185,0.017,0.10427499999999999
2026-01-11 06:00:00+01:00,8.706932841,0.0,0.138225,0.215825,0.36375,0.27402499999999996,0.03825,0.293425,0.286875,0.23765,0.16490000000000002,8.1480892306,0.017,0.10427499999999999
2026-01-11 07:00:00+01:00,10.126141548,0.0,0.138225,0.215825,0.36375,0.27402499999999996,0.03825,0.293425,0.286875,0.23765,0.16490000000000002,8.7862960275,0.017,0.10427499999999999
2026-01-11 08:00:00+01:00,10.105268815999999,0.0,0.138225,0.215825,0.36375,0.27402499999999996,0.03825,0.293425,0.286875,0.23765,0.16490000000000002,8.7544461513,0.017,0.10427499999999999
2026-01-11 09:00:00+01:00,10.114702263,0.0,0.138225,0.215825,0.36375,0.27402499999999996,0.03825,0.293425,0.286875,0.23765,0.16490000000000002,8.7672418392,0.017,0.10427499999999999
2026-01-11 10:00:00+01:00,10.114276186,0.0,0.138225,0.215825,0.36375,0.27402499999999996,0.03825,0.293425,0.286875,0.23765,0.16490000000000002,8.8040636503,0.017,0.10427499999999999
2026-01-11 11:00:00+01:00,9.773445394,0.0,0.138225,0.215825,0.36375,0.27402499999999996,0.03825,0.293425,0.286875,0.23765,0.16490000000000002,8.624794564999998,0.017,0.10427499999999999
2026-01-11 12:00:00+01:00,9.804471787999999,0.0,0.138225,0.215825,0.36375,0.27402499999999996,0.03825,0.293425,0.286875,0.23765,0.16490000000000002,8.6389863321,0.017,0.10427499999999999
2026-01-11 13:00:00+01:00,9.847690641,0.0,0.138225,0.215825,0.36375,0.27402499999999996,0.03825,0.293425,0.286875,0.23765,0.16490000000000002,8.6679611721,0.017,0.10427499999999999
2026-01-11 14:00:00+01:00,9.859296465,0.0,0.138225,0.215825,0.36375,0.27402499999999996,0.03825,0.293425,0.286875,0.23765,0.16490000000000002,8.660451721100001,0.017,0.10427499999999999
2026-01-11 15:00:00+01:00,9.866278177,0.0,0.138225,0.215825,0.36375,0.27402499999999996,0.03825,0.293425,0.286875,0.23765,0.16490000000000002,8.687519483099999,0.017,0.10427499999999999
2026-01-11 16:00:00+01:00,10.282887956,0.0,0.138225,0.215825,0.36375,0.27402499999999996,0.03825,0.293425,0.286875,0.23765,0.16490000000000002,8.868042771399999,0.017,0.10427499999999999
2026-01-11 17:00:00+01:00,10.309288453,0.0,0.138225,0.215825,0.36375,0.27402499999999996,0.03825,0.293425,0.286875,0.23765,0.16490000000000002,8.8946661695,0.017,0.10427499999999999
2026-01-11 18:00:00+01:00,10.347702891,0.0,0.138225,0.215825,0.36375,0.27402499999999996,0.03825,0.293425,0.286875,0.23765,0.16490000000000002,8.8813500465,0.017,0.10427499999999999
2026-01-11 19:00:00+01:00,8.9217394807,0.0,0.138225,0.215825,0.36375,0.27402499999999996,0.03825,0.293425,0.286875,0.23765,0.16490000000000002,8.2615063611,0.017,0.10427499999999999
2026-01-11 20:00:00+01:00,8.9172299389,0.0,0.138225,0.215825,0.36375,0.27402499999999996,0.03825,0.293425,0.286875,0.23765,0.16490000000000002,8.2385010488,0.017,0.10427499999999999
2026-01-11 21:00:00+01:00,8.9269539685,0.0,0.138225,0.215825,0.36375,0.27402499999999996,0.03825,0.293425,0.286875,0.23765,0.16490000000000002,8.2581318971,0.017,0.10427499999999999
2026-01-11 22:00:00+01:00,8.870988109099999,0.0,0.138225,0.215825,0.36375,0.27402499999999996,0.03825,0.293425,0.286875,0.23765,0.16490000000000002,8.250013941299999,0.017,0.10427499999999999
2026-01-11 23:00:00+01:00,8.869453307299999,0.0,0.138225,0.215825,0.36375,0.27402499999999996,0.03825,0.293425,0.286875,0.23765,0.16490000000000002,8.244719784099999,0.017,0.10427499999999999
2026-01-12 00:00:00+01:00,8.8614763459,0.0,0.138225,0.215825,0.36375,0.27402499999999996,0.03825,0.293425,0.286875,0.23765,0.16490000000000002,8.2320239532,0.017,0.10427499999999999
2026-01-12 01:00:00+01:00,8.8546035506,0.0,0.138225,0.215825,0.36375,0.27402499999999996,0.03825,0.293425,0.286875,0.23765,0.16490000000000002,8.1914885757,0.017,0.10427499999999999
2026-01-12 02:00:00+01:00,8.7956644406,0.0,0.138225,0.215825,0.36375,0.27402499999999996,0.03825,0.293425,0.286875,0.23765,0.16490000000000002,8.1972977955,0.017,0.10427499999999999
2026-01-12 03:00:00+01:00,8.7621754944,0.0,0.138225,0.215825,0.36375,0.27402499999999996,0.03825,0.293425,0.286875,0.23765,0.16490000000000002,8.189373354599999,0.017,0.10427499999999999
2026-01-12 04:00:00+01:00,8.7418699323,0.0,0.138225,0.215825,0.36375,0.27402499999999996,0.03825,0.293425,0.286875,0.23765,0.16490000000000002,8.1404717759,0.017,0.10427499999999999
2026-01-12 05:00:00+01:00,9.782140937,0.0,0.138225,0.215825,0.36375,0.27402499999999996,0.03825,0.293425,0.286875,0.23765,0.16490000000000002,8.610100304700001,0.017,0.10427499999999999
2026-01-12 06:00:00+01:00,10.126448442000001,0.0,0.138225,0.215825,0.36375,0.27402499999999996,0.03825,0.293425,0.286875,0.23765,0.16490000000000002,8.7735008241,0.017,0.10427499999999999
2026-01-12 07:00:00+01:00,10.109128961,0.0,0.138225,0.215825,0.36375,0.27402499999999996,0.03825,0.293425,0.286875,0.23765,0.16490000000000002,8.7728520853,0.017,0.10427499999999999
2026-01-12 08:00:00+01:00,10.185310999999999,0.0,0.138225,0.215825,0.36375,0.27402499999999996,0.03825,0.293425,0.286875,0.23765,0.16490000000000002,8.7895862068,0.017,0.10427499999999999
2026-01-12 09:00:00+01:00,10.197741478,0.0,0.138225,0.215825,0.36375,0.27402499999999996,0.03825,0.293425,0.286875,0.23765,0.16490000000000002,8.7857549533,0.017,0.10427499999999999
2026-01-12 10:00:00+01:00,10.1584342,0.0,0.138225,0.215825,0.36375,0.27402499999999996,0.03825,0.293425,0.286875,0.23765,0.16490000000000002,8.806742334599999,0.017,0.10427499999999999
2026-01-12 11:00:00+01:00,9.811543419,0.0,0.138225,0.215825,0.36375,0.27402499999999996,0.03825,0.293425,0.286875,0.23765,0.16490000000000002,8.687304701,0.017,0.10427499999999999
2026-01-12 12:00:00+01:00,9.863492929,0.0,0.138225,0.215825,0.36375,0.27402499999999996,0.03825,0.293425,0.286875,0.23765,0.16490000000000002,8.669608045,0.017,0.10427499999999999
2026-01-12 13:00:00+01:00,9.881042428,0.0,0.138225,0.215825,0.36375,0.27402499999999996,0.03825,0.293425,0.286875,0.23765,0.16490000000000002,8.6802014289,0.017,0.10427499999999999
2026-01-12 14:00:00+01:00,9.905177254,0.0,0.138225,0.215825,0.36375,0.27402499999999996,0.03825,0.293425,0.286875,0.23765,0.16490000000000002,8.7143178959,0.017,0.10427499999999999
2026-01-12 15:00:00+01:00,9.946084573,0.0,0.138225,0.215825,0.36375,0.27402499999999996,0.03825,0.293425,0.286875,0.23765,0.16490000000000002,8.7051509341,0.017,0.10427499999999999
2026-01-12 16:00:00+01:00,10.337547243,0.0,0.138225,0.215825,0.36375,0.27402499999999996,0.03825,0.293425,0.286875,0.23765,0.16490000000000002,8.896395949099999,0.017,0.10427499999999999
2026-01-12 17:00:00+01:00,10.350438342999999,0.0,0.138225,0.215825,0.36375,0.27402499999999996,0.03825,0.293425,0.286875,0.23765,0.16490000000000002,8.8976988713,0.017,0.10427499999999999
2026-01-12 18:00:00+01:00,10.371178519,0.0,0.138225,0.215825,0.36375,0.27402499999999996,0.03825,0.293425,0.286875,0.23765,0.16490000000000002,8.9174843377,0.017,0.10427499999999999
2026-01-12 19:00:00+01:00,10.370036956,0.0,0.138225,0.215825,0.36375,0.27402499999999996,0.03825,0.293425,0.286875,0.23765,0.16490000000000002,8.8924865587,0.017,0.10427499999999999
2026-01-12 20:00:00+01:00,10.331732292,0.0,0.138225,0.215825,0.36375,0.27402499999999996,0.03825,0.293425,0.286875,0.23765,0.16490000000000002,8.8909455399,0.017,0.10427499999999999
2026-01-12 21:00:00+01:00,9.989571480999999,0.0,0.138225,0.215825,0.36375,0.27402499999999996,0.03825,0.293425,0.286875,0.23765,0.16490000000000002,8.7288567817,0.017,0.10427499999999999
2026-01-12 22:00:00+01:00,9.960700929000001,0.0,0.138225,0.215825,0.36375,0.27402499999999996,0.03825,0.293425,0.286875,0.23765,0.16490000000000002,8.7321002775,0.017,0.10427499999999999
2026-01-12 23:00:00+01:00,9.898147261,0.0,0.138225,0.215825,0.36375,0.27402499999999996,0.03825,0.293425,0.286875,0.23765,0.16490000000000002,8.709061132199999,0.017,0.10427499999999999
2026-01-13 00:00:00+01:00,8.865611270999999,0.0,0.138225,0.215825,0.36375,0.27402499999999996,0.03825,0.293425,0.286875,0.23765,0.16490000000000002,8.2472759662,0.017,0.10427499999999999
2026-01-13 01:00:00+01:00,8.8348800218,0.0,0.138225,0.215825,0.36375,0.27402499999999996,0.03825,0.293425,0.286875,0.23765,0.16490000000000002,8.219980943,0.017,0.10427499999999999
2026-01-13 02:00:00+01:00,8.8008822314,0.0,0.138225,0.215825,0.36375,0.27402499999999996,0.03825,0.293425,0.286875,0.23765,0.16490000000000002,8.2004386832,0.017,0.10427499999999999
2026-01-13 03:00:00+01:00,8.7558614354,0.0,0.138225,0.215825,0.36375,0.27402499999999996,0.03825,0.293425,0.286875,0.23765,0.16490000000000002,8.163120841200001,0.017,0.10427499999999999
2026-01-13 04:00:00+01:00,8.7510729346,0.0,0.138225,0.215825,0.36375,0.27402499999999996,0.03825,0.293425,0.286875,0.23765,0.16490000000000002,8.1713167984,0.017,0.10427499999999999
2026-01-13 05:00:00+01:00,9.780631084,0.0,0.138225,0.215825,0.36375,0.27402499999999996,0.03825,0.293425,0.286875,0.23765,0.16490000000000002,8.626813519599999,0.017,0.10427499999999999
2026-01-13 06:00:00+01:00,10.121937552999999,0.0,0.138225,0.215825,0.36375,0.27402499999999996,0.03825,0.293425,0.286875,0.23765,0.16490000000000002,8.7845792516,0.017,0.10427499999999999
2026-01-13 07:00:00+01:00,10.094202417,0.0,0.138225,0.215825,0.36375,0.27402499999999996,0.03825,0.293425,0.286875,0.23765,0.16490000000000002,8.7607858809,0.017,0.10427499999999999
2026-01-13 08:00:00+01:00,10.174380372000002,0.0,0.138225,0.215825,0.36375,0.27402499999999996,0.03825,0.293425,0.286875,0.23765,0.16490000000000002,8.7921604179,0.017,0.10427499999999999
2026-01-13 09:00:00+01:00,10.195895661,0.0,0.138225,0.215825,0.36375,0.27402499999999996,0.03825,0.293425,0.286875,0.23765,0.16490000000000002,8.773586082500001,0.017,0.10427499999999999
2026-01-13 10:00:00+01:00,10.173229365,0.0,0.138225,0.215825,0.36375,0.27402499999999996,0.03825,0.293425,0.286875,0.23765,0.16490000000000002,8.8101284774,0.017,0.10427499999999999
2026-01-13 11:00:00+01:00,9.833593313,0.0,0.138225,0.215825,0.36375,0.27402499999999996,0.03825,0.293425,0.286875,0.23765,0.16490000000000002,8.6458471354,0.017,0.10427499999999999
2026-01-13 12:00:00+01:00,9.862633524,0.0,0.138225,0.215825,0.36375,0.27402499999999996,0.03825,0.293425,0.286875,0.23765,0.16490000000000002,8.6537677265,0.017,0.10427499999999999
2026-01-13 13:00:00+01:00,9.850158934,0.0,0.138225,0.215825,0.36375,0.27402499999999996,0.03825,0.293425,0.286875,0.23765,0.16490000000000002,8.690772196400001,0.017,0.10427499999999999
2026-01-13 14:00:00+01:00,9.913618473,0.0,0.138225,0.215825,0.36375,0.27402499999999996,0.03825,0.293425,0.286875,0.23765,0.16490000000000002,8.685272471700001,0.017,0.10427499999999999
2026-01-13 15:00:00+01:00,9.942620938,0.0,0.138225,0.215825,0.36375,0.27402499999999996,0.03825,0.293425,0.286875,0.23765,0.16490000000000002,8.6982626104,0.017,0.10427499999999999
2026-01-13 16:00:00+01:00,10.326373876,0.0,0.138225,0.215825,0.36375,0.27402499999999996,0.03825,0.293425,0.286875,0.23765,0.16490000000000002,8.9243519219,0.017,0.10427499999999999
2026-01-13 17:00:00+01:00,10.351528361,0.0,0.138225,0.215825,0.36375,0.27402499999999996,0.03825,0.293425,0.286875,0.23765,0.16490000000000002,8.8553448726,0.017,0.10427499999999999
2026-01-13 18:00:00+01:00,10.353908158,0.0,0.138225,0.215825,0.36375,0.27402499999999996,0.03825,0.293425,0.286875,0.23765,0.16490000000000002,8.9387675728,0.017,0.10427499999999999
2026-01-13 19:00:00+01:00,10.340210118999998,0.0,0.138225,0.215825,0.36375,0.27402499999999996,0.03825,0.293425,0.286875,0.23765,0.16490000000000002,8.8947593425,0.017,0.10427499999999999
2026-01-13 20:00:00+01:00,10.366957437,0.0,0.138225,0.215825,0.36375,0.27402499999999996,0.03825,0.293425,0.286875,0.23765,0.16490000000000002,8.8602446696,0.017,0.10427499999999999
2026-01-13 21:00:00+01:00,9.924561754,0.0,0.138225,0.215825,0.36375,0.27402499999999996,0.03825,0.293425,0.286875,0.23765,0.16490000000000002,8.7084732363,0.017,0.10427499999999999
2026-01-13 22:00:00+01:00,9.953765364999999,0.0,0.138225,0.215825,0.36375,0.27402499999999996,0.03825,0.293425,0.286875,0.23765,0.16490000000000002,8.7206285626,0.017,0.10427499999999999
2026-01-13 23:00:00+01:00,9.922504085,0.0,0.138225,0.215825,0.36375,0.27402499999999996,0.03825,0.293425,0.286875,0.23765,0.16490000000000002,8.7320657069,0.017,0.10427499999999999
2026-01-14 00:00:00+01:00,8.8838504394,0.0,0.138225,0.215825,0.36375,0.27402499999999996,0.03825,0.293425,0.286875,0.23765,0.16490000000000002,8.235945195000001,0.017,0.10427499999999999
2026-01-14 01:00:00+01:00,8.828755163399999,0.0,0.138225,0.215825,0.36375,0.27402499999999996,0.03825,0.293425,0.286875,0.23765,0.16490000000000002,8.2148138405,0.017,0.10427499999999999
2026-01-14 02:00:00+01:00,8.7960901057,0.0,0.138225,0.215825,0.36375,0.27402499999999996,0.03825,0.293425,0.286875,0.23765,0.16490000000000002,8.193575869,0.017,0.10427499999999999
2026-01-14 03:00:00+01:00,8.7789889799,0.0,0.138225,0.215825,0.36375,0.27402499999999996,0.03825,0.293425,0.286875,0.23765,0.16490000000000002,8.1986625796,0.017,0.10427499999999999
2026-01-14 04:00:00+01:00,8.746080281800001,0.0,0.138225,0.215825,0.36375,0.27402499999999996,0.03825,0.293425,0.286875,0.23765,0.16490000000000002,8.172032808600001,0.017,0.10427499999999999
2026-01-14 05:00:00+01:00,9.783703762,0.0,0.138225,0.215825,0.36375,0.27402499999999996,0.03825,0.293425,0.286875,0.23765,0.16490000000000002,8.6121318596,0.017,0.10427499999999999
2026-01-14 06:00:00+01:00,10.1373052,0.0,0.138225,0.215825,0.36375,0.27402499999999996,0.03825,0.293425,0.286875,0.23765,0.16490000000000002,8.7544264258,0.017,0.10427499999999999
2026-01-14 07:00:00+01:00,10.115568773,0.0,0.138225,0.215825,0.36375,0.27402499999999996,0.03825,0.293425,0.286875,0.23765,0.16490000000000002,8.7659371032,0.017,0.10427499999999999
2026-01-14 08:00:00+01:00,10.153451216,0.0,0.138225,0.215825,0.36375,0.27402499999999996,0.03825,0.293425,0.286875,0.23765,0.16490000000000002,8.8045316509,0.017,0.10427499999999999
2026-01-14 09:00:00+01:00,10.17215564,0.0,0.138225,0.215825,0.36375,0.27402499999999996,0.03825,0.293425,0.286875,0.23765,0.16490000000000002,8.8173150477,0.017,0.10427499999999999
2026-01-14 10:00:00+01:00,10.219471771,0.0,0.138225,0.215825,0.36375,0.27402499999999996,0.03825,0.293425,0.286875,0.23765,0.16490000000000002,8.8023889103,0.017,0.10427499999999999
2026-01-14 11:00:00+01:00,9.838024084999999,0.0,0.138225,0.215825,0.36375,0.27402499999999996,0.03825,0.293425,0.286875,0.23765,0.16490000000000002,8.6363149342,0.017,0.10427499999999999
2026-01-14 12:00:00+01:00,9.855780228,0.0,0.138225,0.215825,0.36375,0.27402499999999996,0.03825,0.293425,0.286875,0.23765,0.16490000000000002,8.6671159459,0.017,0.10427499999999999
2026-01-14 13:00:00+01:00,9.895613267,0.0,0.138225,0.215825,0.36375,0.27402499999999996,0.03825,0.293425,0.286875,0.23765,0.16490000000000002,8.677313008,0.017,0.10427499999999999
2026-01-14 14:00:00+01:00,9.877507385000001,0.0,0.138225,0.215825,0.36375,0.27402499999999996,0.03825,0.293425,0.286875,0.23765,0.16490000000000002,8.7006575405,0.017,0.10427499999999999
2026-01-14 15:00:00+01:00,9.957550604,0.0,0.138225,0.215825,0.36375,0.27402499999999996,0.03825,0.293425,0.286875,0.23765,0.16490000000000002,8.7134132207,0.017,0.10427499999999999
2026-01-14 16:00:00+01:00,10.355839068,0.0,0.138225,0.215825,0.36375,0.27402499999999996,0.03825,0.293425,0.286875,0.23765,0.16490000000000002,8.8820560966,0.017,0.10427499999999999
2026-01-14 17:00:00+01:00,10.377970988000001,0.0,0.138225,0.215825,0.36375,0.27402499999999996,0.03825,0.293425,0.286875,0.23765,0.16490000000000002,8.8925317505,0.017,0.10427499999999999
2026-01-14 18:00:00+01:00,10.399332094,0.0,0.138225,0.215825,0.36375,0.27402499999999996,0.03825,0.293425,0.286875,0.23765,0.16490000000000002,8.9447942308,0.017,0.10427499999999999
2026-01-14 19:00:00+01:00,10.345726631,0.0,0.138225,0.215825,0.36375,0.27402499999999996,0.03825,0.293425,0.286875,0.23765,0.16490000000000002,8.8944018543,0.017,0.10427499999999999
2026-01-14 20:00:00+01:00,10.349386423999999,0.0,0.138225,0.215825,0.36375,0.27402499999999996,0.03825,0.293425,0.286875,0.23765,0.16490000000000002,8.889255452599999,0.017,0.10427499999999999
2026-01-14 21:00:00+01:00,9.963250774,0.0,0.138225,0.215825,0.36375,0.27402499999999996,0.03825,0.293425,0.286875,0.23765,0.16490000000000002,8.7271669424,0.017,0.10427499999999999
2026-01-14 22:00:00+01:00,9.965201658,0.0,0.138225,0.215825,0.36375,0.27402499999999996,0.03825,0.293425,0.286875,0.23765,0.16490000000000002,8.6849855617,0.017,0.10427499999999999
2026-01-14 23:00:00+01:00,9.935147284,0.0,0.138225,0.215825,0.36375,0.27402499999999996,0.03825,0.293425,0.286875,0.23765,0.16490000000000002,8.7043759909,0.017,0.10427499999999999
