date,Consumption_kWh_Vehicle_0,Consumption_kWh_Vehicle_1,Consumption_kWh_Vehicle_10,Consumption_kWh_Vehicle_11,Consumption_kWh_Vehicle_12,Consumption_kWh_Vehicle_13,Consumption_kWh_Vehicle_14,Consumption_kWh_Vehicle_15,Consumption_kWh_Vehicle_16,Consumption_kWh_Vehicle_17,Consumption_kWh_Vehicle_18,Consumption_kWh_Vehicle_19,Consumption_kWh_Vehicle_2,Consumption_kWh_Vehicle_20,Consumption_kWh_Vehicle_21,Consumption_kWh_Vehicle_22,Consumption_kWh_Vehicle_23,Consumption_kWh_Vehicle_3,Consumption_kWh_Vehicle_4,Consumption_kWh_Vehicle_5,Consumption_kWh_Vehicle_6,Consumption_kWh_Vehicle_7,Consumption_kWh_Vehicle_8,Consumption_kWh_Vehicle_9
2026-01-01 00:00:00,0.0,0.0,0.0,0.0,0.0,0.0,0.0,0.0,0.0,0.0,0.0,0.0,0.0,0.0,0.0,0.0,0.0,0.0,0.0,0.0,0.0,0.0,0.0,0.0
2026-01-01 01:00:00,0.0,0.0,0.0,0.0,0.0,0.0,0.0,0.0,0.0,0.0,0.0,0.0,0.0,0.0,0.0,0.0,0.0,0.0,0.0,0.0,0.0,0.0,0.0,0.0
2026-01-01 02:00:00,0.0,0.0,0.0,0.0,0.0,0.0,0.0,0.0,0.0,0.0,0.0,0.0,0.0,0.0,0.0,0.0,0.0,0.0,0.0,0.0,0.0,0.0,0.0,0.0
2026-01-01 03:00:00,0.0,0.0,0.0,0.0,0.0,0.0,0.0,0.0,0.0,0.0,0.0,0.0,0.0,0.0,0.0,0.0,0.0,0.0,0.0,0.0,0.0,0.0,0.0,0.0
2026-01-01 04:00:00,0.0,0.0,0.0,0.0,0.0,0.0,0.0,0.0,0.0,0.0,0.0,0.0,0.0,0.0,0.0,0.0,0.0,0.0,0.0,0.0,0.0,0.0,0.0,0.0
2026-01-01 05:00:00,0.0,0.0,2.566491246878698,0.0,0.0,0.0,0.0,0.0,1.3482786548992969,0.0,0.0,0.0,0.0,0.0,0.0,0.0,0.0,1.7969071457165238,0.0,0.0,0.0,0.0,0.0,0.0
2026-01-01 06:00:00,0.0,1.6678246193769914,1.9103789238302027,2.6137366451148227,2.731528386358882,1.561826742580698,0.0,0.0,1.024846866628432,2.4263288699759396,3.4029858390385144,2.8856094290350027,0.0,0.0,0.0,0.0,0.0,2.6550845383672224,0.0,0.0,0.6608106118237435,0.0,3.0156735604485516,0.0
2026-01-01 07:00:00,1.3138556125604879,1.723875973616315,2.651237186655889,1.6591416526204108,3.0979834419415764,1.1418638060032276,2.721471550302092,3.4634677852006845,1.7929399617945874,0.8455789340055377,1.997333182311942,3.785916718503892,2.0710139943766266,1.8180417626830334,1.163984004372722,3.437873779889153,1.0308172154467494,2.6209835351421473,2.0998799684029814,1.3805877512927829,2.283550473292939,0.0,1.2109606622565663,2.1561252891816176
2026-01-01 08:00:00,3.3458967828745734,0.6799683970760864,1.3710722864772023,1.5381842739403617,3.956268180850546,2.37436255557135,3.99545635185388,2.4847480735910628,1.878098625685813,2.7041773275983485,3.2985207966179555,2.620942949699219,1.2414267664512473,2.570676964735597,3.0633795588229558,3.437873779889153,4.042034783915264,1.8417618732286585,1.245796365523728,0.5664886392320001,2.837939992878039,2.913328005332466,1.5435671569263432,0.7784886958328081
2026-01-01 09:00:00,2.4362176257220076,1.1990020623330881,2.759115974244995,2.6137366451148227,2.459222933187195,1.3589736791181146,3.2157012312774578,4.275332940583687,1.6111549816073278,3.8051052030249197,3.6356437254813154,1.3304790780408813,2.1558074581656856,1.5450049580987375,5.237928019677248,2.45434519802096,1.9972591222290865,0.7369437700074684,1.4651283247711844,0.6094245817566591,1.4681524237295476,0.9811424445427324,1.1501769989768502,3.292294221682349
2026-01-01 10:00:00,1.0501363059607964,1.5800588531834863,2.7225020930585986,0.5808303655810718,3.956268180850546,1.0362348311171272,1.8811153160692906,1.4581210115793781,2.07699783347414,1.6009829861516327,3.387746976697997,2.5948358207663227,2.4944869472285642,2.1699037916600687,4.012246769630597,3.062431260986164,2.898168366601096,0.7369437700074684,0.591118580068174,1.4011092668440095,0.6608106118237435,3.946319465154499,1.9881529195165728,1.6198699611465313
2026-01-01 11:00:00,2.184222877563508,0.6799683970760864,2.12236937295228,1.374008064172575,3.2986727474824167,1.6701261232204863,2.851327236283879,4.275332940583687,1.0975915908538652,3.042162730099711,2.257077687064219,0.8413148263341983,3.3570824474918286,0.6797863670784002,1.163984004372722,1.3687598308502584,3.993557929810063,2.1998538342392617,1.6052886585039274,1.8296942818981394,2.303193265861932,3.1274243638050305,3.1695567122020534,2.529022400217223
2026-01-01 12:00:00,0.0,0.0,2.079653333018271,1.2721052126235248,0.0,0.0,0.0,2.524219806302004,1.1055133640982788,0.0,0.0,0.0,1.2327910251831324,0.0,2.2086235932444938,0.984205500283889,0.0,0.0,1.2105538939750782,1.66611261049258,0.0,1.8761450060175362,2.5835979585005466,1.2970059888638168
2026-01-01 13:00:00,0.0,0.7419912546782857,0.0,2.644396731037547,4.282996631740898,3.520105601279866,1.0280706402431035,1.6810228972698196,0.9868125661875802,0.8142611957090363,0.0,2.6185946923525854,0.0,0.6179876064349091,0.0,1.3410967615621916,1.3807886500581448,3.118789864181463,1.3379383099273048,0.0,1.7550425000734389,3.6204482753942036,1.5654590534699055,2.63462012756267
2026-01-01 14:00:00,0.7653583538283393,1.6923877772672515,4.049695074159653,1.7213229900397051,2.554263095258314,4.857350770861535,3.2237668016176118,2.7565947934125075,3.800527614800009,2.384365597844461,1.5861725157623738,2.425939080405528,0.6863368559316627,2.754612345892174,2.0301988964498894,2.263310339584281,2.2022289696135964,2.6922321975286505,1.537740413114806,1.3369768299248104,1.6881165655253376,2.1276014797355423,2.5146968632548568,1.4021733685320452
2026-01-01 15:00:00,0.7634821869702646,0.6799683970760864,2.507738149562835,2.8147933101236555,3.123114374439711,3.1471119255075535,2.0482299424160377,1.8797727309140533,0.8445616921777799,2.003331824997744,2.6749664613298343,1.746082991158258,0.6863368559316627,2.082140443692327,2.999576322947964,1.8916139492265351,3.074340075429583,1.0988450411755768,0.6553211793785626,0.46881818419200016,2.422863820957999,2.911097305656489,1.703976365238617,3.3630711659977304
2026-01-01 16:00:00,1.337752702486902,0.8311752879530512,2.703696374407984,2.3689093090456512,1.8718266670037784,3.54533332824732,2.3412756845069054,3.4836046182533744,3.2418999928500902,1.8406186420855377,2.265428766203209,1.3428356773167827,1.4823291473114408,1.2553139129836044,3.4117515634592945,2.6456893460187416,2.435096320189787,2.395270937756968,0.5035454570951112,0.756225547816341,2.7357559329502976,2.367033856079328,2.0354705826820507,1.9559556695448037
2026-01-01 17:00:00,0.5944831726731219,0.9843850055247251,2.664172002046844,1.2554706167535568,2.455652972048188,4.309024689720893,4.626317881093965,1.4914029755537248,1.1093607664607017,0.8142611957090363,3.2315236461917145,3.1449307849304993,2.101805036068149,1.1149195950527353,2.3963209790034177,2.2100706993314514,3.44313559271638,4.054109209329984,1.9369513467715824,0.5845284706148611,0.6695640313676308,1.2854071029726901,2.631696396861329,2.1764520429171226
2026-01-01 18:00:00,0.5944831726731219,2.397531541363181,2.680584601336053,2.1947242209470765,2.515106597044974,3.3797897309789797,0.0,0.9874626653955647,1.8010337295726653,2.010438251886879,1.1022546416935721,1.9880991225640166,1.5273862206355044,1.1395873498678613,2.672924929874215,3.1628438774980205,3.18103152433467,1.7006876794878827,1.0416827939377105,1.4793429099684359,0.6886738009476735,0.8045440611987119,0.8098512380005871,2.0234002369143087
2026-01-01 19:00:00,0.6851284940614278,2.1153678701866747,0.0,0.6255096244719235,0.0,0.0,0.0,2.2915707097345495,0.0,1.9308530764599134,2.2090406280315804,0.0,0.6863368559316627,0.0,1.4414541857590775,2.6898552328772998,0.0,0.0,1.9688258724558305,0.46881818419200016,0.0,0.0,2.120956256160148,3.3630711659977304
2026-01-01 20:00:00,0.5944831726731219,0.0,0.0,0.0,0.0,0.0,0.0,0.0,0.0,0.0,1.4785652362750357,0.0,0.0,0.0,2.47514612653764,0.0,0.0,0.0,0.0,1.2524896741699427,0.0,0.0,3.337221754204058,0.0
2026-01-01 21:00:00,0.0,0.0,0.0,0.0,0.0,0.0,0.0,0.0,0.0,0.0,0.0,0.0,0.0,0.0,0.0,0.0,0.0,0.0,0.0,0.0,0.0,0.0,0.0,0.0
2026-01-01 22:00:00,0.0,0.0,0.0,0.0,0.0,0.0,0.0,0.0,0.0,0.0,0.0,0.0,0.0,0.0,0.0,0.0,0.0,0.0,0.0,0.0,0.0,0.0,0.0,0.0
2026-01-01 23:00:00,0.0,0.0,0.0,0.0,0.0,0.0,0.0,0.0,0.0,0.0,0.0,0.0,0.0,0.0,0.0,0.0,0.0,0.0,0.0,0.0,0.0,0.0,0.0,0.0
2026-01-02 00:00:00,0.0,0.0,0.0,0.0,0.0,0.0,0.0,0.0,0.0,0.0,0.0,0.0,0.0,0.0,0.0,0.0,0.0,0.0,0.0,0.0,0.0,0.0,0.0,0.0
2026-01-02 01:00:00,0.0,0.0,0.0,0.0,0.0,0.0,0.0,0.0,0.0,0.0,0.0,0.0,0.0,0.0,0.0,0.0,0.0,0.0,0.0,0.0,0.0,0.0,0.0,0.0
2026-01-02 02:00:00,0.0,0.0,0.0,0.0,0.0,0.0,0.0,0.0,0.0,0.0,0.0,0.0,0.0,0.0,0.0,0.0,0.0,0.0,0.0,0.0,0.0,0.0,0.0,0.0
2026-01-02 03:00:00,0.0,0.0,0.0,0.0,0.0,0.0,0.0,0.0,0.0,0.0,0.0,0.0,0.0,0.0,0.0,0.0,0.0,0.0,0.0,0.0,0.0,0.0,0.0,0.0
2026-01-02 04:00:00,0.0,0.0,0.0,0.0,0.0,0.0,0.0,0.0,0.0,0.0,0.0,0.0,0.0,0.0,0.0,0.0,0.0,0.0,0.0,0.0,0.0,0.0,0.0,0.0
2026-01-02 05:00:00,0.0,0.9936303576053459,3.904706876768878,2.5343397957785028,0.0,0.0,0.0,0.0,0.0,0.0,0.0,0.0,0.0,2.451081870973005,0.0,0.0,0.0,0.0,0.0,0.7910644704085208,0.0,0.0,0.0,0.0
2026-01-02 06:00:00,0.0,1.88770093997439,3.426373093972424,1.4948512847746733,0.0,1.1103036432203703,0.0,0.0,2.7813253562215356,0.0,0.5916432192,0.0,0.0,1.3421214956295058,0.0,0.0,1.9552287357952252,2.184523397429379,0.0,1.2158530002685513,0.0,1.1577685232005488,0.0,1.3795007389272842
2026-01-02 07:00:00,1.719417401773742,0.6554918407603298,0.867712639281973,2.5929404957014586,0.0,1.7103543176667173,2.6030897158294333,0.9302511031194165,2.3305954037643994,2.8893752636732275,1.9438575077287819,2.859395774724412,0.0,0.9618718619692544,1.7884294745569098,2.4119574792147795,2.6741211001684797,0.7699806402436138,1.2562414371944872,0.7910644704085208,0.67232184,2.132962664687921,0.0,4.6718983669671035
2026-01-02 08:00:00,0.8545064657799749,1.2098440382680231,1.888263328459625,0.6617639362841415,1.817233583071511,2.85394204201715,1.3059501927331187,1.7675008709055442,1.7227196976200092,2.7571249238259625,0.5916432192,3.130491228950865,4.613457604687874,0.833718207786652,1.008419713862828,3.1954123093635087,2.267232315094803,2.851614941925964,3.033841944789346,0.7910644704085208,0.67232184,2.77332759,3.229380003667429,3.5098964715521954
2026-01-02 09:00:00,1.0056836826743885,1.456112846718411,0.911987459605782,2.299243558797084,3.0591401650557386,1.5236581438444172,2.032857342974234,3.169517245714286,1.7497362051233232,3.1276423421252386,1.5914012417103196,4.0047890662114725,1.2591941622266374,1.8498968983749853,3.5037495578856235,2.1944922389636115,2.5102654168104754,1.6328030316896778,4.149430746568013,0.7910644704085208,1.0830890493631096,1.803698275605809,3.2269806860638046,4.821225690162132
2026-01-02 10:00:00,1.7700326699951627,2.5209418849895338,3.680405916864384,1.4648140542215136,1.2937298353892828,1.3485458520900242,3.02544828,2.1534695295292385,2.205935468918624,0.7395540240000001,1.8409698396133358,2.9540273180615153,1.2591941622266374,2.3361209072964115,3.1725386143222924,1.4468337712112573,0.613624738150793,0.755895345248433,2.4229827465669818,1.8869743428208803,1.8303369586430744,1.829169044602022,1.13481141072314,1.0713834867026961
2026-01-02 11:00:00,0.8545064657799749,1.6300333312460178,3.904706876768878,0.9765417216507009,3.628202032319305,1.3248490974682445,0.7521418652847057,3.169517245714286,2.1760750054722813,1.5787397433220351,1.521421622211086,4.63859729168269,3.8536380910421952,1.04038462824532,1.5336885280699306,2.5940690860522326,1.9330570455860279,0.755895345248433,2.317610925350948,0.9744185221574859,1.6799366994624596,2.617498620060127,3.902690042410936,3.059841307509723
2026-01-02 12:00:00,0.0,0.0,0.0,0.0,0.0,0.0,0.0,0.0,1.8827196203558874,0.0,0.0,0.0,0.0,0.0,0.0,0.0,0.5942491333707732,2.1268506526001922,0.0,0.0,0.0,0.0,0.0,0.0
2026-01-02 13:00:00,1.4753250252204793,0.9821840887915464,4.555491356230358,1.3659091408251447,2.146916714622221,3.11343062487486,0.0,0.0,3.5025760491729936,0.7214282308663289,2.73260222548258,1.0820815831274615,0.0,2.0902940212222716,0.0,3.5166519798079836,0.6162583605326538,0.0,3.6014795624042835,0.0,0.0,0.0,0.0,1.234574734065106
2026-01-02 14:00:00,0.66714407423307,0.5041883769979068,2.2415327362430815,1.0510562942396824,0.7395540240000001,1.2354827807642987,2.2783386133593386,1.8520765560232102,3.8549815424995124,1.2349111685072165,1.2204994666422337,1.3648947589071696,1.070315037892642,1.620026043502415,3.121604788982019,0.8739155106552361,1.2314524272060534,2.2755458905129866,1.1420376701768065,3.3784947963449463,1.6537931997240534,1.5742312229986752,3.282847295306226,3.9982159004221836
2026-01-02 15:00:00,0.9228790203842104,1.9060599166859158,2.3362515105414103,0.7130758403168224,2.362525035147892,3.604979421495348,0.7043371657142858,1.6810128840120164,0.9357886804274561,1.76769317157697,1.0652353102905179,1.1509877404692532,4.816417670516889,1.6914157449837581,0.9277461367538018,3.932619797948562,0.6162583605326538,3.0006468339140415,1.2966783837488165,3.2707911364177193,0.7784779200000002,2.9555986667413645,1.3515900540381023,1.2111291588813085
2026-01-02 16:00:00,0.6662600815886788,2.2688476964905804,2.3018599216073303,0.6389444902053781,1.7508626172703754,0.8011065381100774,1.4348280437436667,1.7341333235961824,3.1452805228960874,0.996563667415634,1.2253459805464197,2.784318518222687,1.2231045091984878,1.934343524352636,1.4356028860336703,2.906092456765685,2.1117722689783403,0.8503822634044871,1.1420376701768065,3.838484790850865,3.3896410306020766,1.1315730611056551,1.9562206155806772,3.52503224108596
2026-01-02 17:00:00,2.697591844441327,0.5041883769979068,2.471070735143869,1.8132811729749334,1.7056093008284137,3.154365845757334,1.3738868134453401,1.6232329269887844,2.0979920346209853,1.485239339484867,0.9072650939629284,3.162500869183803,2.0392745088165474,0.8711728401637349,4.133267817116959,2.258768413865856,2.116376775785594,0.8503822634044871,1.246700692798252,1.2744927578803946,0.7784779200000002,1.2416883771305545,1.826453491624974,3.4707368514822146
2026-01-02 18:00:00,1.1531613914939476,1.8156000230955358,1.3997119446066568,0.6389444902053781,0.0,0.0,3.169517245714286,1.6105688165693897,4.2110490619235526,1.8486561855040866,0.0,4.130455138092933,2.3451084711259886,0.0,2.467347526258115,0.8739155106552361,2.2575777405131503,2.3703721793962282,3.376115936492397,0.0,0.7784779200000002,1.1964389382273697,1.863232987294687,1.8245606741264146
2026-01-02 19:00:00,0.6064239434567563,0.5041883769979068,0.0,1.0237211813806237,0.0,0.0,0.0,1.5941007804973066,0.0,0.9201520833851053,0.0,2.7921929942294126,0.0,0.0,4.174857615392108,0.0,1.1959166075054461,1.9053396988052922,0.0,0.0,0.0,0.0,2.690238073499189,0.0
2026-01-02 20:00:00,1.845210889887665,0.819824913471908,0.0,0.0,0.0,0.0,0.0,1.6660968029875487,0.0,0.0,0.0,0.0,0.0,0.0,0.0,0.0,0.0,0.0,0.0,0.0,0.0,0.0,2.227752252162694,0.0
2026-01-02 21:00:00,0.0,0.0,0.0,0.0,0.0,0.0,0.0,0.0,0.0,0.0,0.0,0.0,0.0,0.0,0.0,0.0,0.0,0.0,0.0,0.0,0.0,0.0,0.0,0.0
2026-01-02 22:00:00,0.0,0.0,0.0,0.0,0.0,0.0,0.0,0.0,0.0,0.0,0.0,0.0,0.0,0.0,0.0,0.0,0.0,0.0,0.0,0.0,0.0,0.0,0.0,0.0
2026-01-02 23:00:00,0.0,0.0,0.0,0.0,0.0,0.0,0.0,0.0,0.0,0.0,0.0,0.0,0.0,0.0,0.0,0.0,0.0,0.0,0.0,0.0,0.0,0.0,0.0,0.0
2026-01-03 00:00:00,0.0,0.0,0.0,0.0,0.0,0.0,0.0,0.0,0.0,0.0,0.0,0.0,0.0,0.0,0.0,0.0,0.0,0.0,0.0,0.0,0.0,0.0,0.0,0.0
2026-01-03 01:00:00,0.0,0.0,0.0,0.0,0.0,0.0,0.0,0.0,0.0,0.0,0.0,0.0,0.0,0.0,0.0,0.0,0.0,0.0,0.0,0.0,0.0,0.0,0.0,0.0
2026-01-03 02:00:00,0.0,0.0,0.0,0.0,0.0,0.0,0.0,0.0,0.0,0.0,0.0,0.0,0.0,0.0,0.0,0.0,0.0,0.0,0.0,0.0,0.0,0.0,0.0,0.0
2026-01-03 03:00:00,0.0,0.0,0.0,0.0,0.0,0.0,0.0,0.0,0.0,0.0,0.0,0.0,0.0,0.0,0.0,0.0,0.0,0.0,0.0,0.0,0.0,0.0,0.0,0.0
2026-01-03 04:00:00,0.0,0.0,0.0,0.0,0.0,0.0,0.0,0.0,0.0,0.0,0.0,0.0,0.0,0.0,0.0,0.0,0.0,0.0,0.0,0.0,0.0,0.0,0.0,0.0
2026-01-03 05:00:00,0.0,0.0,0.0,0.0,0.0,0.0,0.0,0.0,0.0,0.0,0.0,0.0,0.0,0.0,0.0,0.0,0.0,0.0,0.0,0.0,0.0,0.0,0.0,0.0
2026-01-03 06:00:00,0.0,0.0,0.0,0.0,0.0,0.0,0.0,0.0,0.0,0.0,0.0,0.0,0.0,0.0,0.0,0.0,0.0,0.0,0.0,0.0,0.0,0.0,0.0,0.0
2026-01-03 07:00:00,0.0,0.0,0.0,0.0,0.0,0.0,0.0,0.0,0.0,0.0,0.0,0.0,0.0,0.0,0.0,0.0,0.0,0.0,0.0,0.0,0.0,0.0,0.0,0.0
2026-01-03 08:00:00,2.498896815244736,0.0,0.0,3.044079985197201,0.0,0.0,0.0,0.7636099010551579,3.385894417730333,0.0,0.0,0.0,0.0,0.0,0.0,0.0,0.0,0.0,0.0,0.0,0.0,0.0,0.0,0.0
2026-01-03 09:00:00,1.8382532240744969,4.153303478162053,0.0,2.6586445922073585,0.0,0.0,2.761805331929999,1.6225833921254507,1.4386400548155924,5.414463171300644,0.0,0.0,2.1388744273558684,0.0,0.0,0.0,0.0,0.0,0.0,1.145840079526878,3.148241182889354,0.0,0.0,4.1935066929805265
2026-01-03 10:00:00,1.5038920495002384,5.758093561019563,5.285579871216416,2.5415967348081288,5.051734237111267,3.3477827194549388,2.296773901405421,1.875234826125575,2.9195516468560196,5.417488086710041,0.0,6.97794629422836,1.3404117729992302,1.3189625563679999,3.1593144984450126,0.0,3.1758237666778304,1.209049010004,1.612065346672,3.063982796275283,4.508309087798685,1.4508588120048,0.0,4.078179232718474
2026-01-03 11:00:00,1.2878449718821563,4.172234815834296,2.5385123307364177,1.5601067854189057,2.670325793669731,1.862215353009863,3.8164870676151694,0.7636099010551579,0.7636099010551579,8.276135885951302,4.357350895448679,6.768747713924297,3.962189440824342,2.090925910531652,4.431939292121911,3.8603591184525663,2.8261149631141405,2.2740006068416028,4.043825880310473,3.578373721954271,4.540885656249825,4.137168772363987,4.3717274425429595,3.7521026198707244
2026-01-03 12:00:00,0.0,4.462698800831059,0.0,2.623596467224192,0.0,4.269573865251075,0.906786757503,0.0,0.7636099010551579,0.0,7.177739115239615,0.0,0.0,1.3189625563679999,0.0,0.0,0.0,1.209049010004,0.0,1.145840079526878,0.0,0.0,3.1943893515343245,0.0
2026-01-03 13:00:00,0.6308081791325216,3.9878530644730428,1.5903536880888836,0.0,1.758576421098688,0.0,0.8521510958641618,0.0,2.3747460881491627,0.8371385286787659,2.947617913716832,0.0,0.0,0.0,0.0,0.7885049676503406,2.060672317105922,0.604524505002,0.0,1.4502186573504727,2.4103604720141445,1.2857191580214973,0.0,0.0
2026-01-03 14:00:00,0.6308081791325216,2.062403079609594,2.147325018428868,2.3018565446376313,0.7649508405284708,2.3815281773483403,2.556968245599864,1.530233532367466,1.0235355174122012,2.3069522097986037,2.2022488459262757,1.3812279775823262,0.6702058864996151,2.1879282629952512,2.628293408662676,1.7107497748929392,1.6249192075183232,1.269080025299498,0.6594812781839999,0.6974678744946213,0.6063769392576447,2.6015514054156834,1.254613585065536,0.8300050443149495
2026-01-03 15:00:00,0.8145172325008053,1.1686298361380414,1.8035416955885668,0.7259226180160405,2.2640879712155493,0.6775861647979785,1.6959432871337363,1.4645139408738577,1.1169995093026945,2.680862653750233,0.7750092543384594,1.1922484685216612,1.192504513529794,2.9549777916527606,2.8942035816926075,0.8180195953339972,1.822324597218756,2.7203602725089997,0.6594812781839999,0.9057811892200547,0.5580226200018461,2.8386368060963476,2.225925332116415,1.4537656538580768
2026-01-03 16:00:00,2.121390142100324,0.8861895698828984,2.61154586160864,2.7203602725089997,2.4230370506529426,1.9631616860317127,2.7203602725089997,2.1063490817386707,0.6564178438074066,1.4382385159571103,1.6366602019499104,2.3624470198805283,2.2694314744357476,1.5352941487073626,0.906786757503,0.6628868233735803,1.8281217120406543,0.604524505002,1.0265882491448288,2.153703354920592,1.1600584754445997,1.8783516625906287,2.851373418955206,1.603197402398493
2026-01-03 17:00:00,1.5070253195529035,1.1902688197680973,2.034797732307316,2.7203602725089997,2.0179412984446388,1.5318826125746812,0.6435133542460861,0.5580226200018461,1.8474459542157544,3.390450482494879,0.7750092543384594,1.6583006739726673,2.036865440078595,2.4672073229950833,1.7321295357756539,1.6708475892805883,0.9551627806581418,1.4450118589139367,1.322429510466509,0.6974678744946213,1.9465759799114772,2.0459961005278595,1.6367251596120422,2.1939176096419475
2026-01-03 18:00:00,0.6308081791325216,0.8861895698828984,0.6227253889126709,0.7113398238711344,2.102725454236058,1.1845845401865522,1.291560541364061,1.43415750601928,2.4865389256242865,0.8371385286787659,2.5482508050037165,2.1438356753333845,0.859296341439415,2.057383759579018,0.0,0.9092019192548882,1.5719168383799778,0.7264366336909387,0.6594812781839999,2.017825622888771,1.476859788660035,0.6308081791325216,0.6594812781839999,1.9280110313211143
2026-01-03 19:00:00,0.0,0.0,0.0,1.2572682179944905,0.0,0.0,0.0,1.0338140730139913,2.5111017900083072,1.6996057874050763,1.5660047417672824,1.8224615951830465,1.1700357714144076,0.0,0.0,0.0,1.9544555977265992,0.0,0.0,0.0,2.120158149545857,0.0,0.0,0.8726410421771491
2026-01-03 20:00:00,0.0,0.0,0.0,0.0,0.0,0.0,0.0,0.0,0.0,0.0,0.0,0.0,0.0,0.0,0.0,0.0,0.0,0.0,0.0,0.0,0.0,0.0,0.0,0.0
2026-01-03 21:00:00,0.0,0.0,0.0,0.0,0.0,0.0,0.0,0.0,0.0,0.0,0.0,0.0,0.0,0.0,0.0,0.0,0.0,0.0,0.0,0.0,0.0,0.0,0.0,0.0
2026-01-03 22:00:00,0.0,0.0,0.0,0.0,0.0,0.0,0.0,0.0,0.0,0.0,0.0,0.0,0.0,0.0,0.0,0.0,0.0,0.0,0.0,0.0,0.0,0.0,0.0,0.0
2026-01-03 23:00:00,0.0,0.0,0.0,0.0,0.0,0.0,0.0,0.0,0.0,0.0,0.0,0.0,0.0,0.0,0.0,0.0,0.0,0.0,0.0,0.0,0.0,0.0,0.0,0.0
2026-01-04 00:00:00,0.0,0.0,0.0,0.0,0.0,0.0,0.0,0.0,0.0,0.0,0.0,0.0,0.0,0.0,0.0,0.0,0.0,0.0,0.0,0.0,0.0,0.0,0.0,0.0
2026-01-04 01:00:00,0.0,0.0,0.0,0.0,0.0,0.0,0.0,0.0,0.0,0.0,0.0,0.0,0.0,0.0,0.0,0.0,0.0,0.0,0.0,0.0,0.0,0.0,0.0,0.0
2026-01-04 02:00:00,0.0,0.0,0.0,0.0,0.0,0.0,0.0,0.0,0.0,0.0,0.0,0.0,0.0,0.0,0.0,0.0,0.0,0.0,0.0,0.0,0.0,0.0,0.0,0.0
2026-01-04 03:00:00,0.0,0.0,0.0,0.0,0.0,0.0,0.0,0.0,0.0,0.0,0.0,0.0,0.0,0.0,0.0,0.0,0.0,0.0,0.0,0.0,0.0,0.0,0.0,0.0
2026-01-04 04:00:00,0.0,0.0,0.0,0.0,0.0,0.0,0.0,0.0,0.0,0.0,0.0,0.0,0.0,0.0,0.0,0.0,0.0,0.0,0.0,0.0,0.0,0.0,0.0,0.0
2026-01-04 05:00:00,0.0,0.0,0.0,0.0,0.0,0.0,0.0,0.0,0.0,0.0,0.0,0.0,0.0,0.0,0.0,0.0,0.0,0.0,0.0,0.0,0.0,0.0,0.0,0.0
2026-01-04 06:00:00,0.0,0.0,0.0,0.0,0.0,0.0,0.0,0.0,0.0,0.0,0.0,0.0,0.0,0.0,0.0,0.0,0.0,0.0,0.0,0.0,0.0,0.0,0.0,0.0
2026-01-04 07:00:00,0.0,0.0,0.0,0.0,0.0,0.0,0.0,0.0,0.0,0.0,0.0,0.0,0.0,0.0,0.0,0.0,0.0,0.0,0.0,0.0,0.0,0.0,0.0,0.0
2026-01-04 08:00:00,0.0,0.0,0.0,0.0,0.0,0.0,0.0,0.0,4.404476764687501,0.0,0.0,0.0,0.0,0.0,0.0,0.0,0.0,0.0,0.0,0.0,0.0,0.0,3.3287960613520884,0.0
2026-01-04 09:00:00,0.0,1.3050301525,1.1185972735714287,4.732951841163815,0.0,2.4984672386031495,0.0,0.0,2.310741014007401,1.1185972735714287,0.0,0.0,2.9987671683804447,0.0,1.2046432176923076,0.0,0.0,5.157226500313699,0.0,1.4236692572727272,0.0,0.0,0.9211977547058825,5.872635686250001
2026-01-04 10:00:00,5.801382488559295,2.5864127926749734,5.033687731071429,5.5057355441776945,2.4214799037647383,6.406511657727274,0.0,5.253007197771785,1.3362167300074883,4.248893979135052,0.0,6.32422475156382,5.55786923913675,1.4236692572727272,3.958126867359664,5.903833043285646,5.046463733027467,1.2917450372364914,1.9575452287500001,1.4236692572727272,0.0,4.074746848914811,1.8892936918938912,5.467129624065549
2026-01-04 11:00:00,1.817932841309534,1.5294731478879031,1.1185972735714287,3.6523451105925964,3.7557299207863766,4.2179023767975234,11.745271372500001,6.887441103988449,3.5761654246986487,1.7112086593162694,6.581586173030587,3.0404370249185573,4.138273387257456,5.788658034858878,4.293536417416601,1.7580570941453766,6.406511657727274,3.3906339694508056,5.467789407944782,2.8012999704444805,11.403411421718216,1.3050301525,3.7598846141222184,5.872635686250001
2026-01-04 12:00:00,0.0,0.0,0.0,0.0,0.0,0.0,0.0,0.0,0.0,0.0,4.765069867414833,0.0,0.0,0.0,0.0,0.0,1.4236692572727272,0.0,0.0,0.0,0.0,5.40571342680109,0.0,0.0
2026-01-04 13:00:00,1.0473566329885777,2.2946431051072906,2.4808321114037644,0.8673453984868817,1.7930003668386714,2.0430511857881775,0.7199229315470802,2.7273673930803324,0.0,0.5800134011111112,0.0,1.863055100793445,0.6264144732,0.0,1.628984349566757,0.0,1.7902795174887907,1.645267589704523,1.0276165836536242,2.3224041660974075,1.1420656576838575,2.710447239807692,0.0,2.166926910502377
2026-01-04 14:00:00,1.6586361851267435,2.739767928533609,0.65251507625,2.228271950183906,2.8420353684787782,0.9320218916880523,1.4486823390839263,2.6761434244573907,1.0956634795863014,0.7773301518866538,2.07280427068284,2.1098162291608817,0.6264144732,0.7118346286363636,2.923825810664943,3.955628461827097,0.6825675132670377,0.6236010524589958,1.305668855702627,0.775309277280326,2.2967996147842373,2.1525376563546614,0.9757113300476566,0.6262269937156023
2026-01-04 15:00:00,2.2735481333201855,1.4998272268875872,2.9363178431250003,2.9610356744108945,3.1399869061500096,0.827212710273222,0.9429447839991836,3.153843121686665,1.2436666643273762,1.9807766837489291,3.0639838363043483,0.6348867181636321,0.6264144732,1.1678187088522944,0.9702210464292225,2.190068135566001,2.8349544521947885,0.6236010524589958,0.9626733726855388,0.65251507625,1.3180568954761256,1.9445265546773043,0.7830180915000001,0.9454370005207369
2026-01-04 16:00:00,0.8851425263767746,0.7118346286363636,2.8688970374719065,3.6910266749042058,0.7651396389978482,2.487587390123221,0.9513144645320724,0.7118346286363636,0.8824998193524887,0.5800134011111112,3.0639838363043483,1.4324347248918905,0.9339973982423253,1.4100682494986985,0.6808852969565218,3.492896298250477,0.8350650045912904,0.6236010524589958,0.5592986367857143,0.65251507625,0.5800134011111112,2.5174972622121574,0.8851994153767213,0.6902796836402847
2026-01-04 17:00:00,1.1652778185586308,2.211870720248833,1.4070474053532185,0.9874270846213424,0.7798496016498597,1.0904794366817459,1.8908031052661312,2.1820493090523216,2.7496697952033657,1.6270314429546262,3.0639838363043483,2.4947111016406573,1.5526831465591635,2.285153151002823,2.4809335820937894,2.261714409310038,1.6484530497651417,0.6672439886678463,1.2262981633571968,1.5851808502574207,0.8559323654128683,2.138210724890549,2.370664813300555,2.2022383823437504
2026-01-04 18:00:00,0.6992049389652054,1.019885974868912,1.806569182335219,1.461088155241994,2.8681007768416147,1.5259296170416712,1.593989041759267,2.3353652421743476,2.468045421945229,1.9224029393459376,0.6808852969565218,1.1372211385435114,0.6264144732,0.7118346286363636,0.6808852969565218,3.917342823414288,1.2054637085136612,2.0803271532735725,2.2454688529945597,1.8348571095515174,2.610060305,0.9439469374032483,3.5235814117500004,2.2022383823437504
2026-01-04 19:00:00,0.6992049389652054,0.0,0.0,0.0,0.0,0.0,0.0,0.0,0.0,1.0151320200985405,0.0,1.6459268172886636,2.8188651294000002,0.0,0.0,0.0,0.0,1.4922126287843656,0.5592986367857143,0.0,2.610060305,1.0487656943254873,0.0,1.8741933096802448
2026-01-04 20:00:00,0.0,0.0,0.0,0.0,0.0,0.0,0.0,0.0,0.0,0.0,0.0,0.0,0.0,0.0,0.0,0.0,0.0,0.0,0.0,0.0,0.0,0.0,0.0,1.9007718801037605
2026-01-04 21:00:00,0.0,0.0,0.0,0.0,0.0,0.0,0.0,0.0,0.0,0.0,0.0,0.0,0.0,0.0,0.0,0.0,0.0,0.0,0.0,0.0,0.0,0.0,0.0,0.0
2026-01-04 22:00:00,0.0,0.0,0.0,0.0,0.0,0.0,0.0,0.0,0.0,0.0,0.0,0.0,0.0,0.0,0.0,0.0,0.0,0.0,0.0,0.0,0.0,0.0,0.0,0.0
2026-01-04 23:00:00,0.0,0.0,0.0,0.0,0.0,0.0,0.0,0.0,0.0,0.0,0.0,0.0,0.0,0.0,0.0,0.0,0.0,0.0,0.0,0.0,0.0,0.0,0.0,0.0
2026-01-05 00:00:00,0.0,0.0,0.0,0.0,0.0,0.0,0.0,0.0,0.0,0.0,0.0,0.0,0.0,0.0,0.0,0.0,0.0,0.0,0.0,0.0,0.0,0.0,0.0,0.0
2026-01-05 01:00:00,0.0,0.0,0.0,0.0,0.0,0.0,0.0,0.0,0.0,0.0,0.0,0.0,0.0,0.0,0.0,0.0,0.0,0.0,0.0,0.0,0.0,0.0,0.0,0.0
2026-01-05 02:00:00,0.0,0.0,0.0,0.0,0.0,0.0,0.0,0.0,0.0,0.0,0.0,0.0,0.0,0.0,0.0,0.0,0.0,0.0,0.0,0.0,0.0,0.0,0.0,0.0
2026-01-05 03:00:00,0.0,0.0,0.0,0.0,0.0,0.0,0.0,0.0,0.0,0.0,0.0,0.0,0.0,0.0,0.0,0.0,0.0,0.0,0.0,0.0,0.0,0.0,0.0,0.0
2026-01-05 04:00:00,0.0,0.0,0.0,0.0,0.0,0.0,0.0,0.0,0.0,0.0,0.0,0.0,0.0,0.0,0.0,0.0,0.0,0.0,0.0,0.0,0.0,0.0,0.0,0.0
2026-01-05 05:00:00,0.0,0.0,0.0,0.0,0.0,0.0,0.0,3.802000976786544,0.0,0.0,0.0,0.0,0.0,0.0,0.0,1.9338983311140125,0.6380597128961364,0.0,0.0,3.733748256008981,0.0,0.0,0.0,0.0
2026-01-05 06:00:00,0.0,0.0,0.0,0.0,0.0,0.0,0.0,1.6520438047744364,1.2859722295685747,0.0,4.418453424296117,0.0,0.0,0.0,0.0,0.8000297249078874,0.907494237661217,0.7416161937001364,0.0,2.3663851550435715,0.0,1.3177888562923505,1.9361962159401864,1.9344337863438759
2026-01-05 07:00:00,1.0265056867309303,4.072172927240002,1.4410014898476324,1.3108062326419878,1.3822291008095207,1.3143747247323896,1.7983688393306125,3.140089399557814,1.626835990529992,2.1371633272885844,3.172718896891885,2.6031744828239103,1.3037055509978266,3.649708980300302,3.2745074157601533,1.7931668999022483,1.9571988157727453,1.6851658942670003,0.0,2.0647241737450206,0.0,1.7269660442058563,2.014496240982089,0.5885748382099201
2026-01-05 08:00:00,2.3833402117874534,2.7571327797233334,0.8132178641761799,2.92941193568588,4.485130253594158,2.2001689693503517,2.532659447055824,0.8448891059525655,1.2648486307185784,3.1297382088017915,2.6847613119692704,1.5188028255138109,2.8856792138320544,3.649708980300302,2.169432645367738,1.3312622518785242,1.1281116256901507,2.974519003183297,4.607594879972137,1.4186345237213658,2.9638458210509775,2.523880959281488,3.5300167227475043,1.4820603287402436
2026-01-05 09:00:00,3.9695128055596975,4.135617260076323,2.871355705502784,1.3595715635864283,1.631511881461756,2.1309706067729373,0.6688350434203636,1.9826308905784633,2.371073653829152,2.9611997683421185,0.9818785387324704,4.614599067774339,2.3559862164702836,3.649708980300302,3.2745074157601533,2.349877265771063,1.5270222859834985,1.856429573904786,1.2238462880671763,1.9524235966186239,1.2637270471738575,0.5608624353958862,3.500069294818459,1.4418385163554168
2026-01-05 10:00:00,1.8478649842090742,4.175144189884228,3.062215377551692,1.9915087266713192,2.044341062303147,1.3239629564307638,0.6688350434203636,3.802000976786544,1.4186954561075282,5.019982121987925,2.196943575250122,1.0254664595054086,2.771900734595842,3.649708980300302,2.738439171487194,2.0726449515137,2.6512545442185513,0.9833163081021836,3.6992757368491285,0.9807326850796974,2.284283001188528,1.0541093352086905,1.919866212436194,1.6070992529153798
2026-01-05 11:00:00,4.005380531845174,2.154117999505014,2.091400014004803,1.9605552968041522,3.4968586857202655,2.6056500876638546,1.8647691838808362,3.088850702644021,1.579551550247084,3.186970799309861,3.06385650044087,2.531315814715445,2.0504126393146285,2.307705294470087,2.3252983903856252,3.3051344624507117,2.4125359641726156,2.1993195032202144,4.968521877644142,2.2866573165179678,5.686771712282359,1.6297861096030133,2.4803890628807594,2.5172273519141837
2026-01-05 12:00:00,0.9875835048977767,0.0,0.0,0.0,0.0,0.0,0.0,0.0,0.0,0.0,3.6647030651998076,0.0,0.0,3.649708980300302,0.0,2.4153297185054967,0.7362874042346301,0.0,0.0,1.834753019247825,0.0,2.523880959281488,0.0,0.0
2026-01-05 13:00:00,2.278993063662588,1.9028858987076167,3.6594803887928093,1.6494617216926182,3.961600589091063,0.0,3.407574555628391,0.0,0.5885748382099201,3.5541643378924825,5.680868688380722,3.0629243898422165,0.0,2.1042971135630224,1.1066205829463054,0.9486960031108524,2.784306297933751,0.9367783499370145,0.9577927471830077,5.710059262113546,4.821836622188479,2.407022692922259,2.2456994628077074,0.0
2026-01-05 14:00:00,1.5274859895378003,0.8779688242177232,3.6594803887928093,1.3052950916779733,2.786496625803309,1.1341141507428623,1.2034956947549238,2.1123235075768285,2.160478533575228,3.9907122641622688,4.264209464796651,3.1874681837549423,1.0821127246487225,2.3305304217732012,1.380954917517554,2.648416502668308,2.319469666146113,1.9432517340336437,1.0570759063088877,2.368441530942168,3.8279504871565218,1.718124132185031,1.763821387670289,1.414012167731289
2026-01-05 15:00:00,1.1326836755230625,1.7502683421152314,3.6594803887928093,1.234620095743153,1.0015281566807293,3.672098455604185,0.7744405765920002,0.9857039569446597,2.166765286933551,3.582085440557131,2.363843799382776,1.9101939458953985,3.2981296039640515,1.6249415938397789,1.464900332566955,1.4920337358682565,1.8926280642352244,0.9367783499370145,0.9577927471830077,3.9822684741590377,3.0465904058442974,1.420677233152431,2.0365195177538458,1.2103065571697447
2026-01-05 16:00:00,1.532306509270806,0.8779688242177232,2.2407534638193907,1.2768792656122163,4.121072788456699,3.4834322336978336,2.1745271044252092,1.990803050340665,1.9349789887665478,3.280329633663381,4.3067793536110415,1.565995367110483,2.4438024120719817,1.2972356142205286,0.8517955719433083,1.961478838298672,2.066726104086697,0.9367783499370145,1.979022476940131,1.3373627523814056,5.119334942728483,1.0770222400292708,2.1409460625910492,1.1369658545510672
2026-01-05 17:00:00,0.7492012795776238,1.331041279150306,2.0024252536862357,2.8788986651572177,3.8644652449505053,2.7893369477848338,1.5596792153640782,2.0980049305469546,1.1823195350897229,4.183318434989938,2.9027605820604614,1.92344589465048,3.4899366625864103,2.393042269603265,1.0546571585930014,4.269132013998837,2.3351775460588993,3.983754923645752,4.310067362323534,1.3373627523814056,4.296620286934568,1.495893682330718,0.632619484363352,1.6206186033159593
2026-01-05 18:00:00,1.2138168596328311,2.06441329536282,0.0,0.6397552589238261,2.976197128958846,3.0700973879884836,0.0,3.758650189697819,1.1701871829218262,1.407308471975058,3.3873736434936523,3.2527453347983264,1.928864574597818,2.4834853562244947,2.674114058321206,3.4013472425167226,1.6369908115709746,0.0,1.247262966603782,3.9256067990937153,0.0,3.067692990527097,2.692181602337252,1.1205675660894312
2026-01-05 19:00:00,1.803671108687291,1.787679111717901,0.0,0.0,0.9282469163258905,0.0,0.0,2.90278630363563,0.0,0.0,0.0,1.1422773620944624,1.0821127246487225,1.700428767873031,2.8966796370185977,0.0,2.0503743843811604,0.0,0.0,0.0,0.0,0.0,1.050544652575034,1.2062380573815898
2026-01-05 20:00:00,0.0,0.0,0.0,0.0,0.0,0.0,0.0,0.0,0.0,0.0,0.0,0.0,0.0,0.0,0.0,0.0,0.0,0.0,0.0,0.0,0.0,0.0,1.7481703816384553,0.0
2026-01-05 21:00:00,0.0,0.0,0.0,0.0,0.0,0.0,0.0,0.0,0.0,0.0,0.0,0.0,0.0,0.0,0.0,0.0,0.0,0.0,0.0,0.0,0.0,0.0,0.0,0.0
2026-01-05 22:00:00,0.0,0.0,0.0,0.0,0.0,0.0,0.0,0.0,0.0,0.0,0.0,0.0,0.0,0.0,0.0,0.0,0.0,0.0,0.0,0.0,0.0,0.0,0.0,0.0
2026-01-05 23:00:00,0.0,0.0,0.0,0.0,0.0,0.0,0.0,0.0,0.0,0.0,0.0,0.0,0.0,0.0,0.0,0.0,0.0,0.0,0.0,0.0,0.0,0.0,0.0,0.0
2026-01-06 00:00:00,0.0,0.0,0.0,0.0,0.0,0.0,0.0,0.0,0.0,0.0,0.0,0.0,0.0,0.0,0.0,0.0,0.0,0.0,0.0,0.0,0.0,0.0,0.0,0.0
2026-01-06 01:00:00,0.0,0.0,0.0,0.0,0.0,0.0,0.0,0.0,0.0,0.0,0.0,0.0,0.0,0.0,0.0,0.0,0.0,0.0,0.0,0.0,0.0,0.0,0.0,0.0
2026-01-06 02:00:00,0.0,0.0,0.0,0.0,0.0,0.0,0.0,0.0,0.0,0.0,0.0,0.0,0.0,0.0,0.0,0.0,0.0,0.0,0.0,0.0,0.0,0.0,0.0,0.0
2026-01-06 03:00:00,0.0,0.0,0.0,0.0,0.0,0.0,0.0,0.0,0.0,0.0,0.0,0.0,0.0,0.0,0.0,0.0,0.0,0.0,0.0,0.0,0.0,0.0,0.0,0.0
2026-01-06 04:00:00,0.0,0.0,0.0,0.0,0.0,0.0,0.0,0.0,0.0,0.0,0.0,0.0,0.0,0.0,0.0,0.0,0.0,0.0,0.0,0.0,0.0,0.0,0.0,0.0
2026-01-06 05:00:00,0.0,0.0,0.0,0.0,0.0,0.8645147696132289,0.0,0.0,0.0,0.0,0.0,0.0,0.0,0.0,0.0,0.0,0.0,0.0,0.0,0.0,1.2662016418323,0.0,0.0,0.0
2026-01-06 06:00:00,0.0,3.9805691475063503,2.4761079581789995,4.328110349720671,0.0,0.8010925917623848,0.0,0.0,2.121617336341494,0.0,1.8256138799367974,2.293064990023377,0.9697271612829858,0.0,2.023053714088064,0.0,1.0401185285892176,1.6368363472305383,2.2140130458767064,0.0,1.7878585749644387,0.0,3.632201316407218,2.2316625740408704
2026-01-06 07:00:00,0.0,2.8377770080191222,1.2819132065406018,2.802279571674667,0.0,0.8010925917623848,0.0,2.4448656354411913,1.94759209379494,1.9778407779102125,2.001953279136723,2.9312398282690175,2.490126177905301,2.4383737320265655,2.657857778120806,1.197202585382965,3.146810941796099,2.0778791777455656,2.324429856433016,1.8050070049900768,2.529353408687299,0.0,4.04006279611427,2.009580956360688
2026-01-06 08:00:00,3.716431361129582,0.884570921668078,4.93564142761032,3.5684206309034825,1.995358754958652,0.8863390468629905,2.8319768355069175,2.268265232072614,2.9939178284640002,4.206240651886404,2.9896968014101764,2.434890909207497,2.708538739900596,3.827292332788108,1.772331527110143,3.5831605495536447,3.353037037223168,0.8145709814791737,0.6971042803293978,2.4199791544249454,2.6230826923894015,4.303182961455083,4.629062804679899,2.129805735113175
2026-01-06 09:00:00,1.8778348523552457,0.884570921668078,3.6743488928131396,1.8667922184476178,1.5032008899469376,3.604916662930731,3.220800876869305,1.5151356424887625,2.9939178284640002,2.931220516065119,0.7224434416793524,4.065575275526181,2.674520895517668,2.9455232518712395,1.3814884022001939,1.7944466462159385,4.357215587773976,3.166235382101585,1.7914316708976143,1.3137423635025014,2.2356263428413574,2.887585846836308,3.3323374474965934,2.0865540414920027
2026-01-06 10:00:00,4.1115933849818775,2.4289646933921443,1.8404647835325791,2.444617946522028,2.6670637390753096,2.0289063499235565,7.166907132656001,1.9258938369586567,1.6523227181210733,2.414679468293656,2.280234275899978,0.944365230812278,0.9888744068004736,5.070181576632314,0.8440853080918529,0.7987746511253038,2.2161722393973884,0.8145709814791737,0.6971042803293978,2.1637470250785436,2.026601855155186,3.3035242827468214,4.164290438610398,3.0592830298418514
2026-01-06 11:00:00,3.220276922041149,2.51884806120157,1.1299798677027644,2.837365352783698,4.189106390141566,3.4332841877395026,2.788424298060261,3.0646358612988536,1.201002841132499,4.513564764528902,1.7490109093652773,4.240480865522692,1.8941022823349085,4.522138553171753,0.7337679952599976,0.7962578999008101,1.9795144787605392,2.135221385459882,0.7246018504589159,0.7983780875904002,2.486393792143152,1.8766979790352893,4.060351653293844,2.711467140735658
2026-01-06 12:00:00,0.0,0.0,0.0,0.0,0.0,2.974986104835853,0.0,3.2387067318137426,0.0,4.174375821427932,0.0,0.0,0.0,2.160957254669636,0.0,0.0,0.0,0.0,0.0,0.0,0.0,2.7148575866672555,0.0,1.6289345084390336
2026-01-06 13:00:00,3.7598342444537582,3.0572221864233473,0.0,0.0,3.5662533764112156,3.863077875815827,3.1557071446934666,0.0,1.0000446917463979,1.0519295860707811,2.343280848697276,1.0342717478705967,4.11153753760217,0.8147030383868584,2.3490631165901825,3.0847842308282596,0.0,1.4265216675631838,1.8080741192040966,0.0,2.4445872037614693,3.880165223321995,1.823341401486231,3.808653218394819
2026-01-06 14:00:00,1.1596551004213518,2.3473568311707447,2.2011174720762123,4.72492173579794,2.8249871049547925,3.707364374620561,3.9969715242262813,0.8121790439496807,2.3951342627712005,1.657763408889573,0.8286969923002386,2.227505681245458,2.8818604825119545,3.267764131840764,1.2215719404616976,3.5096533316262137,2.915822856511726,2.438650614673282,2.7604056353792403,0.8870867639893336,3.2384759507617353,5.126840930304036,2.608103495720853,2.0337308337826387
2026-01-06 15:00:00,1.7078718092681393,4.1464261953191155,3.197426823932625,3.841169990568936,0.9777138104120053,4.033604439815096,2.8283787643333493,2.5465498545762872,1.8558986710019036,1.0519295860707811,1.4490295087835594,2.101141979118806,2.3779848757863804,1.5896487763733371,2.9831598809540263,2.5839494301261423,1.2596153198344715,0.7331138833312564,0.6196482491816868,3.667827934754436,0.931225827466705,4.815795572850738,1.0367708124548909,2.4878708119297057
2026-01-06 16:00:00,1.605858342923269,1.8764354180570566,1.4330148809513814,4.72492173579794,3.968627106449905,4.292113038224553,2.5497804884854562,2.099710250884525,2.3951342627712005,3.4120669275508373,0.7538540261001938,2.346488500166861,4.932959907396058,1.6577895997456,2.4798932458401426,3.5831605495536447,0.9682701306164394,0.7331138833312564,0.6196482491816868,1.7920985248054642,4.190516223600173,5.3173094620952455,2.3636255014533356,1.0861103446427862
2026-01-06 17:00:00,1.1596551004213518,0.9330428360315999,3.4847230787569266,3.127482675217042,2.311389718156143,5.506248604548063,2.2260349662017065,1.1618054247961325,1.3483309261424052,3.2174171520197663,3.3923431174508716,1.4203710895985435,1.2604623063043905,2.1369764299316185,3.071893622235967,3.5831605495536447,2.975900694175519,0.8580639362937155,2.057744333962854,1.5061388736835204,1.40687251273451,5.637280256527717,4.6654686560470084,3.957829055037357
2026-01-06 18:00:00,2.6952752296622986,1.3844501694285118,1.6245049325825702,1.7067725970921355,0.0,0.0,4.843937323729355,2.2129450545229017,2.279092718660447,2.4723500418747673,0.7538540261001938,3.3614331679091487,1.0962133127546796,2.3244105124840493,2.542595656287776,2.693072157892415,4.357215587773976,0.7331138833312564,1.5454422645317452,0.0,2.9015404440869035,0.0,3.6972930535518844,1.1954919432153788
2026-01-06 19:00:00,0.0,0.0,4.358493775424948,0.0,0.0,0.0,0.0,1.3113282028905977,1.5550904491900839,0.0,0.0,0.0,0.0,2.421831434727181,0.0,0.0,4.32262082464355,0.7331138833312564,2.522415284317583,0.0,0.0,0.0,4.4104003659935636,0.0
2026-01-06 20:00:00,0.0,0.0,4.139531164734548,0.0,0.0,0.0,0.0,0.0,1.6169488622839014,0.0,0.0,0.0,0.0,0.9955253406016382,0.0,0.0,0.0,1.2360854325411845,0.0,0.0,0.0,0.0,0.0,0.0
2026-01-06 21:00:00,0.0,0.0,0.0,0.0,0.0,0.0,0.0,0.0,0.0,0.0,0.0,0.0,0.0,2.7987714977331217,0.0,0.0,0.0,0.0,0.0,0.0,0.0,0.0,0.0,0.0
2026-01-06 22:00:00,0.0,0.0,0.0,0.0,0.0,0.0,0.0,0.0,0.0,0.0,0.0,0.0,0.0,0.0,0.0,0.0,0.0,0.0,0.0,0.0,0.0,0.0,0.0,0.0
2026-01-06 23:00:00,0.0,0.0,0.0,0.0,0.0,0.0,0.0,0.0,0.0,0.0,0.0,0.0,0.0,0.0,0.0,0.0,0.0,0.0,0.0,0.0,0.0,0.0,0.0,0.0
2026-01-07 00:00:00,0.0,0.0,0.0,0.0,0.0,0.0,0.0,0.0,0.0,0.0,0.0,0.0,0.0,0.0,0.0,0.0,0.0,0.0,0.0,0.0,0.0,0.0,0.0,0.0
2026-01-07 01:00:00,0.0,0.0,0.0,0.0,0.0,0.0,0.0,0.0,0.0,0.0,0.0,0.0,0.0,0.0,0.0,0.0,0.0,0.0,0.0,0.0,0.0,0.0,0.0,0.0
2026-01-07 02:00:00,0.0,0.0,0.0,0.0,0.0,0.0,0.0,0.0,0.0,0.0,0.0,0.0,0.0,0.0,0.0,0.0,0.0,0.0,0.0,0.0,0.0,0.0,0.0,0.0
2026-01-07 03:00:00,0.0,0.0,0.0,0.0,0.0,0.0,0.0,0.0,0.0,0.0,0.0,0.0,0.0,0.0,0.0,0.0,0.0,0.0,0.0,0.0,0.0,0.0,0.0,0.0
2026-01-07 04:00:00,0.0,0.0,0.0,0.0,0.0,0.0,0.0,0.0,0.0,0.0,0.0,0.0,0.0,0.0,0.0,0.0,0.0,0.0,2.7861788050091087,0.0,0.0,0.0,0.0,0.0
2026-01-07 05:00:00,0.0,0.0,1.9605874687931388,1.3392396694028252,0.0,0.0,0.0,0.7719150148850098,1.904499872661131,0.0,0.0,1.5536822989191688,0.0,0.0,0.0,1.397448863953913,0.0,0.0,2.242646203278018,0.0,1.8164312354712913,0.0,0.0,1.5713106370120942
2026-01-07 06:00:00,0.0,0.0,2.1164386701084363,2.565512610688,1.9117857676718284,0.0,0.0,2.052869901130271,0.5131025221376001,0.0,2.810451213215795,2.50226878102203,0.0,0.0,1.2836677864966604,1.5909214688556959,0.0,0.0,1.954801329343041,2.894229189385976,0.9487732718113567,0.0,0.0,2.088939107496707
2026-01-07 07:00:00,1.1689784148930686,2.923875542029934,2.5738930716220985,0.5701139134862223,1.2624776243784004,0.0,2.3019873457517095,2.6710633069420298,0.7887771391479913,0.0,1.6643068366501186,1.4031073607153886,4.374682714448938,0.6996852574603636,4.998375171608771,3.454697049713637,2.2434021832780786,0.0,2.1362822830880988,2.8375446038305605,1.3891017841765283,4.382828240430133,1.7406885400976244,0.91062488082756
2026-01-07 08:00:00,0.8049736216605108,1.371932679103225,1.3247999152425873,2.438879782726451,1.926529510145203,2.2560016287134284,3.629454619138788,3.0743057712320354,1.8204727158817062,0.0,2.8056555815797544,1.758919912964667,2.9236254545291547,1.7618257551339003,2.982743978580347,3.1205915549632617,3.1723376383969066,2.1313587828739586,1.9161095027128554,2.520716568402991,2.292529193876322,3.4130633036777707,2.633046575164271,1.1822007804681134
2026-01-07 09:00:00,1.3683303887900142,0.8427031096196896,1.6860142240018088,1.4707837924303988,2.16046595206243,1.0731488669980778,3.3987200928768453,0.7719150148850098,0.5131025221376001,5.614449472252679,3.6039897999787462,3.0394852505727434,2.8254650097139042,1.9902606326330428,2.5163395085584197,1.8822016202298326,4.149940166408345,2.769451340753308,0.7202893040350605,1.0656287895639016,2.9093465279880624,1.154405964566537,2.207424978420371,1.3101554554018067
2026-01-07 10:00:00,1.9895159878971487,0.8427031096196896,2.123818836357329,2.164407090030403,1.6405077072809104,3.115278745179168,1.5179118448440887,1.6927449379756665,1.8565704679434216,6.435050692251814,2.9186390406839786,0.7997057859289654,2.0536926963830635,2.6142782321388527,3.06032766404146,2.56996626859042,3.78329418194545,3.2500811986161855,1.9275409087351947,1.0656287895639016,4.269479723151106,3.0204321033458834,3.6430821981246475,1.188061462150859
2026-01-07 11:00:00,3.6180696616588044,2.717994452516266,2.4891256600727574,1.0360193517419594,3.29348856469588,1.2623237357486732,3.1467970291653757,1.7141345025097594,1.656106621388272,5.650267276026524,3.0922453165338104,1.8485823718593843,2.3101711968260616,1.2366684930332668,3.892332798216007,3.4371580719620956,4.588408635497401,4.509246184143768,1.246786699022107,1.0656287895639016,1.717277187406447,2.4731730177458866,4.877859959925588,0.49655082787509686
2026-01-07 12:00:00,0.0,0.0,0.0,0.0,0.0,1.9753693069387166,0.0,0.0,0.0,3.85279558529686,0.0,0.0,0.0,0.0,0.0,0.0,0.0,0.0,3.0761670492648308,0.0,1.3620268250672511,0.0,0.0,2.2344787254379357
2026-01-07 13:00:00,2.1031363818695215,3.147540053549564,1.2716811485874255,0.0,0.0,1.0025853990702345,3.899083812018644,0.0,0.5920413716972308,1.3344998440835625,1.6638899077453801,0.0,1.2942789102697012,2.287889602342442,0.0,2.448064442807183,0.9361985033074262,2.3482623101799467,3.2516956909000148,0.0,5.158954665474252,2.636832571326665,0.0,1.3840905612618006
2026-01-07 14:00:00,2.2134992857195797,0.7327853127127737,3.9391166622164095,0.9959477040493616,3.040143290488504,0.641378152672,1.44891585189663,2.2678065207906832,0.5920413716972308,2.737951094451687,3.14262035553082,1.3302434654747042,1.2615008319672876,0.6996852574603636,4.234647276112141,3.1802669257804936,2.3793961182417926,1.1621672186094756,1.6286071651323388,4.901894453369907,3.411566375555458,0.9174929841477999,3.4825526001048077,0.9837848835282481
2026-01-07 15:00:00,1.7719066850921894,0.7327853127127737,1.9485088646912434,2.886201687024,2.4657836679990135,1.6801027117798613,2.3853119090672767,4.8587678663963425,2.602784400085294,1.69722528787576,2.929355136235275,2.6860588023689793,1.603245860987792,2.0841962233415656,1.2836677864966604,2.714928805112391,3.750479879921773,2.7970065029890763,0.9603857387134138,2.2388839490089776,4.774799497942745,0.9174929841477999,4.471236411320298,1.42176423468036
2026-01-07 16:00:00,0.974441752536408,0.866127626762906,1.0494429963110536,0.6578689500993755,2.2459494723433644,1.6296383569450072,3.582497364876464,1.119276771583264,2.6641861726375384,2.6487991923465377,2.1170476100700393,4.3041204634638195,0.9279630000346233,2.304377669770204,2.3470295937770453,3.0500467952369594,3.4259301308589207,1.7832984977251762,1.0579766004128144,1.2178614737873161,1.1464343701053894,2.9643767131618874,3.797518246719732,3.645728446767158
2026-01-07 17:00:00,1.8356617146610037,2.146925098514278,2.782738035890693,1.780052240132919,1.8170913510404372,2.273487431017742,2.0103591886207015,4.135009464678085,2.6641861726375384,1.5521614797554186,2.1179418142132174,2.9136993471887274,0.9279630000346233,0.6996852574603636,4.84546323913526,3.6509587220544377,2.74987276750452,2.3674534344831364,1.4282271313481403,2.5831964681816415,3.9171610780742747,2.2912312539560933,1.5773629403859613,2.903437462102337
2026-01-07 18:00:00,0.0,2.597356426847578,0.8753592582703132,0.7795990391497604,1.1881988798988934,2.4665890787164346,0.0,2.0559411687249525,0.7214403932403609,1.6324298903574632,3.149359296279877,3.508708332506595,0.0,0.6996852574603636,5.431186460098812,1.9775555603888408,2.6717736931911307,3.4168635032349797,0.9603857387134138,1.2178614737873161,2.7011332191705644,1.2888040094919695,2.4647288084470507,0.0
2026-01-07 19:00:00,0.0,0.0,3.9391166622164095,1.171286949786757,2.7899566128499376,0.0,0.0,0.0,0.6370647211873326,1.925384717316249,1.7965648184249683,2.4378645805041947,0.0,0.0,5.776505039234972,0.0,3.0836181121610124,1.634958120068338,2.6927117887233822,0.0,0.0,3.8325496844071267,2.1265287108505575,0.0
2026-01-07 20:00:00,0.0,0.0,0.0,0.0,0.0,0.0,0.0,0.0,0.0,0.0,2.106979039822797,0.0,0.0,0.0,0.0,0.0,0.0,0.0,0.0,0.0,0.0,0.0,0.0,0.0
2026-01-07 21:00:00,0.0,0.0,0.0,0.0,0.0,0.0,0.0,0.0,0.0,0.0,0.0,0.0,0.0,0.0,0.0,0.0,0.0,0.0,0.0,0.0,0.0,0.0,0.0,0.0
2026-01-07 22:00:00,0.0,0.0,0.0,0.0,0.0,0.0,0.0,0.0,0.0,0.0,0.0,0.0,0.0,0.0,0.0,0.0,0.0,0.0,0.0,0.0,0.0,0.0,0.0,0.0
2026-01-07 23:00:00,0.0,0.0,0.0,0.0,0.0,0.0,0.0,0.0,0.0,0.0,0.0,0.0,0.0,0.0,0.0,0.0,0.0,0.0,0.0,0.0,0.0,0.0,0.0,0.0
2026-01-08 00:00:00,0.0,0.0,0.0,0.0,0.0,0.0,0.0,0.0,0.0,0.0,0.0,0.0,0.0,0.0,0.0,0.0,0.0,0.0,0.0,0.0,0.0,0.0,0.0,0.0
2026-01-08 01:00:00,0.0,0.0,0.0,0.0,0.0,0.0,0.0,0.0,0.0,0.0,0.0,0.0,0.0,0.0,0.0,0.0,0.0,0.0,0.0,0.0,0.0,0.0,0.0,0.0
2026-01-08 02:00:00,0.0,0.0,0.0,0.0,0.0,0.0,0.0,0.0,0.0,0.0,0.0,0.0,0.0,0.0,0.0,0.0,0.0,0.0,0.0,0.0,0.0,0.0,0.0,0.0
2026-01-08 03:00:00,0.0,0.0,0.0,0.0,0.0,0.0,0.0,0.0,0.0,0.0,0.0,0.0,0.0,0.0,0.0,0.0,0.0,0.0,0.0,0.0,0.0,0.0,0.0,0.0
2026-01-08 04:00:00,0.0,0.0,0.0,0.0,0.0,0.0,0.0,0.0,0.0,0.441219458304,0.0,0.0,0.0,0.0,0.0,0.0,0.0,1.7164177037985262,0.0,0.0,0.441219458304,0.0,0.0,0.0
2026-01-08 05:00:00,0.0,0.0,0.0,0.0,0.0,0.0,2.8139032566290023,0.0,0.0,0.6305076252444681,0.0,0.0,0.0,0.0,0.0,0.0,0.0,0.8326275578256894,1.40706826407227,0.8109064205623313,0.441219458304,0.0,0.0,0.0
2026-01-08 06:00:00,0.7265056502538558,0.6236522257278859,1.9077187478668922,0.0,2.0998580227359778,2.333167461495296,0.6832383405854613,3.127865470251308,1.6993412502145335,1.3526601815346393,0.7071489485436356,2.798779258615592,0.0,0.0,0.0,0.0,1.9888064740540081,2.5607416818744335,2.0921389734354765,2.7225544936315393,1.3143969210697164,0.0,1.1092408896336894,0.6428400163685352
2026-01-08 07:00:00,2.5282056201458043,0.9573831208896835,0.6648118790434775,0.0,0.9911194708576293,5.148738136873611,1.9388160011006077,3.614154100695134,2.3083622711533396,1.7444394615728778,2.3180852568906394,3.2341728133655705,0.0,3.1767800997888003,1.9625635165541344,1.5766467325728937,1.956985107877547,0.8326275578256894,2.233096254897457,1.7428687406800962,1.2871965805292933,0.0,0.5960492004044448,1.647586104510305
2026-01-08 08:00:00,2.1405679582005646,0.7047072908427782,1.2712932993014565,3.997587476999873,2.036487258474872,1.144164030416358,2.2758418367361672,1.6465917668959702,2.643449645964621,0.6738946998187746,2.766697606907263,1.0479251533115033,2.9155131632763744,2.651610953710952,3.757882030511598,1.9595835115298115,2.3536975691398796,2.014379360105313,2.401205300570504,0.6521233868938825,1.1205893770847428,0.0,1.01505284608476,0.9484625675576597
2026-01-08 09:00:00,2.179341577901686,1.998933422599673,2.002199727188482,2.197816689023877,1.9836399115788095,3.99930948949479,1.1256017342284295,2.608328802253586,3.075780249414833,0.441219458304,0.7399332109294825,1.6545156568361081,1.7394325128445618,1.1136353822238776,1.2872062654319139,3.006922343552317,1.0216725202124404,0.9956017249803857,0.5336011779045565,0.6521233868938825,0.6913875405037956,1.5498643469336315,2.682221401820001,2.020435111657709
2026-01-08 10:00:00,0.7265056502538558,1.0895437444939906,1.0275026924548059,3.687368734787152,0.7536366091481632,4.9058668349769725,1.572567403654367,3.614154100695134,2.8797740372881053,1.3474976825126195,2.1863821717821335,3.31106147528841,1.3528218229999702,0.8901241910543354,3.757882030511598,2.0834374038024843,1.5502637135193567,1.1846404928451684,0.5336011779045565,0.6521233868938825,0.6593270016960305,2.255156345298234,0.983863940278469,1.069721838999736
2026-01-08 11:00:00,2.7860142089856934,1.6978176422081495,1.0314696518832973,1.882263553186261,2.202497856554912,2.321715857088038,1.220194208771498,1.6252185637937488,2.8099600579926505,1.1230746812025056,2.508770066697593,2.25104145684147,3.067111437570424,0.9569384218066939,2.727187121994984,2.080211054828262,1.207974491038034,0.8326275578256894,0.6793107437782063,0.7995947668601062,0.9432119324588137,3.3198116832370026,1.086584157340206,1.1895706112033602
2026-01-08 12:00:00,0.7265056502538558,0.0,0.0,0.0,2.61070924029301,0.0,0.0,0.0,2.9472167737303048,0.0,0.0,0.0,0.0,0.0,0.0,4.717336347669236,0.0,0.0,0.0,0.0,0.0,0.0,0.0,0.0
2026-01-08 13:00:00,1.9768654160310273,1.4449060914589487,0.0,1.063656011697691,1.0847517853934767,3.2063116716376383,3.876634932452291,0.7413649437323353,2.3238353808885672,0.0,1.4819370978458226,0.0,0.0,1.1798665708603202,0.985825575453708,3.0832349674240023,1.5582137700705534,0.951574351800788,0.0,1.4599110001530773,1.8586300933575919,4.809713973555491,2.5864277803264293,2.3968634220155223
2026-01-08 14:00:00,3.2692754261423516,2.684729278165038,1.2332024671704298,0.46885285224072587,1.5840074854556492,4.6903507253170496,3.876634932452291,1.1106530880891237,1.9741879682917582,1.9656028859772456,0.605683631148099,3.289218585248846,2.245705285370822,1.2844229377673724,0.8909865005870397,2.4731242720226594,1.212773678855651,3.4542644953704587,0.6812184961913207,1.2838711865997359,1.891695034247708,4.166850776466986,1.6756757606767463,0.6148904504394685
2026-01-08 15:00:00,0.7265056502538558,1.176853917267119,1.6039917657638343,2.1098378350832663,2.2029435732374223,1.615290395881917,2.6540753578355036,1.7325917701778313,1.7205133243731345,1.943025070378266,2.036060717410544,3.5958162651337835,1.1721714799474547,1.9854875623680002,2.075634162097236,3.025148189039167,2.2780901375912967,0.951574351800788,0.8149255311594089,1.6527852193028243,0.6138705506838261,5.139023887200989,1.3634296867743532,1.954201780349106
2026-01-08 16:00:00,0.8333045956020035,1.7118485424601804,2.4266812219051292,2.1098378350832663,1.3744341733120404,5.4710580201160255,3.274987637907588,1.5744816828464232,2.79825043786557,0.9424983593765689,1.1878651946817658,2.5007341471979565,0.588292611072,1.5156179520372353,1.9813566770021966,3.441527324483386,2.059046144550853,0.951574351800788,1.2069183960878234,3.8163717428299755,1.773643655888327,3.4801716236035904,1.5565700510933642,1.245028742466361
2026-01-08 17:00:00,1.493713135403048,1.374555539756894,3.6479251311663545,1.0313058166811424,2.429608462432638,0.0,1.3756928883285533,1.5156872423846866,1.9195663050229979,0.588292611072,1.126769960053288,2.611012159818333,1.368089345683076,1.8375441968219202,2.0238057916760743,2.8417893384979083,0.7911129439205642,2.2451086786286503,1.6012873219904389,3.582614646681458,0.6138705506838261,5.139023887200989,0.5747617289614287,1.1970835971819942
2026-01-08 18:00:00,0.8956040047762822,1.5847211036480442,0.0,0.46885285224072587,0.6728898295965742,0.0,0.8614744294338424,1.827678964146398,3.89796048922449,0.588292611072,2.2501528151576955,2.52257140954566,0.6538728148819698,0.441219458304,3.3242034514230303,0.8611010793364479,0.56476090662912,0.951574351800788,2.668005889522782,0.0,2.079721828346968,0.0,1.6380687637334521,1.1674025610863281
2026-01-08 19:00:00,0.7265056502538558,0.0,0.0,1.2909357583780952,1.0131787551167333,0.0,0.0,2.772703344561457,2.4781457626044077,2.091179390421344,0.5892907904530298,1.7118042797958266,1.3900381927301286,1.297493677212486,0.0,2.197411551951897,0.0,1.6030605666903586,1.2726351091620238,0.0,0.0,0.0,2.5864277803264293,0.0
2026-01-08 20:00:00,0.0,0.0,0.0,1.5369919006219603,0.0,0.0,0.0,0.0,0.0,0.0,2.4618235180798096,0.0,0.0,0.8211680385116573,0.0,0.0,0.0,0.0,0.0,0.0,0.0,0.0,0.0,0.0
2026-01-08 21:00:00,0.0,0.0,0.0,0.46885285224072587,0.0,0.0,0.0,0.0,0.0,0.0,0.0,0.0,0.0,0.0,0.0,0.0,0.0,0.0,0.0,0.0,0.0,0.0,0.0,0.0
2026-01-08 22:00:00,0.0,0.0,0.0,0.0,0.0,0.0,0.0,0.0,0.0,0.0,0.0,0.0,0.0,0.0,0.0,0.0,0.0,0.0,0.0,0.0,0.0,0.0,0.0,0.0
2026-01-08 23:00:00,0.0,0.0,0.0,0.0,0.0,0.0,0.0,0.0,0.0,0.0,0.0,0.0,0.0,0.0,0.0,0.0,0.0,0.0,0.0,0.0,0.0,0.0,0.0,0.0
2026-01-09 00:00:00,0.0,0.0,0.0,0.0,0.0,0.0,0.0,0.0,0.0,0.0,0.0,0.0,0.0,0.0,0.0,0.0,0.0,0.0,0.0,0.0,0.0,0.0,0.0,0.0
2026-01-09 01:00:00,0.0,0.0,0.0,0.0,0.0,0.0,0.0,0.0,0.0,0.0,0.0,0.0,0.0,0.0,0.0,0.0,0.0,0.0,0.0,0.0,0.0,0.0,0.0,0.0
2026-01-09 02:00:00,0.0,0.0,0.0,0.0,0.0,0.0,0.0,0.0,0.0,0.0,0.0,0.0,0.0,0.0,0.0,0.0,0.0,0.0,0.0,0.0,0.0,0.0,0.0,0.0
2026-01-09 03:00:00,0.0,0.0,0.0,0.0,0.0,0.0,0.0,0.0,0.0,0.0,0.0,0.0,0.0,0.0,0.0,0.0,0.0,0.0,0.0,0.0,0.0,0.0,0.0,0.0
2026-01-09 04:00:00,0.0,0.0,0.0,0.0,0.0,0.0,0.0,0.0,0.0,0.0,0.0,0.0,0.0,0.0,0.0,1.6540956318654014,0.0,0.0,0.0,0.0,0.0,0.0,0.0,0.0
2026-01-09 05:00:00,0.0,0.0,0.0,0.0,0.0,0.0,2.1231551776501267,0.0,0.0,0.0,0.0,0.0,0.0,0.0,1.1171326133291564,1.6100839177700084,0.0,0.0,0.0,0.0,1.9961221200955113,0.0,0.0,0.0
2026-01-09 06:00:00,1.1229883580241826,0.0,2.599923417333171,0.0,1.226302184917689,1.0953900737747417,3.1644621604238674,0.0,0.0,0.0,2.086901279293211,0.0,0.0,0.0,1.5528241005861998,1.5703270990353508,0.0,0.0,0.0,0.0,1.971265740882502,0.0,0.0,2.2124901484532846
2026-01-09 07:00:00,1.6624562774975349,1.0355372024753493,2.7536136393579946,3.0022962892621323,1.8652861455553065,1.4151062657990743,1.8980850378526626,2.8727640262746634,1.0523017992217543,2.326421464489665,1.8045497163954138,0.0,0.750570359065331,2.3024378848604883,1.2331256939017237,1.3742807753604083,0.0,0.0,0.7006155434627485,0.0,2.3298819139249787,1.3353806792749456,0.0,3.5066065349281565
2026-01-09 08:00:00,3.403161194482602,1.0355372024753493,3.584471961200582,4.7630212633885325,1.3757226634294066,2.5520412882493955,0.9909883218256861,0.8779480196471974,2.0454534028370377,3.9919460247783762,0.692349348141358,5.062616618832989,2.1973887497024505,1.8593807125945263,1.6642642129805367,3.237061746811622,2.263254709940103,1.2713187531403207,1.5008633646669383,3.923775364352089,0.5666627235839216,2.012480082351928,1.7311360560341507,2.8929316523361943
2026-01-09 09:00:00,1.1229883580241826,1.0355372024753493,3.754287865849516,4.426249049193654,2.559020367024,0.814020549429816,1.4753498318623117,3.9507660884123874,0.7535278184035453,2.432922010950688,0.8083100165549566,3.3093453632327883,0.8712144541571802,2.121103322720278,0.4549369541376,0.7193470548470272,1.1305038994688306,3.274325091512118,2.20092492554696,3.1774873544448745,1.462130849352417,1.2999635474649738,1.1924814604967569,2.7203987915737082
2026-01-09 10:00:00,2.504806229228053,2.8627614445897107,1.8606080827567713,4.882616505995376,0.568671192672,2.0752876898092176,2.3992507756229506,1.9658100288925109,1.817280866839237,3.666433380301348,2.3230583470858552,1.602595611429648,3.013683221071259,2.626888083354013,1.345214446733177,2.2759017916975357,2.3985048110633835,1.8157184453445956,3.053712087806154,2.162424192371435,1.9772002254658168,1.9888457855941382,4.453702705030501,0.7792458966507014
2026-01-09 11:00:00,4.159829467538475,2.800481244632883,0.8342861924110035,2.5967687186240394,2.559020367024,3.0893872774582314,0.9661538517086897,2.3078974843829227,2.118189585569606,2.8805968666339763,1.2098612317435502,6.879432677079223,1.7119862573926614,1.2125466935637899,1.2387806705148248,0.9849118775970771,3.317103804027764,4.1693526365048035,2.0679274452281926,1.193944714990564,1.7072168781154136,0.682330956077523,1.1742334455912848,3.5066065349281565
2026-01-09 12:00:00,0.0,1.9938722947173133,0.0,0.0,0.0,0.0,0.0,0.0,1.4309218173283493,0.0,2.176183617271191,0.0,0.0,1.7914716218124127,1.9931528224165698,3.237061746811622,2.097886728988904,0.0,0.0,1.2165850649277998,0.0,0.6475029090419169,2.8095787139061223,0.0
2026-01-09 13:00:00,1.29143661172781,3.542881507623611,0.0,0.0,1.0378550734612366,0.5839853494488757,1.7423679446345417,1.4146494738985327,0.0,0.0,1.398353244639597,3.448134754988916,0.0,0.0,1.9523194922905436,2.836731807521232,4.20252536541674,0.5442427694225919,0.0,0.0,2.4866814396214565,0.0,1.0446956962417229,3.2368675707029135
2026-01-09 14:00:00,2.8050328866963006,1.232782383899225,2.624598253649349,0.8037228816453293,2.088741862048152,1.7014135727774513,1.7753375437546668,3.697932916112839,1.1087284424251227,0.9328215499592584,2.2910606184617723,3.8087697096854076,1.5072181191818004,1.4907605609192993,0.628761385552545,1.248126694089593,2.531646360388993,1.3484253509252548,0.733978188389546,1.1856628240011906,1.1645037029384133,1.7896784493570084,2.2110304593096926,1.3732707743788681
2026-01-09 15:00:00,2.937682536434382,4.757025521608649,0.9931978481083374,0.8037228816453293,1.0215019394229834,1.8295765781322426,1.1280771414730681,2.6868020850351644,1.3794404144735606,1.781154109372422,2.841521298483591,3.6961769475879915,2.0389317984189512,1.8390461593692624,2.274684770688,1.8199811132368426,0.9588052058218025,1.126625326950749,0.733978188389546,0.6577677542281207,1.84570143428479,0.5087522856757919,2.1174516662475935,1.664896203706654
2026-01-09 16:00:00,3.8577642333990707,2.7384370057918606,4.375969268583212,2.466060439617183,1.7635214758765296,0.5721087550848576,1.7512768908577678,1.871798495026222,1.4702186107880262,0.7096792932939335,2.6574224996512275,3.303042781269196,1.948846045288832,2.3621726464836916,0.5054855045973333,0.6793833295777478,4.20252536541674,0.5442427694225919,0.8897534176242299,0.9856247115309112,1.6583105735393893,1.059521557212955,1.640771295207553,2.079638012618262
2026-01-09 17:00:00,1.29143661172781,5.427598648577923,2.178989549063959,1.7641449545976355,2.9245947051702856,2.5744893978818593,3.46960153983692,3.5104137396199744,1.8184302365788765,2.1601495412138765,0.9961330331158605,3.2491911075001423,2.0042735246162846,1.4214755074715808,2.274684770688,2.8984805091763604,4.172118987037639,0.5442427694225919,2.2558583539527612,2.4442995208837277,0.5862028175006084,1.4201167400099126,3.357742423773154,0.7193039046006475
2026-01-09 18:00:00,0.0,0.0,2.4887497867928423,1.8467276435902504,0.0,1.771275681003947,1.1186908198305492,2.2161369222025207,1.4663267859778644,0.7096792932939335,1.3359836329529224,1.8813064319293031,1.0816489341558801,1.4507609056009945,0.7453735214099825,0.9432989122931416,2.224506310554921,0.8863815777104472,1.9863279546982053,1.2598378306282336,2.4327557817511765,2.2893852855410635,0.0,2.754802238068453
2026-01-09 19:00:00,0.0,0.0,0.0,1.9766159730349164,0.0,1.5871194707959972,1.7435537107746462,0.0,1.782754044828505,1.3702476303675917,1.3374910820022297,0.9407771182330561,0.0,0.5249272547741538,0.626787145345601,0.9298145205474587,0.0,1.4192653467491996,0.0,2.30155822147817,1.8272743582268005,1.4734853946848538,0.0,1.3416794022405751
2026-01-09 20:00:00,0.0,0.0,0.0,0.0,0.0,1.50929246107739,0.0,0.0,0.0,0.0,0.0,0.0,0.0,0.0,0.0,2.2687235633366676,0.0,0.5442427694225919,0.0,1.1377168329414045,1.6790349911806166,0.7291220291423327,0.0,0.0
2026-01-09 21:00:00,0.0,0.0,0.0,0.0,0.0,0.0,0.0,0.0,0.0,0.0,0.0,0.0,0.0,0.0,0.0,3.0572249830998652,0.0,0.0,0.0,0.0,0.0,0.0,0.0,0.0
2026-01-09 22:00:00,0.0,0.0,0.0,0.0,0.0,0.0,0.0,0.0,0.0,0.0,0.0,0.0,0.0,0.0,0.0,0.0,0.0,0.0,0.0,0.0,0.0,0.0,0.0,0.0
2026-01-09 23:00:00,0.0,0.0,0.0,0.0,0.0,0.0,0.0,0.0,0.0,0.0,0.0,0.0,0.0,0.0,0.0,0.0,0.0,0.0,0.0,0.0,0.0,0.0,0.0,0.0
2026-01-10 00:00:00,0.0,0.0,0.0,0.0,0.0,0.0,0.0,0.0,0.0,0.0,0.0,0.0,0.0,0.0,0.0,0.0,0.0,0.0,0.0,0.0,0.0,0.0,0.0,0.0
2026-01-10 01:00:00,0.0,0.0,0.0,0.0,0.0,0.0,0.0,0.0,0.0,0.0,0.0,0.0,0.0,0.0,0.0,0.0,0.0,0.0,0.0,0.0,0.0,0.0,0.0,0.0
2026-01-10 02:00:00,0.0,0.0,0.0,0.0,0.0,0.0,0.0,0.0,0.0,0.0,0.0,0.0,0.0,0.0,0.0,0.0,0.0,0.0,0.0,0.0,0.0,0.0,0.0,0.0
2026-01-10 03:00:00,0.0,0.0,0.0,0.0,0.0,0.0,0.0,0.0,0.0,0.0,0.0,0.0,0.0,0.0,0.0,0.0,0.0,0.0,0.0,0.0,0.0,0.0,0.0,0.0
2026-01-10 04:00:00,0.0,0.0,0.0,0.0,0.0,0.0,0.0,0.0,0.0,0.0,0.0,0.0,0.0,0.0,0.0,0.0,0.0,0.0,0.0,0.0,0.0,0.0,0.0,0.0
2026-01-10 05:00:00,0.0,0.0,0.0,0.0,0.0,0.0,0.0,0.0,0.0,0.0,0.0,0.0,0.0,0.0,0.0,0.0,0.0,0.0,0.0,0.0,0.0,0.0,0.0,0.0
2026-01-10 06:00:00,0.0,0.0,0.0,0.0,0.0,0.0,0.0,0.0,0.0,0.0,0.0,0.0,0.0,0.0,0.0,0.0,0.0,0.0,0.0,0.0,0.0,0.0,0.0,0.0
2026-01-10 07:00:00,0.0,0.0,0.0,0.0,0.0,0.0,0.0,0.0,0.0,0.0,0.0,0.0,0.0,0.0,0.0,0.0,0.0,0.0,0.0,0.0,0.0,0.0,0.0,0.0
2026-01-10 08:00:00,0.8397247341176471,0.0,0.0,0.0,0.0,0.0,0.0,0.0,0.0,0.0,0.0,0.0,0.0,0.0,0.0,0.0,0.0,0.0,0.0,0.0,4.282596144,0.0,0.0,0.0
2026-01-10 09:00:00,1.8784863121474198,0.0,0.0,0.0,0.0,0.0,2.3025878582239527,0.0,2.8447557176306524,0.0,2.790478774387628,0.0,0.0,0.0,3.7160879680503593,0.0,0.0,0.0,0.0,4.850109012922839,1.576002392548411,0.0,3.744363362321605,0.0
2026-01-10 10:00:00,1.9481982689458655,4.278811482433715,0.0,1.2977564072727272,4.957935293828648,5.408610193300576,1.5443049309386554,2.081110453860577,1.004452900599731,5.448774766911016,0.9516880320000001,5.6130418852941,2.0393314971428573,2.7665023415659613,2.3814282982697845,3.8045574576204775,0.0,1.6765757774233312,1.7844150600000002,1.18961004,0.9516880320000001,5.839903832727273,4.060703187173759,0.0
2026-01-10 11:00:00,0.8397247341176471,2.641157905599014,4.226745326695872,2.8972364748918533,1.7844150600000002,1.5861467200000001,3.753911565769433,3.075579207976455,3.149671395889183,4.89026822804628,0.9516880320000001,5.904507556089304,3.2624663315093447,1.4672784926177482,4.282596144,4.727431103122015,2.8550640960000004,2.7449277989339045,3.2930145248786737,5.35324518,3.1021739761593774,5.360506783455895,3.013684384741383,4.319874775650941
2026-01-10 12:00:00,0.0,0.0,8.296331799931725,1.2977564072727272,0.0,0.0,2.9499745825059933,3.782415127471523,1.845966158349745,0.0,4.282596144,0.0,0.0,3.0782022916100265,0.0,0.0,0.0,0.0,0.0,0.0,0.0,0.0,0.0,0.0
2026-01-10 13:00:00,2.656864480394133,0.620666107826087,1.0696488327947857,0.5490507876923076,0.0,0.0,1.4821186809709777,0.5287155733333334,2.2151359365517242,1.6641370616536417,0.0,2.0810276276583006,1.6879236453120559,0.8781633130107276,0.5710128192,0.0,2.532514154571028,0.0,0.5490507876923076,1.0658605718303176,0.7933569958747094,0.0,3.231774359723637,1.1484006478888111
2026-01-10 14:00:00,1.5267347813994463,0.620666107826087,1.84276668354879,2.119102232950451,1.6480929069421326,2.214623246307246,1.6262344993355495,0.6400453375952643,1.4603019599986218,1.17862728109365,1.725558559704565,1.906972960082948,0.5098328742857143,2.075950713917685,1.7672796507443305,0.5287155733333334,2.1127909199804997,0.7845681470004753,0.5490507876923076,0.4922524303448277,1.3842812151242092,1.3454336902477755,1.881389340573217,2.2912252196892626
2026-01-10 15:00:00,0.59480502,0.620666107826087,1.4456183583803843,0.9667155868495388,0.8533516605418601,0.9557923521677463,1.1349514640465255,0.5287155733333334,2.2151359365517242,2.5459195623855804,1.2150835836419933,2.015976104797961,0.5829509339252531,1.222839454931567,2.1215718318643955,1.7605466537410972,2.205324762296537,1.843650488296226,1.8551160175944006,0.4922524303448277,1.9871863917468358,0.6488782036363636,1.3261153695862802,0.5287155733333334
2026-01-10 16:00:00,1.6750873252593161,0.9350831722048099,0.8383493917574429,0.5490507876923076,0.622703333066005,1.9822642672955262,1.4172669245677414,2.37922008,1.7923623233508954,1.107365249623615,2.67662259,2.5695576864,0.5098328742857143,1.909518714331297,1.13836104069347,0.541689890650248,1.6768137741798146,0.6461585072990808,0.6728895133674284,1.7216171880918523,1.9091516812413245,2.6007312528365354,1.1234413670020513,1.3826475684565878
2026-01-10 17:00:00,0.59480502,0.7190267970410326,1.4445464439974853,0.5991835501185536,0.8029225365566633,1.1902366882777038,1.1610375437677847,0.9456678657684017,2.040408442763371,1.1044881621483265,1.3656182585644665,1.7088475129386478,0.5098328742857143,1.3158808441862224,0.7933807723109552,2.266644631451655,2.247126012683538,0.973199024695778,0.9897861753450949,0.4922524303448277,0.8013120158958433,2.138719552282882,0.8992789652477475,0.5287155733333334
2026-01-10 18:00:00,1.781066595687535,2.1051331842630727,1.4901957870795792,2.470728544615384,0.947382633766125,2.7929974852173918,1.3384871625958905,2.37922008,0.7027058064653154,1.4323652259915478,2.67662259,2.3436454194660223,0.9865687335376375,1.6385466839524545,2.2633026032004535,1.9225003639284293,0.6488782036363636,1.9932736802442148,1.0283902597704913,1.4766684206088483,2.13255058021849,2.1484267922369935,1.7290238594192124,1.0581881523772958
2026-01-10 19:00:00,0.0,0.0,2.0404213933180624,0.5490507876923076,1.767373709684378,0.0,0.0,0.9110595300573133,0.4922524303448277,1.3788503003909212,1.6928432449154809,0.0,1.4393917684350135,0.0,0.0,0.8756721456305943,0.0,0.0,1.2919315026423521,1.6011461188982332,2.3846018217742144,0.0,0.0,1.2671414736053679
2026-01-10 20:00:00,0.0,0.0,0.0,0.0,0.0,0.0,0.0,0.0,2.0542466398766064,0.0,0.0,0.0,0.0,0.0,0.0,1.8599017199155035,0.0,0.0,0.0,0.0,0.0,0.0,0.0,0.0
2026-01-10 21:00:00,0.0,0.0,0.0,0.0,0.0,0.0,0.0,0.0,0.0,0.0,0.0,0.0,0.0,0.0,0.0,0.0,0.0,0.0,0.0,0.0,0.0,0.0,0.0,0.0
2026-01-10 22:00:00,0.0,0.0,0.0,0.0,0.0,0.0,0.0,0.0,0.0,0.0,0.0,0.0,0.0,0.0,0.0,0.0,0.0,0.0,0.0,0.0,0.0,0.0,0.0,0.0
2026-01-10 23:00:00,0.0,0.0,0.0,0.0,0.0,0.0,0.0,0.0,0.0,0.0,0.0,0.0,0.0,0.0,0.0,0.0,0.0,0.0,0.0,0.0,0.0,0.0,0.0,0.0
2026-01-11 00:00:00,0.0,0.0,0.0,0.0,0.0,0.0,0.0,0.0,0.0,0.0,0.0,0.0,0.0,0.0,0.0,0.0,0.0,0.0,0.0,0.0,0.0,0.0,0.0,0.0
2026-01-11 01:00:00,0.0,0.0,0.0,0.0,0.0,0.0,0.0,0.0,0.0,0.0,0.0,0.0,0.0,0.0,0.0,0.0,0.0,0.0,0.0,0.0,0.0,0.0,0.0,0.0
2026-01-11 02:00:00,0.0,0.0,0.0,0.0,0.0,0.0,0.0,0.0,0.0,0.0,0.0,0.0,0.0,0.0,0.0,0.0,0.0,0.0,0.0,0.0,0.0,0.0,0.0,0.0
2026-01-11 03:00:00,0.0,0.0,0.0,0.0,0.0,0.0,0.0,0.0,0.0,0.0,0.0,0.0,0.0,0.0,0.0,0.0,0.0,0.0,0.0,0.0,0.0,0.0,0.0,0.0
2026-01-11 04:00:00,0.0,0.0,0.0,0.0,0.0,0.0,0.0,0.0,0.0,0.0,0.0,0.0,0.0,0.0,0.0,0.0,0.0,0.0,0.0,0.0,0.0,0.0,0.0,0.0
2026-01-11 05:00:00,0.0,0.0,0.0,0.0,0.0,0.0,0.0,0.0,0.0,0.0,0.0,0.0,0.0,0.0,0.0,0.0,0.0,0.0,0.0,0.0,0.0,0.0,0.0,0.0
2026-01-11 06:00:00,0.0,0.0,0.0,0.0,0.0,0.0,0.0,0.0,0.0,0.0,0.0,0.0,0.0,0.0,0.0,0.0,0.0,0.0,0.0,0.0,0.0,0.0,0.0,0.0
2026-01-11 07:00:00,0.0,0.0,0.0,0.0,0.0,0.0,0.0,0.0,0.0,0.0,0.0,0.0,0.0,0.0,0.0,0.0,0.0,0.0,0.0,0.0,0.0,0.6411825788822858,0.0,0.0
2026-01-11 08:00:00,0.0,0.0,0.0,0.0,0.0,0.0,0.0,2.5009056018913474,0.0,2.584787030138423,0.0,0.0,0.0,2.1193125895096365,2.4258023359890255,0.0,0.0,0.0,0.0,0.0,0.0,1.8488092591169953,0.0,0.0
2026-01-11 09:00:00,0.0,1.122069513044,0.0,0.0,0.0,1.122069513044,2.684402582489148,3.5642208061397644,3.0567535207772227,0.841552134783,3.443580176644621,1.6249753063047372,0.0,2.141735708901851,2.8259235851613593,0.0,2.559045797898848,0.0,0.0,1.0357564735790767,1.197671876079446,2.03136411022012,2.6089004997312553,0.0
2026-01-11 10:00:00,0.0,2.7754474994777296,5.370569480505698,4.536282905758362,0.0,2.392323118687096,4.088282456755145,2.062482793455991,1.7212595310767582,0.841552134783,1.0733775793656934,4.0394502469584,6.697122974962532,3.1010237531941094,3.2970641137697303,2.349687107916395,4.133232022453267,4.705786556436654,0.0,2.5125445789810485,1.7459445573257215,0.9339231913128643,4.840562041957588,5.586626173709521
2026-01-11 11:00:00,10.984487720683154,2.8807917753907666,1.9819081379822234,5.508341245852363,2.6304888824462918,4.166260104870758,2.7210566751567526,3.5642208061397644,2.3501651744101237,1.3108607582162302,3.5366116893680872,3.9057057210746167,1.8090484111046699,3.366208539132,1.210054229397403,4.101384285462411,1.1657908678577462,1.4960926840586668,2.6929668313056,1.8904338233066615,3.644797215924269,2.5384533826624383,2.0644612240619327,6.4810367495504275
2026-01-11 12:00:00,0.0,0.0,1.6780477418667723,5.508341245852363,0.0,0.0,3.0207183780053506,0.0,0.0,0.0,0.0,3.8909246578316536,0.0,2.672218615144105,0.0,0.0,0.0,0.0,0.0,1.0357564735790767,0.0,2.34464208897277,3.5661057195968957,0.0
2026-01-11 13:00:00,0.0,1.498585668318409,0.7037949249211385,2.322443443477189,1.3500062180361405,0.0,0.561034756522,1.1661418495253717,0.0,1.6945573819543456,2.0269361362511584,0.5854275720229565,0.0,2.4236701481750402,1.9469533571568007,1.4189407710707316,0.0,0.4986975613528889,0.0,1.7595980728629108,0.0,1.2650369209130152,0.0,1.7723377006373005
2026-01-11 14:00:00,0.9672727652227077,0.7329891940927465,1.2454677212435736,2.524656404349,1.4739308588516071,1.2565003342933676,2.0634789706835925,1.658157167872664,0.5854275720229565,0.561034756522,1.2668060857958106,1.1001965988540658,1.8228986334231991,2.4236701481750402,0.7822137757799278,1.500321985710259,1.8546777846492095,0.7887678556708789,1.2244013298512506,0.5854275720229565,0.8688281031598426,2.1260602925341745,2.177734891254682,1.2300684343405286
2026-01-11 15:00:00,0.6102493178157309,0.4986975613528889,1.7646289098600292,0.7248141222539666,1.2391432216477691,2.524656404349,0.6335114709792714,1.759806603938767,1.5712466896815418,0.561034756522,0.5457044943834,1.047597120741441,0.722604260131559,1.7197757258635138,2.140003479752827,0.4986975613528889,0.561034756522,0.8902711730755883,1.3951780416476793,0.5854275720229565,1.9625981480342147,1.576491275151171,1.2975901970923176,0.5178782367895384
2026-01-11 16:00:00,0.6102493178157309,0.4986975613528889,2.950744225590264,0.561034756522,1.5566089756782462,0.8753470948936566,1.3499278259991458,1.2809501911799526,1.640537292814852,1.2569632828534456,1.4542949972775912,0.5854275720229565,0.722604260131559,2.2039375949045215,2.152389467557256,1.7379207857563659,1.5858345663511555,1.3642249205264,2.1864280518388144,0.5854275720229565,2.4886889705711464,2.162644059347378,1.2282609325884903,0.5560067354359652
2026-01-11 17:00:00,0.6102493178157309,1.0290783776593126,0.6991865591111551,1.403057651255166,2.2815376941436436,1.497160623040617,2.524656404349,0.4808869341617143,1.0866689394653535,1.0003362707266934,0.5457044943834,1.7314323305082018,1.798408212795693,0.7555010443115392,1.6983904060141206,0.8153096302598244,1.5623425083896942,0.6891181692092202,1.6344796960931904,1.1187189635479042,0.8155952331209896,1.3977213004818934,1.5101860268959135,1.500236952357238
2026-01-11 18:00:00,1.1074537126998991,0.9755166413386881,0.905595809425597,2.2293513690728606,0.5535000656837823,2.393930031798512,0.9505403708558172,1.3347339209051736,2.6344240741033045,0.9557248195346453,1.6150738946692518,2.6344240741033045,0.9501037069707079,2.0266377451080393,1.9085413309835733,0.8120957886464482,1.7748565548486726,0.4986975613528889,0.0,2.3117483600341564,1.2101554525792817,1.523192127611303,1.74375901964533,1.8179245201779912
2026-01-11 19:00:00,1.4558549824742708,0.4986975613528889,0.0,0.0,1.7886347490335577,2.164970135031911,0.0,1.7339240917505057,0.0,0.0,1.147052343283168,0.0,0.0,0.0,0.0,0.8962713445841193,0.8568720347339441,0.5952178305212458,0.0,0.0,0.0,1.5166957615918641,2.673830756473082,0.0
2026-01-11 20:00:00,0.0,0.0,0.0,0.0,0.0,0.0,0.0,0.0,0.0,0.0,0.0,0.0,0.0,0.0,0.0,0.0,0.0,0.0,0.0,0.0,0.0,0.0,0.0,0.0
2026-01-11 21:00:00,0.0,0.0,0.0,0.0,0.0,0.0,0.0,0.0,0.0,0.0,0.0,0.0,0.0,0.0,0.0,0.0,0.0,0.0,0.0,0.0,0.0,0.0,0.0,0.0
2026-01-11 22:00:00,0.0,0.0,0.0,0.0,0.0,0.0,0.0,0.0,0.0,0.0,0.0,0.0,0.0,0.0,0.0,0.0,0.0,0.0,0.0,0.0,0.0,0.0,0.0,0.0
2026-01-11 23:00:00,0.0,0.0,0.0,0.0,0.0,0.0,0.0,0.0,0.0,0.0,0.0,0.0,0.0,0.0,0.0,0.0,0.0,0.0,0.0,0.0,0.0,0.0,0.0,0.0
2026-01-12 00:00:00,0.0,0.0,0.0,0.0,0.0,0.0,0.0,0.0,0.0,0.0,0.0,0.0,0.0,0.0,0.0,0.0,0.0,0.0,0.0,0.0,0.0,0.0,0.0,0.0
2026-01-12 01:00:00,0.0,0.0,0.0,0.0,0.0,0.0,0.0,0.0,0.0,0.0,0.0,0.0,0.0,0.0,0.0,0.0,0.0,0.0,0.0,0.0,0.0,0.0,0.0,0.0
2026-01-12 02:00:00,0.0,0.0,0.0,0.0,0.0,0.0,0.0,0.0,0.0,0.0,0.0,0.0,0.0,0.0,0.0,0.0,0.0,0.0,0.0,0.0,0.0,0.0,0.0,0.0
2026-01-12 03:00:00,0.0,0.0,0.0,0.0,0.0,0.0,0.0,0.0,0.0,0.0,0.0,0.0,0.0,0.0,0.0,0.0,0.0,0.0,0.0,0.0,0.0,0.0,0.0,0.0
2026-01-12 04:00:00,0.0,0.0,0.0,0.0,0.0,0.0,0.0,0.0,0.0,0.0,0.0,0.0,0.0,0.0,0.0,0.0,0.0,0.0,0.0,0.0,0.0,0.0,0.0,0.0
2026-01-12 05:00:00,0.0,0.0,0.0,0.0,0.0,0.0,0.0,1.3039478979388008,1.5295895966874207,0.0,1.8786838589550288,0.0,0.0,0.0,0.0,0.8365314633768955,3.508056889097406,0.0,0.0,0.0,0.0,1.4968863907848269,0.0,0.0
2026-01-12 06:00:00,0.0,0.0,0.0,0.0,0.0,0.0,3.8379297298737853,1.0029157162787314,2.5834061106218558,3.1781834660096644,1.5461855134536424,0.0,0.8968790940328081,0.0,0.0,0.4479557307136,4.615467984365802,0.0,1.0943473637375596,0.6561816270741991,3.158298670307116,0.7320623818776977,0.0,1.7670169795065256
2026-01-12 07:00:00,3.1682595693985336,3.5977364164835364,0.0,1.8912237397735332,0.0,1.7430829903462848,1.8437009271035671,1.2094606743108502,0.6160287954739821,2.0331074248863445,1.2056055527550513,3.2247172013619747,0.6385193286216819,1.5445637995119657,2.4652804281644594,1.08927235881706,4.673682617557136,2.364707352978996,0.5168719969772307,0.6561816270741991,3.5227462943217245,2.0158007882112,0.9288834429094149,2.744863142031747
2026-01-12 08:00:00,1.9530813066944341,3.033085974282536,1.3279590934942576,0.644142083939142,1.040674700570152,1.7150481232210464,3.251163885768769,1.6476778831890195,2.7721295796329195,3.4672643921846564,0.8583268435976453,2.099881057867464,1.1519509734010387,0.6719335960704,1.1860420185422544,1.6198467154201757,1.9662098714218494,1.3819615744353224,0.555687763308506,1.5903982529578633,0.7828325098492721,0.4479557307136,3.1512098379059594,2.2973930685581476
2026-01-12 09:00:00,0.704057682088563,0.7994969814407858,1.7326163126918666,1.6717993760524867,2.9587382024168094,2.4921879184448352,1.679839436200239,1.395263415301686,1.7231029532758964,1.7960099806197611,2.1779109873714644,3.010550214849721,0.5189921944251403,1.4153643640636326,1.1860420185422544,1.1353481395711285,1.5471514878351804,3.053359730783545,1.0154962362702666,0.6561816270741991,1.0830093875968896,0.9103715054848918,0.9288834429094149,2.0310846134733933
2026-01-12 10:00:00,0.704057682088563,0.7994969814407858,0.7465928845226667,0.6399367581622858,2.8668749371546514,2.703550439066296,3.8379297298737853,1.1139382581686634,1.147071561675561,2.162611092206111,1.6188076974035142,1.6636843700491633,0.8730671158173473,1.6945886715276028,4.022880834273565,1.3537070346936988,3.0698188651083256,1.9649990988859263,1.1249983277497049,1.9810756459208343,2.876726485802902,0.6172666150281589,2.79185523572909,0.9609354069618621
2026-01-12 11:00:00,1.8154654297347712,2.687468443501874,2.237926459877381,2.7510475720414087,3.4217474295752472,1.8986865221818872,2.266276829709789,1.4807932015431164,1.391354979821317,5.146063098373646,0.4933853441750355,2.8197496943389213,0.5189921944251403,2.5209816634651556,2.7334959497656652,1.4795338117894645,4.105224438087238,0.8383156231037889,0.8916037193420951,1.7162670533579099,1.7163423441962726,1.6194766823425433,2.0171894240875154,2.0140596400680453
2026-01-12 12:00:00,1.137034356846074,0.0,1.5301993261616287,0.0,4.4045390807732305,0.0,0.0,0.0,0.0,0.0,0.0,0.0,0.0,0.0,0.0,1.620118505847657,0.0,0.0,0.0,0.0,0.0,0.7103776322976671,0.0,1.6192805606109408
2026-01-12 13:00:00,1.6303783055936119,2.3495327863203994,1.4817014933432016,2.6770920590249285,2.980666897466685,3.148340617342763,1.3935462643385388,1.9935563287450555,3.6158211908255478,0.0,0.0,1.4213948464554458,1.3490259509283422,0.53754687685632,1.7329558850642413,1.2676860855903385,3.4728682089821796,0.8383156231037889,1.1744965208851927,2.3329406149630905,0.0,0.53754687685632,1.4354045692869202,0.0
2026-01-12 14:00:00,1.4452723505455403,0.888329979378651,1.6855544556545614,1.7798376859017677,0.8351083201980736,0.9828199471226845,2.4962514081181375,0.5237485095699012,3.518555417792951,1.3997797669665752,0.6503715900489103,2.6867888695441504,0.5622415439605687,0.831141484949609,2.204201236942107,0.5842900835394782,3.8302853851145997,2.696168749359241,1.0370957705869384,0.5430468637855441,2.537190220656331,1.42763714267494,1.0266606474261954,0.845363223689258
2026-01-12 15:00:00,1.0254394747538556,1.7467050204424706,1.9170486477517439,1.8053606248733032,2.380227647702499,1.8201980646017153,2.4192419042055975,1.1939755505621317,0.803515820183455,1.82491985457758,1.755136873910928,3.378275163331593,0.5622415439605687,1.8825907418545538,3.3802197528454245,1.786158199007417,1.1988140099873854,2.275212203664372,0.6060668845180197,1.499035732656296,2.886212187965164,1.7744365927566397,1.0266606474261954,2.455128903872285
2026-01-12 16:00:00,0.5632461456708503,2.463057875350587,0.4799525686217143,1.690237856787422,3.3264049767059896,1.6744246114408121,0.9594575810399714,0.4698858005455426,0.803515820183455,6.299008951349589,0.6503715900489103,2.706880853988127,0.8673302326401724,2.4189609458534402,1.0773631950015197,2.3681467250529242,1.1046604265567876,1.2035755778938304,0.7988995101764738,1.3170073507903637,3.0059829026511578,1.6711560574829465,1.1192874322196757,3.2717791947572525
2026-01-12 17:00:00,0.5632461456708503,1.2772186327690942,0.8837852754723192,2.9956998659575835,1.6563737316506268,1.7253167863449879,3.5637918920256575,0.9511962543133754,1.0935904338711147,3.472874220088343,2.1838643833989866,0.7507278140736873,1.6788815625480804,1.5603719387169055,1.4773288122438142,1.6475504414660895,1.2518367190325217,0.8383156231037889,1.0123232706146097,1.2304201702916848,3.4822991086105546,2.4189609458534402,3.5597886352017856,0.7270620432793894
2026-01-12 18:00:00,0.7381380675581823,0.0,1.622636024995352,0.0,2.728222955101488,0.0,3.5637918920256575,1.7879027713808473,2.7043711494374603,2.146165588007681,2.2996231314586195,1.762130475630806,2.182091225342132,1.8724496424644037,2.666690346145929,1.7311602437449156,3.481880013110498,3.346410625125783,0.7312052259325682,0.5430468637855441,2.2613527340683404,2.270911107620841,0.0,0.8364425684227667
2026-01-12 19:00:00,1.7398585315697404,0.0,0.4799525686217143,0.0,0.0,0.0,3.0456461871386793,0.7785074918608836,0.0,0.0,0.0,0.0,0.0,1.242553356395953,2.6522827022603472,0.0,2.1715885267889368,0.0,0.4329674284699296,0.7207943078298489,0.0,0.9598787613078279,0.0,3.2717791947572525
2026-01-12 20:00:00,1.2460345046922676,0.0,0.0,0.0,0.0,0.0,0.0,0.4479557307136,0.0,0.0,0.0,0.0,0.0,0.0,2.0388732504290217,0.0,0.0,0.0,0.5173108671161049,0.0,0.0,0.0,0.0,0.0
2026-01-12 21:00:00,0.0,0.0,0.0,0.0,0.0,0.0,0.0,0.0,0.0,0.0,0.0,0.0,0.0,0.0,0.0,0.0,0.0,0.0,0.0,0.0,0.0,0.0,0.0,0.0
2026-01-12 22:00:00,0.0,0.0,0.0,0.0,0.0,0.0,0.0,0.0,0.0,0.0,0.0,0.0,0.0,0.0,0.0,0.0,0.0,0.0,0.0,0.0,0.0,0.0,0.0,0.0
2026-01-12 23:00:00,0.0,0.0,0.0,0.0,0.0,0.0,0.0,0.0,0.0,0.0,0.0,0.0,0.0,0.0,0.0,0.0,0.0,0.0,0.0,0.0,0.0,0.0,0.0,0.0
2026-01-13 00:00:00,0.0,0.0,0.0,0.0,0.0,0.0,0.0,0.0,0.0,0.0,0.0,0.0,0.0,0.0,0.0,0.0,0.0,0.0,0.0,0.0,0.0,0.0,0.0,0.0
2026-01-13 01:00:00,0.0,0.0,0.0,0.0,0.0,0.0,0.0,0.0,0.0,0.0,0.0,0.0,0.0,0.0,0.0,0.0,0.0,0.0,0.0,0.0,0.0,0.0,0.0,0.0
2026-01-13 02:00:00,0.0,0.0,0.0,0.0,0.0,0.0,0.0,0.0,0.0,0.0,0.0,0.0,0.0,0.0,0.0,0.0,0.0,0.0,0.0,0.0,0.0,0.0,0.0,0.0
2026-01-13 03:00:00,0.0,0.0,0.0,0.0,0.0,0.0,0.0,0.0,0.0,0.0,0.0,0.0,0.0,0.0,0.0,0.0,0.0,0.0,0.0,0.0,0.9728871708134982,0.0,0.0,0.0
2026-01-13 04:00:00,0.0,0.0,0.0,0.0,0.0,0.0,0.0,0.0,0.0,0.0,0.0,0.0,0.0,0.0,0.0,0.0,0.0,0.0,0.0,0.0,0.4971945152370334,0.0,0.0,0.0
2026-01-13 05:00:00,1.3057627029310908,0.0,2.931802477645992,0.0,0.0,0.0,0.0,0.0,0.0,2.0934314813793105,0.0,0.0,0.0,0.0,0.0,0.0,0.0,0.0,0.0,0.0,1.1255868504809297,0.0,0.0,0.0
2026-01-13 06:00:00,0.6530593425677172,1.00900846950604,1.5064357133826087,2.702713115662058,1.4955921481500145,0.0,0.0,0.0,2.0081593362306647,1.6966702711029285,1.5906356293916635,0.0,0.0,1.5146242731514037,0.0,0.0,0.0,0.0,0.0,0.8067957997128349,0.7127985917662713,0.8581865617597049,0.0,0.0
2026-01-13 07:00:00,1.5728148941478581,2.780116134498558,2.6836526014166204,2.910067927718934,1.9944245102605984,1.5747190168204457,0.7718068313876904,0.7118729525029841,1.5035616730312262,1.280200673680907,2.2222468325214826,2.3303850719883465,1.9976580325265036,1.1120925960014243,5.048608016712274,1.0776810789459466,1.5383748713131231,3.4857507711291897,0.56212512,2.3109025274186696,1.1682097677673124,1.4898366611190812,1.0759651550552607,2.0117732764013927
2026-01-13 08:00:00,1.7537718463931533,2.0251006588191816,1.8916754583641184,0.7271092312982876,2.339371632452889,0.8273173951889886,0.7718068313876904,3.2034282862634282,1.1001769651067832,0.758786185978022,2.805319897290044,3.3089105824122336,3.4588597905000213,1.4472099675756611,4.379591165039505,2.5213121126270326,0.9116285420517893,3.5260463393141177,0.7150732183763941,1.7615948603192857,1.4683581259190162,2.4594632542055095,1.1316668851908467,2.184167855851364
2026-01-13 09:00:00,2.2193339780500585,1.2336307872732883,2.4426762051004034,2.173201790272333,3.1800360480273757,1.7832539958971865,1.5498247987203624,0.9655201760725569,1.8381600363578794,1.7940773985869072,2.5839350697324956,3.1756932994240725,1.1600175608986703,0.7714048595276323,2.036456128324755,2.074116265786216,2.1756674074380333,1.4793553114049074,0.56212512,1.1398179980894836,2.2373753185666505,1.4489978395988334,1.0409605675573492,2.8908752726659266
2026-01-13 10:00:00,2.1932604885123674,0.6709106718134488,1.5235586031996482,1.7905548540382765,0.7115950061768406,2.207100493355467,2.3900950093965694,3.0516758748038195,1.7451374063144698,1.0518939364869755,2.10976502878571,3.753164791999749,1.9994365299040011,0.6259895179637567,1.8212498549038258,1.7358584986228045,1.611479974743997,2.7114699617905065,1.3262542973688658,2.254066237211153,1.2853830071533359,1.8895430354648133,2.297852990736779,2.7760376618483384
2026-01-13 11:00:00,0.6530593425677172,3.019098023160519,0.6515116616991093,0.9934581376737365,3.034536504871552,1.879302957782623,0.7718068313876904,1.9939668252032148,0.5396401152,0.46520699586206904,4.419060559162625,2.064880267795602,3.0964854264848434,1.8911800888016586,3.3743847953804575,2.305801803379382,1.8761505744540568,2.0789391480800994,0.56212512,0.5188847261538462,1.7182231855655798,0.6532336081149149,3.0354756480000002,1.3871722304111618
2026-01-13 12:00:00,0.0,0.0,0.0,0.0,3.202177527795782,0.0,0.7718068313876904,0.0,1.9185583351443345,0.0,0.0,0.0,0.0,1.431533303481371,0.0,2.550955002883235,0.0,0.0,1.145939644642958,0.0,0.0,0.0,0.0,3.8460629852208363
2026-01-13 13:00:00,0.9469360467231901,0.0,0.9389229804065141,1.4924902598352157,4.353610113362197,0.7897120590440344,1.023549576307437,0.0,0.984660546406535,2.0806378979660565,3.105961655496496,2.1338859658178984,0.9451994940655831,0.0,2.4514702626698655,1.1268283678680364,0.5500803027636807,2.8067848036436547,1.3914855995053197,0.46520699586206904,0.0,0.6009749194657217,0.0,3.4166466459693483
2026-01-13 14:00:00,2.4838351624086754,2.4807057357318785,1.8478064046551284,2.287508479241874,3.0471650773306997,1.8984285364505247,1.2921925900054887,1.933792887585648,2.7417396576255495,0.5188847261538462,3.6230448262397474,0.6557073640769666,1.8228735384258012,0.4932038626381114,3.7460054742338507,0.8628617403508065,0.8418099246867883,1.1458389240853424,1.6562439649267728,0.6653250713405329,3.0531160322032975,0.7625371722625457,1.694470788753652,3.6922204658120026
2026-01-13 15:00:00,2.4822203365120803,0.7987031807302961,0.9262834739340416,1.0191754956384445,1.5525320092734087,2.165396483586588,1.3003374844200573,1.5740133658661761,0.9236961057374623,1.9070343846244784,1.5736681075924888,1.378340350011666,1.2632154351062335,2.219417381871501,2.2105413564100806,1.2314889659669916,0.8764526941547097,0.8213653884725727,1.4787169407816598,1.155028137853338,2.358527428160354,0.6009749194657217,1.6441815086231268,3.6377756919090074
2026-01-13 16:00:00,2.4838512149328698,2.6526511109922075,1.4040160955664513,0.9569621086860595,4.422054681241794,2.275807035890402,2.1084969218890075,0.7442308139803924,3.0354756480000002,1.8503765124308509,1.9406581326166152,2.3401882740040962,2.793540137148644,1.4685482406787027,0.9349274105022729,1.7968531241067494,0.829035558454238,2.923046748588066,1.6154250387539244,0.46520699586206904,3.5276700684976903,2.19554138951537,0.6132274036363636,2.2406467921246027
2026-01-13 17:00:00,4.261212210254355,0.7987031807302961,0.7213164825954423,1.2687487434718066,2.564282473237612,1.2356123385789533,1.6934327809291847,0.7442308139803924,0.6745501440000001,0.9936337049320862,2.7043823334523904,1.7581255065494645,4.253397723295124,0.5507265505490879,4.207173347260228,2.599565877442423,2.0602365829061275,1.4691913574669626,2.759523316363637,0.5946031126196696,4.0272755734199706,2.027900645781907,2.2007145415161973,0.8204934368471117
2026-01-13 18:00:00,0.0,0.7987031807302961,0.7213164825954423,1.5271112092183494,0.0,3.4383513872652136,1.944880731464097,3.0056742234300633,0.0,1.4377614386000912,5.0503549247572845,0.9114048941546925,2.088444597993452,2.0966793245982247,0.9349274105022729,1.278336876876028,1.7065141164047033,3.2898982433369803,0.6132274036363636,0.9653507547243992,3.8354936651915885,1.2962722301027518,1.344523725314978,2.2306219878714537
2026-01-13 19:00:00,0.0,0.0,2.0582408386318,1.9758000540563865,0.0,0.0,2.099614989824348,0.0,0.0,1.9557650744858137,0.0,0.0,0.9451994940655831,0.4932038626381114,0.0,0.0,1.0918560614591508,0.0,0.0,1.4509594737574336,0.0,0.0,0.0,0.0
2026-01-13 20:00:00,0.0,0.0,0.0,0.0,0.0,0.0,0.0,0.0,0.0,0.0,0.0,0.0,0.0,0.6109424322075836,0.0,0.0,0.0,0.0,0.0,0.0,0.0,0.0,0.0,0.0
2026-01-13 21:00:00,0.0,0.0,0.0,0.0,0.0,0.0,0.0,0.0,0.0,0.0,0.0,0.0,0.0,1.5681723037465924,0.0,0.0,0.0,0.0,0.0,0.0,0.0,0.0,0.0,0.0
2026-01-13 22:00:00,0.0,0.0,0.0,0.0,0.0,0.0,0.0,0.0,0.0,0.0,0.0,0.0,0.0,0.0,0.0,0.0,0.0,0.0,0.0,0.0,0.0,0.0,0.0,0.0
2026-01-13 23:00:00,0.0,0.0,0.0,0.0,0.0,0.0,0.0,0.0,0.0,0.0,0.0,0.0,0.0,0.0,0.0,0.0,0.0,0.0,0.0,0.0,0.0,0.0,0.0,0.0
2026-01-14 00:00:00,0.0,0.0,0.0,0.0,0.0,0.0,0.0,0.0,0.0,0.0,0.0,0.0,0.0,0.0,0.0,0.0,0.0,0.0,0.0,0.0,0.0,0.0,0.0,0.0
2026-01-14 01:00:00,0.0,0.0,0.0,0.0,0.0,0.0,0.0,0.0,0.0,0.0,0.0,0.0,0.0,0.0,0.0,0.0,0.0,0.0,0.0,0.0,0.0,0.0,0.0,0.0
2026-01-14 02:00:00,0.0,0.0,0.0,0.0,0.0,0.0,0.0,0.0,0.0,0.0,0.0,0.0,0.0,0.0,0.0,0.0,0.0,0.0,0.0,0.0,0.0,0.0,0.0,0.0
2026-01-14 03:00:00,0.0,0.0,0.0,0.0,0.0,0.0,0.0,0.0,0.0,0.0,0.0,0.0,0.0,0.0,0.0,0.0,0.0,0.0,0.0,0.0,0.0,0.0,0.0,0.0
2026-01-14 04:00:00,0.0,0.0,0.0,0.0,0.0,0.0,0.0,0.0,0.0,0.0,0.0,0.0,0.0,0.0,0.0,0.0,0.0,0.0,0.0,0.0,0.0,0.0,0.0,0.0
2026-01-14 05:00:00,0.0,0.0,0.0,0.0,0.8806112029012447,1.982273106576532,0.0,0.0,0.0,0.0,0.0,0.0,0.0,0.0,0.0,2.7468403293722017,0.7222880395859413,0.0,0.0,0.0,0.0,0.0,0.0,0.0
2026-01-14 06:00:00,0.0,0.0,0.6211540990329781,0.6435973776742019,1.8505464679855852,0.8238274562209247,0.0,0.0,0.0,2.4386025626058125,0.0,0.0,1.084494557139239,1.2791115148233363,1.4843143516062847,2.3276121819980786,0.6775418763315525,0.0,0.0,3.5316510645757115,0.0,2.9862175561514537,1.7497234130678514,0.0
2026-01-14 07:00:00,2.1077867180795518,0.0,1.0743016379187882,2.8961881995339085,0.5315986577716251,1.833313809652291,0.8486406843333861,1.418084321691185,2.431009149697525,1.2730109541425119,1.6324298684509817,3.6342576436036107,1.1418924634463252,1.042890617515997,1.1104205035672023,1.7474187559385974,0.489988888888889,0.7392860722884849,0.0,2.8731128244411046,0.0,0.9734431901825356,1.2823923885797697,0.0
2026-01-14 08:00:00,0.7130553854766769,1.7663033886129533,1.8022557686739478,2.1571772093476844,1.9184496830585687,2.4893154100415575,1.9414005793496196,2.3200699102163096,2.6759721840166586,2.48056875,2.6680138916980125,3.5394068180823774,0.6361201271814855,2.2602365398204074,0.6587076226885593,0.6366349752985614,1.5544737467840444,0.7392860722884849,1.153469430536343,3.010906482024536,5.913894254050013,2.317766682856289,1.470934426278051,2.8542605388004665
2026-01-14 09:00:00,1.138565911433451,4.119060734640434,1.728474364171188,0.8407963106476295,0.6550478977631802,2.3190245054982466,2.8231591881469265,1.1323267182727743,0.8640100382208855,1.579170106391347,2.1110483197861907,1.297294536833819,2.5626848757696172,1.0294116369668538,1.113521071511487,1.6012219167426427,1.5902835719492132,0.7392860722884849,4.200314874458968,2.603585968972641,2.7402004621830676,0.9516924762421962,2.0106626733844095,0.976409277937893
2026-01-14 10:00:00,0.8966519999534436,2.4033282744389894,1.3523602891175746,2.135630933793007,1.8161731426601178,1.1095883816106005,1.6438167777612764,2.9626630072436706,2.0505376896291474,2.302925616901501,1.905811045597907,1.9282783360728362,1.588109020012678,2.076583016628585,2.2682104560401712,2.2449191472128196,1.674077211083911,0.7392860722884849,1.153469430536343,0.8030400417384996,3.535328795858403,1.7297842546864934,2.5119290855758063,1.5040971321764562
2026-01-14 11:00:00,1.448756126683455,1.0666286585965654,2.145415811109509,1.0315459369113162,2.126201785714286,1.1448141972355974,0.8486406843333861,1.5844103712420987,1.2690347531721424,2.449254711540735,2.391871021447288,2.334874660098403,1.4338239907445098,0.8553441659943389,1.4988232533517658,2.16303102205856,2.20495,2.2307406048639153,2.5336099031402286,2.1918206513639245,3.944766821004004,4.226603167741479,1.1616836409117945,4.1449503123536555
2026-01-14 12:00:00,3.2087492346450457,2.537013970310233,2.2838927652703562,0.0,0.0,2.197629188792144,0.0,0.0,1.9260859650224298,0.0,1.6465589261960711,2.5870993204940214,1.999131096033054,0.0,0.0,1.2434732318096053,0.0,0.7392860722884849,0.0,0.8030400417384996,3.235639337920078,0.0,0.0,0.0
2026-01-14 13:00:00,0.0,1.1685828938690777,0.0,2.0526145078383635,1.7807754686725155,0.0,0.0,2.3242052141400014,3.495293363122164,1.9189830806602948,0.6842166689576232,2.0275245282393173,0.0,1.6218129955692175,0.6666488315315657,0.0,0.0,1.8062813865160843,1.0381224874827086,0.0,2.6217030156777614,1.0583940083210026,2.4117799620227465,0.0
2026-01-14 14:00:00,0.6307797640755218,1.1679719207487704,1.0267040981540985,1.3186037481937836,0.7967758041849615,5.653712795298672,2.248884208467703,0.5348520751303892,2.7384845113400873,1.4846377506965274,0.6842166689576232,0.7956097622575342,2.1661568172684187,0.7983002848737808,2.4685712436317977,0.8392006492571946,1.5339578243756522,0.963500138873212,1.6271900150369363,0.8030400417384996,3.2360171759494487,2.0194110391447397,0.7526909868386378,1.5058224402839138
2026-01-14 15:00:00,1.8019770379611435,3.2146451552873434,1.6885918547668253,1.3231167194145474,0.4724892857142858,5.654511656687257,1.0608008554167327,1.955263831983974,3.8880451719939844,0.937712625070049,1.2125391697054613,0.995491498372946,1.7880107466204709,1.3012180100150978,1.5080905789848222,1.8554757355115115,2.2320206883083085,1.8060094512400156,1.8882792402701774,1.084126248186131,1.7922711229328412,4.282616143089883,2.0622944945265007,1.6053081443838786
2026-01-14 16:00:00,0.6307797640755218,1.916696207027813,3.5938201444050883,1.982966677574429,1.0994044684158135,5.654511656687257,1.0608008554167327,1.3983088043185663,2.355914053040109,2.1050407434689977,1.8295035258742307,2.284390518836555,2.077694293597092,2.238564056295181,2.2354201078720353,1.3339382402770659,4.252403571428572,0.8434599117717981,4.3807687517163725,1.2929114764303122,3.0648467914989235,2.186978200227617,0.7526909868386378,2.0947220961688893
2026-01-14 17:00:00,0.8047570251613535,1.5394762110806577,1.4221403785716507,1.3137405459062566,0.8381235658485083,1.2565581459305015,1.9488716766023597,1.9555455047442887,3.6475496708991204,1.1910336390805227,3.0789750103093043,1.0910878394752601,2.1259762461601475,2.24834123262037,0.8735486648383096,2.277709898784004,0.0,1.995557641411087,4.013448463022939,2.941191250291698,2.7429524387207995,4.282616143089883,1.2988419489573262,1.1517273082045791
2026-01-14 18:00:00,2.148699267905391,1.1462860699959194,2.716548719477175,1.3678248264130244,2.0766968829736325,0.0,0.0,1.2715819303317468,3.8499627684950837,1.6895279846148583,2.3271293488247307,1.7667202689622075,2.4129641939980395,2.7612877546498193,2.0889319893069107,2.517997612342821,0.0,2.1548874120517736,0.0,0.8030400417384996,3.7765619626277234,2.4041675662928994,1.7058130608081872,2.3315828368021903
2026-01-14 19:00:00,1.266443167681937,0.0,0.0,0.0,0.5755808374647275,0.0,0.0,1.7007308567611497,0.0,0.9023635905239709,1.4048830340096388,0.7218388480602815,0.0,1.7629222465008905,1.7644534479436431,0.0,0.0,1.0771866927807956,0.0,2.7778420067967136,0.0,0.0,0.0,0.0
2026-01-14 20:00:00,0.0,0.0,0.0,0.0,0.0,0.0,0.0,1.8574330079114143,0.0,0.0,0.0,2.1608208865201335,0.0,0.0,0.0,0.0,0.0,0.0,0.0,0.0,0.0,0.0,0.0,0.0
2026-01-14 21:00:00,0.0,0.0,0.0,0.0,0.0,0.0,0.0,0.0,0.0,0.0,0.0,0.5076423375192346,0.0,0.0,0.0,0.0,0.0,0.0,0.0,0.0,0.0,0.0,0.0,0.0
2026-01-14 22:00:00,0.0,0.0,0.0,0.0,0.0,0.0,0.0,0.0,0.0,0.0,0.0,0.0,0.0,0.0,0.0,0.0,0.0,0.0,0.0,0.0,0.0,0.0,0.0,0.0
2026-01-14 23:00:00,0.0,0.0,0.0,0.0,0.0,0.0,0.0,0.0,0.0,0.0,0.0,0.0,0.0,0.0,0.0,0.0,0.0,0.0,0.0,0.0,0.0,0.0,0.0,0.0
