date,Consumption_km_Vehicle_0,Consumption_km_Vehicle_1,Consumption_km_Vehicle_10,Consumption_km_Vehicle_11,Consumption_km_Vehicle_12,Consumption_km_Vehicle_13,Consumption_km_Vehicle_2,Consumption_km_Vehicle_3,Consumption_km_Vehicle_4,Consumption_km_Vehicle_5,Consumption_km_Vehicle_6,Consumption_km_Vehicle_7,Consumption_km_Vehicle_8,Consumption_km_Vehicle_9
2026-01-01 00:00:00,0.0,0.0,0.0,0.0,0.0,0.0,0.0,0.0,0.0,0.0,0.0,0.0,0.0,0.0
2026-01-01 01:00:00,0.0,0.0,0.0,0.0,0.0,0.0,0.0,0.0,0.0,0.0,0.0,0.0,0.0,0.0
2026-01-01 02:00:00,0.0,0.0,0.0,0.0,0.0,0.0,0.0,0.0,0.0,0.0,0.0,0.0,0.0,0.0
2026-01-01 03:00:00,0.0,0.0,0.0,0.0,0.0,0.0,0.0,0.0,0.0,0.0,0.0,0.0,0.0,0.0
2026-01-01 04:00:00,0.0,0.0,0.0,0.0,0.0,0.0,0.0,0.0,0.0,0.0,0.0,0.0,0.0,0.0
2026-01-01 05:00:00,0.0,0.0,0.3760717541161335,0.0,0.0,0.0,0.0,0.2762564866496924,0.0,0.0,0.0,0.0,0.0,0.0
2026-01-01 06:00:00,0.0,0.2778963561163211,0.27993064608541485,0.5098397753088001,0.35200895265179466,0.17076382293902673,0.0,0.4081926704313758,0.0,0.0,0.11329772784640002,0.0,0.38106285396024403,0.0
2026-01-01 07:00:00,0.18132202962994293,0.2872357476311865,0.3884897018745717,0.3236349036764952,0.3992335983680231,0.1248467729952085,0.314524688049661,0.40294998253587383,0.4024769939439048,0.27611755025855655,0.39152077072828473,0.0,0.15301793007212552,0.3137927339524312
2026-01-01 08:00:00,0.4617591079287514,0.11329772784640002,0.20090524774732252,0.30004075815175796,0.5098397753088001,0.2596032043622736,0.18853535877342337,0.28315245200976696,0.23877763672538124,0.11329772784640002,0.486572320729123,0.37296498882707424,0.19504634513894925,0.11329772784640002
2026-01-01 09:00:00,0.33621649159398637,0.19978018085785545,0.4042973399991503,0.5098397753088001,0.3169172589864358,0.14858468893692475,0.3274022629087974,0.11329772784640002,0.2808162622478103,0.12188491635133183,0.25171861765608256,0.12560610415197265,0.14533725915757137,0.47914562756676354
2026-01-01 10:00:00,0.14492676711546645,0.263272644286211,0.3989322538958901,0.11329772784640002,0.5098397753088001,0.11329772784640002,0.378837483016223,0.11329772784640002,0.11329772784640002,0.28022185336880195,0.11329772784640002,0.5052088170420235,0.25122454749634415,0.23574855612797946
2026-01-01 11:00:00,0.30143930698148635,0.11329772784640002,0.3109939197880486,0.2680162762455552,0.42509620064030484,0.1826048394588367,0.5098397753088001,0.33820550652185255,0.3076803262132528,0.3659388563796279,0.3948885794874132,0.40037365884276815,0.4005076485668806,0.36806249487121306
2026-01-01 12:00:00,0.0,0.0,0.30473467534822646,0.24813893816935761,0.0,0.0,0.18722384961133828,0.0,0.23202282967855664,0.333222522098516,0.0,0.24018455866504754,0.3264654452206829,0.18876039219072088
2026-01-01 13:00:00,0.0,0.12363210348957233,0.0,0.478976069159508,0.4458016489633801,0.369479153036637,0.0,0.3767364248955787,0.3010361197336436,0.0,0.3270724786219784,0.5098397753088001,0.21900683171467564,0.3994069906820106
2026-01-01 14:00:00,0.14586344317720742,0.28198911982367236,0.45494598168632633,0.31178094793651534,0.26586401943762944,0.5098397753088001,0.11329772784640002,0.3252100902129575,0.3459915929508314,0.32310273389849575,0.31460005627561144,0.29961368810245764,0.351804661721142,0.21256872658068623
2026-01-01 15:00:00,0.14550587974757365,0.11329772784640002,0.2817213082399442,0.5098397753088001,0.3250736943635042,0.3303287970466721,0.11329772784640002,0.13273576302178053,0.14744726536017658,0.11329772784640002,0.4515287095617857,0.4099473554987759,0.2383853248926722,0.5098397753088001
2026-01-01 16:00:00,0.25495144114951296,0.13849212988735507,0.30373541185493935,0.42907739815457424,0.1948316766209387,0.3721271188219774,0.24469693396095243,0.28933844505220435,0.11329772784640002,0.18275450738894905,0.5098397753088001,0.3333311008842978,0.28476117747923607,0.2965218248002336
2026-01-01 17:00:00,0.11329772784640002,0.16402024701677068,0.2992952122707506,0.22740172603448267,0.2556000478982244,0.45228608829041017,0.3469575222496172,0.4897189859439511,0.435814053023606,0.1412610470652581,0.12478100520435907,0.18101395703231685,0.3681728299657551,0.3299489561060313
2026-01-01 18:00:00,0.11329772784640002,0.3994816189172547,0.30113901679403393,0.39752748439752483,0.26178836097416647,0.3547512457552417,0.2521347744133576,0.2054357696851049,0.23437862863598485,0.3575078699090386,0.12834233189711888,0.11329772784640002,0.11329772784640002,0.3067463848455653
2026-01-01 19:00:00,0.13057308470305015,0.3524669297602824,0.0,0.11329772784640002,0.0,0.0,0.11329772784640002,0.0,0.4429858213025618,0.11329772784640002,0.0,0.0,0.29672057460555207,0.5098397753088001
2026-01-01 20:00:00,0.11329772784640002,0.0,0.0,0.0,0.0,0.0,0.0,0.0,0.0,0.30268500459106945,0.0,0.0,0.4668754264108724,0.0
2026-01-01 21:00:00,0.0,0.0,0.0,0.0,0.0,0.0,0.0,0.0,0.0,0.0,0.0,0.0,0.0,0.0
2026-01-01 22:00:00,0.0,0.0,0.0,0.0,0.0,0.0,0.0,0.0,0.0,0.0,0.0,0.0,0.0,0.0
2026-01-01 23:00:00,0.0,0.0,0.0,0.0,0.0,0.0,0.0,0.0,0.0,0.0,0.0,0.0,0.0,0.0
2026-01-02 00:00:00,0.0,0.0,0.0,0.0,0.0,0.0,0.0,0.0,0.0,0.0,0.0,0.0,0.0,0.0
2026-01-02 01:00:00,0.0,0.0,0.0,0.0,0.0,0.0,0.0,0.0,0.0,0.0,0.0,0.0,0.0,0.0
2026-01-02 02:00:00,0.0,0.0,0.0,0.0,0.0,0.0,0.0,0.0,0.0,0.0,0.0,0.0,0.0,0.0
2026-01-02 03:00:00,0.0,0.0,0.0,0.0,0.0,0.0,0.0,0.0,0.0,0.0,0.0,0.0,0.0,0.0
2026-01-02 04:00:00,0.0,0.0,0.0,0.0,0.0,0.0,0.0,0.0,0.0,0.0,0.0,0.0,0.0,0.0
2026-01-02 05:00:00,0.0,0.21862165894553443,0.5546655180000001,0.4720417385983013,0.0,0.0,0.0,0.0,0.0,0.123259004,0.0,0.0,0.0,0.0
2026-01-02 06:00:00,0.0,0.4153378647617373,0.4867179706462685,0.27842840987081763,0.0,0.21578824528925494,0.0,0.35621621415507676,0.0,0.18944704942458143,0.0,0.23155370464010977,0.0,0.15870683952834272
2026-01-02 07:00:00,0.24801880955862732,0.1442233649117268,0.123259004,0.48295660341666014,0.0,0.33240848959274183,0.0,0.12555580268127986,0.123259004,0.123259004,0.123259004,0.42659253293758426,0.0,0.5374859204465118
2026-01-02 08:00:00,0.123259004,0.26619366919199366,0.26822872759840605,0.123259004,0.25744142426846406,0.5546655180000001,0.4515984956160431,0.46499455214635865,0.2976723465222429,0.123259004,0.123259004,0.5546655180000001,0.35076327134912466,0.4038015786094431
2026-01-02 09:00:00,0.14506568882699977,0.32037850265432644,0.12954826384057064,0.42825312089696516,0.433378190049563,0.2961239650869208,0.123259004,0.266250714043099,0.4071308952609943,0.123259004,0.1985663257165701,0.3607396551211618,0.35050266637519867,0.5546655180000001
2026-01-02 10:00:00,0.2553198515027284,0.5546655180000001,0.5228034571488988,0.2728337273595737,0.18327839334681506,0.2620907757004022,0.123259004,0.123259004,0.23773649810342462,0.2940172220723605,0.3355617757512303,0.3658338089204044,0.123259004,0.123259004
2026-01-02 11:00:00,0.123259004,0.35864503161150485,0.5546655180000001,0.1818889688232095,0.5139952879119015,0.2574852958119885,0.3772218829528132,0.123259004,0.22739770068104376,0.15182815182972217,0.30798839490145097,0.5234997240120254,0.42389570901631474,0.35202427202087766
2026-01-02 12:00:00,0.0,0.0,0.0,0.0,0.0,0.0,0.0,0.3468118896936589,0.0,0.0,0.0,0.0,0.0,0.0
2026-01-02 13:00:00,0.2998679309203736,0.24011468342435865,0.5546655180000001,0.2634980077823136,0.35781945243703683,0.4790353587058629,0.0,0.0,0.38870415169368494,0.0,0.0,0.0,0.0,0.125645106443468
2026-01-02 14:00:00,0.13560070475735456,0.123259004,0.2729235595106146,0.20275963555812465,0.123259004,0.19009254046960847,0.123259004,0.3298299271883002,0.123259004,0.3267416790262695,0.26185058995630844,0.2754904640247682,0.5546655180000001,0.40690632047716874
2026-01-02 15:00:00,0.18758024001597676,0.465974738041223,0.28445628647730165,0.13755970855255803,0.3937541725246486,0.5546655180000001,0.5546655180000001,0.43492997916405823,0.13994922432327908,0.3163254206617551,0.123259004,0.5172297666797387,0.22836286004486891,0.123259004
2026-01-02 16:00:00,0.13542102838727277,0.5546655180000001,0.2802688504798926,0.123259004,0.29181043621172925,0.123259004,0.1408544571031584,0.123259004,0.123259004,0.3712283253584614,0.5366931631786621,0.19802528569348962,0.3305204365170209,0.35874948589750194
2026-01-02 17:00:00,0.5483003887495275,0.123259004,0.30087154647954223,0.34980070221906234,0.2842682168047356,0.4853336902191683,0.234845756567357,0.123259004,0.13455518122850738,0.123259004,0.123259004,0.21729546599784702,0.30859515563929846,0.3532237369752885
2026-01-02 18:00:00,0.23438639931758204,0.44385999503130524,0.17042551288001606,0.123259004,0.0,0.0,0.27006603120524025,0.34357456230565453,0.3643808769076376,0.0,0.123259004,0.20937681418978968,0.31480937036886825,0.185689139577912
2026-01-02 19:00:00,0.123259004,0.123259004,0.0,0.19748640942207618,0.0,0.0,0.0,0.276170239741575,0.0,0.0,0.0,0.0,0.45453905112012166,0.0
2026-01-02 20:00:00,0.37504926860416055,0.20042271281742202,0.0,0.0,0.0,0.0,0.0,0.0,0.0,0.0,0.0,0.0,0.3763980611246265,0.0
2026-01-02 21:00:00,0.0,0.0,0.0,0.0,0.0,0.0,0.0,0.0,0.0,0.0,0.0,0.0,0.0,0.0
2026-01-02 22:00:00,0.0,0.0,0.0,0.0,0.0,0.0,0.0,0.0,0.0,0.0,0.0,0.0,0.0,0.0
2026-01-02 23:00:00,0.0,0.0,0.0,0.0,0.0,0.0,0.0,0.0,0.0,0.0,0.0,0.0,0.0,0.0
2026-01-03 00:00:00,0.0,0.0,0.0,0.0,0.0,0.0,0.0,0.0,0.0,0.0,0.0,0.0,0.0,0.0
2026-01-03 01:00:00,0.0,0.0,0.0,0.0,0.0,0.0,0.0,0.0,0.0,0.0,0.0,0.0,0.0,0.0
2026-01-03 02:00:00,0.0,0.0,0.0,0.0,0.0,0.0,0.0,0.0,0.0,0.0,0.0,0.0,0.0,0.0
2026-01-03 03:00:00,0.0,0.0,0.0,0.0,0.0,0.0,0.0,0.0,0.0,0.0,0.0,0.0,0.0,0.0
2026-01-03 04:00:00,0.0,0.0,0.0,0.0,0.0,0.0,0.0,0.0,0.0,0.0,0.0,0.0,0.0,0.0
2026-01-03 05:00:00,0.0,0.0,0.0,0.0,0.0,0.0,0.0,0.0,0.0,0.0,0.0,0.0,0.0,0.0
2026-01-03 06:00:00,0.0,0.0,0.0,0.0,0.0,0.0,0.0,0.0,0.0,0.0,0.0,0.0,0.0,0.0
2026-01-03 07:00:00,0.0,0.0,0.0,0.0,0.0,0.0,0.0,0.0,0.0,0.0,0.0,0.0,0.0,0.0
2026-01-03 08:00:00,0.35401038215967096,0.0,0.0,0.5073466641995336,0.0,0.0,0.0,0.0,0.0,0.0,0.0,0.0,0.0,0.0
2026-01-03 09:00:00,0.260419206743887,0.3069326209428689,0.0,0.4431074320345597,0.0,0.0,0.19292608890857377,0.0,0.0,0.1209049010004,0.34105946147968,0.0,0.0,0.45429655840622374
2026-01-03 10:00:00,0.21305137367920043,0.4255279580725677,0.3523719914144277,0.4235994558013547,0.378880067783345,0.3626764612742851,0.1209049010004,0.1209049010004,0.1209049010004,0.3233003830722629,0.48840015117819097,0.1209049010004,0.0,0.4418027502111681
2026-01-03 11:00:00,0.18244470434997215,0.3083316627225626,0.16923415538242784,0.26001779756981763,0.2002744345252298,0.20173999657606853,0.35738877540280484,0.22740006068416024,0.3032869410232855,0.3775770531381256,0.4919292794270645,0.34476406436366563,0.218586372127148,0.40647778381932853
2026-01-03 12:00:00,0.0,0.32979719556246456,0.0,0.4372660778706986,0.0,0.46253716873553313,0.0,0.1209049010004,0.0,0.1209049010004,0.0,0.0,0.1597194675767162,0.0
2026-01-03 13:00:00,0.1209049010004,0.5440720545018,0.3313236850185174,0.0,0.35171528421973763,0.0,0.0,0.1209049010004,0.0,0.25139300261383446,0.522244768936398,0.24642950528745364,0.0,0.0
2026-01-03 14:00:00,0.1209049010004,0.281378441630799,0.4473593788393475,0.4603713089275262,0.15299016810569416,0.43661349918052905,0.1209049010004,0.25381600505989965,0.1209049010004,0.1209049010004,0.1313816701724897,0.4986306860380059,0.23001249059534828,0.17983442626823906
2026-01-03 15:00:00,0.15611580289598767,0.1594388824312772,0.3757378532476181,0.1451845236032081,0.4528175942431098,0.12422413021296275,0.21512738556188837,0.5440720545018,0.1209049010004,0.1570156691303204,0.1209049010004,0.5440720545018,0.40808631088800945,0.31498255833591665
2026-01-03 16:00:00,0.4065997772358954,0.1209049010004,0.5440720545018,0.5440720545018,0.48460741013058856,0.3599129757724807,0.40940462217799906,0.1209049010004,0.188207845676552,0.37334090993019864,0.25134600301299664,0.36001740199653715,0.5227517934751211,0.34735943718634016
2026-01-03 17:00:00,0.2888465195809732,0.16239113921972814,0.4239161942306908,0.5440720545018,0.40358825968892775,0.28084514563869156,0.3674497931822927,0.28900237178278737,0.24244541025219335,0.1209049010004,0.4217581289808201,0.39214925260117306,0.3000662792622078,0.475348815422422
2026-01-03 18:00:00,0.1209049010004,0.1209049010004,0.1297344560234731,0.1422679647742269,0.42054509084721164,0.2171738323675346,0.15501675109772114,0.14528732673818773,0.1209049010004,0.3497867301031063,0.3199862875430076,0.1209049010004,0.1209049010004,0.41773572345290816
2026-01-03 19:00:00,0.0,0.0,0.0,0.2514536435988981,0.0,0.0,0.2110740325612864,0.0,0.0,0.0,0.45936759906826913,0.0,0.0,0.18907222580504898
2026-01-03 20:00:00,0.0,0.0,0.0,0.0,0.0,0.0,0.0,0.0,0.0,0.0,0.0,0.0,0.0,0.0
2026-01-03 21:00:00,0.0,0.0,0.0,0.0,0.0,0.0,0.0,0.0,0.0,0.0,0.0,0.0,0.0,0.0
2026-01-03 22:00:00,0.0,0.0,0.0,0.0,0.0,0.0,0.0,0.0,0.0,0.0,0.0,0.0,0.0,0.0
2026-01-03 23:00:00,0.0,0.0,0.0,0.0,0.0,0.0,0.0,0.0,0.0,0.0,0.0,0.0,0.0,0.0
2026-01-04 00:00:00,0.0,0.0,0.0,0.0,0.0,0.0,0.0,0.0,0.0,0.0,0.0,0.0,0.0,0.0
2026-01-04 01:00:00,0.0,0.0,0.0,0.0,0.0,0.0,0.0,0.0,0.0,0.0,0.0,0.0,0.0,0.0
2026-01-04 02:00:00,0.0,0.0,0.0,0.0,0.0,0.0,0.0,0.0,0.0,0.0,0.0,0.0,0.0,0.0
2026-01-04 03:00:00,0.0,0.0,0.0,0.0,0.0,0.0,0.0,0.0,0.0,0.0,0.0,0.0,0.0,0.0
2026-01-04 04:00:00,0.0,0.0,0.0,0.0,0.0,0.0,0.0,0.0,0.0,0.0,0.0,0.0,0.0,0.0
2026-01-04 05:00:00,0.0,0.0,0.0,0.0,0.0,0.0,0.0,0.0,0.0,0.0,0.0,0.0,0.0,0.0
2026-01-04 06:00:00,0.0,0.0,0.0,0.0,0.0,0.0,0.0,0.0,0.0,0.0,0.0,0.0,0.0,0.0
2026-01-04 07:00:00,0.0,0.0,0.0,0.0,0.0,0.0,0.0,0.0,0.0,0.0,0.0,0.0,0.0,0.0
2026-01-04 08:00:00,0.0,0.0,0.0,0.0,0.0,0.0,0.0,0.0,0.0,0.0,0.0,0.0,0.4715794420248792,0.0
2026-01-04 09:00:00,0.0,0.13050301525000002,0.13050301525000002,0.4531749626427738,0.0,0.22902616353862204,0.2748869904348741,0.5210266648734371,0.0,0.13050301525000002,0.0,0.0,0.13050301525000002,0.5872635686250001
2026-01-04 10:00:00,0.4164608780763139,0.2586412792674973,0.5872635686250001,0.5271681570586597,0.17208755799925896,0.5872635686250001,0.5094713469208688,0.13050301525000002,0.13050301525000002,0.13050301525000002,0.0,0.4074746848914811,0.2676499396849679,0.546712962406555
2026-01-04 11:00:00,0.13050301525000002,0.15294731478879034,0.13050301525000002,0.34970804998605737,0.26690883932922005,0.3866410512064397,0.3793417271652669,0.3425505373483362,0.3645192938629854,0.2567858306240774,0.3801137140572738,0.13050301525000002,0.532650320333981,0.5872635686250001
2026-01-04 12:00:00,0.0,0.0,0.0,0.0,0.0,0.0,0.0,0.0,0.0,0.0,0.0,0.540571342680109,0.0,0.0
2026-01-04 13:00:00,0.19548374307736233,0.42068456926967,0.4961664222807529,0.13050301525000002,0.30581601356227844,0.3915848106094007,0.13050301525000002,0.3443104858513021,0.2397772028525123,0.4644808332194815,0.25696477297886794,0.5872635686250001,0.0,0.5778471761339672
2026-01-04 14:00:00,0.30957593589390936,0.5022907868978284,0.13050301525000002,0.3352715179019835,0.48474051810909846,0.17863752924021,0.13050301525000002,0.13050301525000002,0.30465606633061304,0.1550618554560652,0.5167799133264533,0.46638315887684334,0.16261855500794276,0.16699386499082727
2026-01-04 15:00:00,0.42434609680161056,0.274968324929391,0.5872635686250001,0.44552502895336865,0.535559443286466,0.15854910280236756,0.13050301525000002,0.13050301525000002,0.22462378695995908,0.13050301525000002,0.2965628014821282,0.42131408684674926,0.13050301525000002,0.2521165334721965
2026-01-04 16:00:00,0.1652073121639092,0.13050301525000002,0.5737794074943814,0.5553613488738256,0.13050301525000002,0.47678758310695063,0.19458279130048448,0.13050301525000002,0.13050301525000002,0.13050301525000002,0.13050301525000002,0.5454577401459675,0.14753323589612022,0.18407458230407592
2026-01-04 17:00:00,0.2174931274811995,0.4055096320456194,0.2814094810706437,0.14857081401181965,0.13301196182975997,0.2090085586973346,0.32347565553315905,0.13963631409091706,0.2861362381166792,0.31703617005148416,0.19258478221789535,0.4632789903929523,0.3951108022167591,0.5872635686250001
2026-01-04 18:00:00,0.13050301525000002,0.18697909539263388,0.36131383646704385,0.21983907464982566,0.48918626135869403,0.2924698432663203,0.13050301525000002,0.4353568120805916,0.5239427323653973,0.3669714219103035,0.5872635686250001,0.20452183643737049,0.5872635686250001,0.5872635686250001
2026-01-04 19:00:00,0.13050301525000002,0.0,0.0,0.0,0.0,0.0,0.5872635686250001,0.31228017765940747,0.13050301525000002,0.0,0.5872635686250001,0.22723256710385556,0.0,0.4997848825813986
2026-01-04 20:00:00,0.0,0.0,0.0,0.0,0.0,0.0,0.0,0.0,0.0,0.0,0.0,0.0,0.0,0.5068725013610028
2026-01-04 21:00:00,0.0,0.0,0.0,0.0,0.0,0.0,0.0,0.0,0.0,0.0,0.0,0.0,0.0,0.0
2026-01-04 22:00:00,0.0,0.0,0.0,0.0,0.0,0.0,0.0,0.0,0.0,0.0,0.0,0.0,0.0,0.0
2026-01-04 23:00:00,0.0,0.0,0.0,0.0,0.0,0.0,0.0,0.0,0.0,0.0,0.0,0.0,0.0,0.0
2026-01-05 00:00:00,0.0,0.0,0.0,0.0,0.0,0.0,0.0,0.0,0.0,0.0,0.0,0.0,0.0,0.0
2026-01-05 01:00:00,0.0,0.0,0.0,0.0,0.0,0.0,0.0,0.0,0.0,0.0,0.0,0.0,0.0,0.0
2026-01-05 02:00:00,0.0,0.0,0.0,0.0,0.0,0.0,0.0,0.0,0.0,0.0,0.0,0.0,0.0,0.0
2026-01-05 03:00:00,0.0,0.0,0.0,0.0,0.0,0.0,0.0,0.0,0.0,0.0,0.0,0.0,0.0,0.0
2026-01-05 04:00:00,0.0,0.0,0.0,0.0,0.0,0.0,0.0,0.0,0.0,0.0,0.0,0.0,0.0,0.0
2026-01-05 05:00:00,0.0,0.0,0.0,0.0,0.0,0.0,0.0,0.0,0.0,0.4668257868857324,0.0,0.0,0.0,0.0
2026-01-05 06:00:00,0.0,0.0,0.0,0.0,0.0,0.0,0.0,0.12261975796040002,0.0,0.29586612067379675,0.0,0.2881044270462218,0.3026534107462768,0.4030070388216408
2026-01-05 07:00:00,0.12745239083853419,0.5031089694919615,0.2172791101738664,0.24031447598436448,0.14201443885996087,0.17954989906630403,0.12926338313877406,0.27862745694262825,0.0,0.2581498325601614,0.0,0.3775616710662395,0.3148927537660354,0.12261975796040002
2026-01-05 08:00:00,0.2959188751708807,0.34063834133372,0.12261975796040002,0.5370588548757448,0.46081597891765425,0.3005536464923282,0.286117258262553,0.4918107281330784,0.46164471345011765,0.17737006686877713,0.2875827165541512,0.5517889108218,0.5517889108218,0.3087625684875508
2026-01-05 09:00:00,0.49286029690099,0.5109473922416113,0.4329527880989681,0.24925478665751186,0.16762651300240541,0.2911008178715877,0.23359780031325234,0.3069444100013474,0.12261975796040002,0.2441090344960763,0.12261975796040002,0.12261975796040002,0.5471077265847972,0.30038302424071184
2026-01-05 10:00:00,0.22943351725044106,0.5158308668086687,0.4617312591852453,0.3651099332230752,0.21004184373728238,0.18085969755928552,0.2748360367143277,0.16258276008837602,0.37063829004016435,0.12261975796040002,0.22164456268083566,0.23045692381921262,0.3001008124004619,0.33481234435737084
2026-01-05 11:00:00,0.49731368427927586,0.2661370492508998,0.31534841376786094,0.3594351377474279,0.3592779400566092,0.35594431438675583,0.20329995096320147,0.36363826390702,0.4978067556341979,0.28589785061260165,0.5517889108218,0.35631549855123223,0.3877180441105737,0.5244223649821216
2026-01-05 12:00:00,0.12261975796040002,0.0,0.0,0.0,0.0,0.0,0.0,0.0,0.0,0.2293968321439181,0.0,0.5517889108218,0.0,0.0
2026-01-05 13:00:00,0.3729966638835454,0.26576274907447456,0.5517889108218,0.3161468299910851,0.5233203545591733,0.0,0.0,0.12261975796040002,0.12261975796040002,0.5235423847517336,0.4924884613164849,0.4322689990988537,0.43528081475138575,0.0
2026-01-05 14:00:00,0.24999952273255735,0.12261975796040002,0.5517889108218,0.25018155923827823,0.36809122207039535,0.17041798294676463,0.12261975796040002,0.25436225901180803,0.13533031249045344,0.21715703293691183,0.39097580302498136,0.3085520552552585,0.34187905524150014,0.306369303008446
2026-01-05 15:00:00,0.18538329007744847,0.24444772360470327,0.5517889108218,0.236635518350771,0.13230007878593508,0.5517889108218,0.3737280271714615,0.12261975796040002,0.12261975796040002,0.3651251656031258,0.3111699418291021,0.2551345807511939,0.39473575588636006,0.26223308738677803
2026-01-05 16:00:00,0.2507884842293099,0.12261975796040002,0.33786843536793726,0.24473519257567483,0.5443863469623861,0.5234389277390504,0.27691981939181415,0.12261975796040002,0.2533609257684462,0.12261975796040002,0.5228740802428447,0.19341875216782378,0.4149766083562538,0.24634260181939793
2026-01-05 17:00:00,0.12261975796040002,0.1858972152344189,0.3019324965143712,0.5517889108218,0.510488949274188,0.41914050370415773,0.3954626714165929,0.5214542634806174,0.5517889108218,0.12261975796040002,0.4388443822912435,0.2686424464217889,0.12261975796040002,0.3511340307184579
2026-01-05 18:00:00,0.19866214005979912,0.288322149517289,0.0,0.12261975796040002,0.39315031935667333,0.46132905049145556,0.21856956478573242,0.0,0.15967868156001375,0.35992998511094526,0.0,0.550916525405831,0.5218218291146256,0.2427896393193768
2026-01-05 19:00:00,0.29520199820279047,0.24967262383721317,0.0,0.0,0.12261975796040002,0.0,0.12261975796040002,0.0,0.0,0.0,0.0,0.0,0.20362561414778585,0.2613515790993445
2026-01-05 20:00:00,0.0,0.0,0.0,0.0,0.0,0.0,0.0,0.0,0.0,0.0,0.0,0.0,0.3388454424317531,0.0
2026-01-05 21:00:00,0.0,0.0,0.0,0.0,0.0,0.0,0.0,0.0,0.0,0.0,0.0,0.0,0.0,0.0
2026-01-05 22:00:00,0.0,0.0,0.0,0.0,0.0,0.0,0.0,0.0,0.0,0.0,0.0,0.0,0.0,0.0
2026-01-05 23:00:00,0.0,0.0,0.0,0.0,0.0,0.0,0.0,0.0,0.0,0.0,0.0,0.0,0.0,0.0
2026-01-06 00:00:00,0.0,0.0,0.0,0.0,0.0,0.0,0.0,0.0,0.0,0.0,0.0,0.0,0.0,0.0
2026-01-06 01:00:00,0.0,0.0,0.0,0.0,0.0,0.0,0.0,0.0,0.0,0.0,0.0,0.0,0.0,0.0
2026-01-06 02:00:00,0.0,0.0,0.0,0.0,0.0,0.0,0.0,0.0,0.0,0.0,0.0,0.0,0.0,0.0
2026-01-06 03:00:00,0.0,0.0,0.0,0.0,0.0,0.0,0.0,0.0,0.0,0.0,0.0,0.0,0.0,0.0
2026-01-06 04:00:00,0.0,0.0,0.0,0.0,0.0,0.0,0.0,0.0,0.0,0.0,0.0,0.0,0.0,0.0
2026-01-06 05:00:00,0.0,0.0,0.0,0.0,0.0,0.14359755987320189,0.0,0.0,0.0,0.0,0.20987620724780762,0.0,0.0,0.0
2026-01-06 06:00:00,0.0,0.5987835656928001,0.2915789907445098,0.5983594286939377,0.0,0.13306301459840003,0.13306301459840003,0.2673829337392097,0.42261001482494626,0.0,0.29634219733439826,0.0,0.4162233926790165,0.39390197607811467
2026-01-06 07:00:00,0.0,0.4268772058807766,0.15095422546117684,0.38741396777375664,0.0,0.13306301459840003,0.34168754799452133,0.3394288203834556,0.4436863359573033,0.3008345008316795,0.4192468898053379,0.0,0.46296130009067726,0.35470322395832127
2026-01-06 08:00:00,0.31519238573473357,0.13306301459840003,0.5812062197796033,0.4933326457780521,0.28521310247508685,0.14722261414551244,0.37165745611465995,0.13306301459840003,0.13306301459840003,0.40332985907082425,0.43478276175617864,0.4367911634893605,0.5304563424898279,0.3759236263950614
2026-01-06 09:00:00,0.1592601045508839,0.13306301459840003,0.4326802223104897,0.25808323611543205,0.21486491509340733,0.5987835656928001,0.3669896308701418,0.5172156072949003,0.34194783377897003,0.21895706058375022,0.37056086657718457,0.29310210442192147,0.38186121228553216,0.3682894402128483
2026-01-06 10:00:00,0.3487062728341886,0.36538095085281935,0.21672757131231996,0.337967399086826,0.3812254421066439,0.33700523264699256,0.1356903414502558,0.13306301459840003,0.13306301459840003,0.3606245041797573,0.33591451543677114,0.33532160449631876,0.4771968686398896,0.5399820048310215
2026-01-06 11:00:00,0.27311328184362066,0.3789018021378979,0.13306301459840003,0.39226456220026773,0.5987835656928001,0.5702750826700236,0.25990296003645086,0.3487958702731277,0.13831174090637174,0.13306301459840003,0.4121262219059829,0.19049273552239868,0.46528625298651927,0.47859039141061976
2026-01-06 12:00:00,0.0,0.0,0.0,0.0,0.0,0.49415089287859515,0.0,0.0,0.0,0.0,0.0,0.2755694597720129,0.0,0.28751681783781025
2026-01-06 13:00:00,0.43141696076319286,0.4414920984167725,0.0,0.0,0.5380737105335422,0.40638760397712886,0.4990758395489955,0.25891921813479724,0.38826510562462885,0.0,0.34930747535866047,0.3741604302504594,0.2340144037710222,0.5762146173784868
2026-01-06 14:00:00,0.13306301459840003,0.3389807576723542,0.30239643242579,0.5987835656928001,0.4262319956923782,0.39000687371699394,0.34981243065860895,0.4426245494986022,0.5927683905232425,0.13306301459840003,0.46274637150587755,0.4943761149082999,0.33473368400824033,0.3076849917916087
2026-01-06 15:00:00,0.1959673797892762,0.5987835656928001,0.43927254077344974,0.486786785473944,0.14751674720815314,0.42432663704502427,0.28864987549403104,0.13306301459840003,0.13306301459840003,0.5501741902131654,0.13306301459840003,0.4643823239035718,0.13306301459840003,0.37639224307939434
2026-01-06 16:00:00,0.18426198621445486,0.27097520551188586,0.19687208570654688,0.5987835656928001,0.5987835656928001,0.45152119363752347,0.5987835656928001,0.13306301459840003,0.13306301459840003,0.2688147787208196,0.5987835656928001,0.5127428038770645,0.30335647071345384,0.16431862413898646
2026-01-06 17:00:00,0.13306301459840003,0.13474030164429981,0.47874220271121626,0.39634206292152707,0.3487407962551751,0.5792456816139469,0.15300025306484138,0.15574193406704417,0.4418791866376927,0.22592083105252803,0.20102824919422999,0.543597265793492,0.5987835656928001,0.5987835656928001
2026-01-06 18:00:00,0.30926561449257695,0.19992783421787289,0.22317959050486277,0.21629720843217262,0.0,0.0,0.13306301459840003,0.13306301459840003,0.3318676472949672,0.0,0.4146016004728862,0.0,0.4745243149683507,0.18086706589927803
2026-01-06 19:00:00,0.0,0.0,0.5987835656928001,0.0,0.0,0.0,0.0,0.13306301459840003,0.541662438720076,0.0,0.0,0.0,0.5660471545253154,0.0
2026-01-06 20:00:00,0.0,0.0,0.5687017944346046,0.0,0.0,0.0,0.0,0.22435430250988503,0.0,0.0,0.0,0.0,0.0,0.0
2026-01-06 21:00:00,0.0,0.0,0.0,0.0,0.0,0.0,0.0,0.0,0.0,0.0,0.0,0.0,0.0,0.0
2026-01-06 22:00:00,0.0,0.0,0.0,0.0,0.0,0.0,0.0,0.0,0.0,0.0,0.0,0.0,0.0,0.0
2026-01-06 23:00:00,0.0,0.0,0.0,0.0,0.0,0.0,0.0,0.0,0.0,0.0,0.0,0.0,0.0,0.0
2026-01-07 00:00:00,0.0,0.0,0.0,0.0,0.0,0.0,0.0,0.0,0.0,0.0,0.0,0.0,0.0,0.0
2026-01-07 01:00:00,0.0,0.0,0.0,0.0,0.0,0.0,0.0,0.0,0.0,0.0,0.0,0.0,0.0,0.0
2026-01-07 02:00:00,0.0,0.0,0.0,0.0,0.0,0.0,0.0,0.0,0.0,0.0,0.0,0.0,0.0,0.0
2026-01-07 03:00:00,0.0,0.0,0.0,0.0,0.0,0.0,0.0,0.0,0.0,0.0,0.0,0.0,0.0,0.0
2026-01-07 04:00:00,0.0,0.0,0.0,0.0,0.0,0.0,0.0,0.0,0.49618790809744967,0.0,0.0,0.0,0.0,0.0
2026-01-07 05:00:00,0.0,0.0,0.2873055735701383,0.3013289256156356,0.0,0.0,0.0,0.0,0.39939070895472184,0.0,0.24558434451638614,0.0,0.0,0.40592191456145765
2026-01-07 06:00:00,0.0,0.0,0.3101440949308046,0.5772403374048001,0.3350732331079108,0.0,0.0,0.0,0.34812869174405564,0.3483943731770664,0.12827563053440003,0.0,0.0,0.5396426027699825
2026-01-07 07:00:00,0.18628118886950595,0.44507012550038555,0.37717971629482855,0.12827563053440003,0.2212708486903434,0.0,0.5772403374048001,0.0,0.38044846053864884,0.34157093613697126,0.18780873422110173,0.49929219147680876,0.18150811872521416,0.23524476088045299
2026-01-07 08:00:00,0.12827563053440003,0.2088345556742241,0.19413691333482735,0.5487479511134513,0.337657326755956,0.3572002578796261,0.3857730157763581,0.22671004444372203,0.3412381014913463,0.30343259339185946,0.30995353326255554,0.3888164817462955,0.27455763588075993,0.3054018682875959
2026-01-07 09:00:00,0.21804868964444768,0.12827563053440003,0.24706945820296908,0.33092635329683967,0.3786586990124429,0.16991523727469562,0.3728207236940515,0.29458317463580114,0.12827563053440003,0.12827563053440003,0.39334820173447993,0.13151003239993697,0.23017647662439206,0.3384568259788
2026-01-07 10:00:00,0.3170369946773326,0.12827563053440003,0.3112255885805046,0.48699159525684066,0.28752710199661813,0.49325246798670164,0.270985198782642,0.3457071887213811,0.34327390961343796,0.12827563053440003,0.5772403374048001,0.34408789972076786,0.3798778362186709,0.3069158777223052
2026-01-07 11:00:00,0.5765532617196741,0.4137310616343537,0.36475785285701373,0.23310435414194083,0.5772403374048001,0.19986792482687327,0.30482759280216865,0.47964303852983553,0.2220390460652727,0.12827563053440003,0.23217856210930646,0.28174409495236546,0.5086327417778524,0.12827563053440003
2026-01-07 12:00:00,0.0,0.0,0.0,0.0,0.0,0.31276680693196346,0.0,0.0,0.5478316360704749,0.0,0.18414815739561316,0.0,0.0,0.5772403374048001
2026-01-07 13:00:00,0.27685712848605565,0.5509835936894747,0.18635285984875982,0.0,0.0,0.2005170798140469,0.1789127834795434,0.39671228510003154,0.4343185224876195,0.0,0.5772403374048001,0.3686582530271246,0.0,0.2191476721997851
2026-01-07 14:00:00,0.29138531453937716,0.12827563053440003,0.5772403374048001,0.1991895408098723,0.5772403374048001,0.12827563053440003,0.1743817529731642,0.19633497116750262,0.21752781468835716,0.5163096258096377,0.38172340200695876,0.12827563053440003,0.44960043553609746,0.1557659398919726
2026-01-07 15:00:00,0.2332540110136823,0.12827563053440003,0.28553556823517723,0.5772403374048001,0.4681851019773103,0.33602054235597223,0.22162238549619193,0.47252252715984505,0.12827563053440003,0.2358184871053971,0.5342568508458423,0.12827563053440003,0.5772403374048001,0.22511267049105696
2026-01-07 16:00:00,0.12827563053440003,0.15161748675743966,0.15378595792510605,0.1315737900198751,0.4264445808412196,0.32592767138900147,0.12827563053440003,0.30126805637560816,0.14131052767443517,0.12827563053440003,0.12827563053440003,0.41445253379842445,0.4902627623284384,0.5772403374048001
2026-01-07 17:00:00,0.2416467308416162,0.37582381352939914,0.4077839730298564,0.3560104480265838,0.3450161141586797,0.45469748620354844,0.12827563053440003,0.39995440789992165,0.19076369882944533,0.27208443889744327,0.43829487347679236,0.32033938011453583,0.20363886678256762,0.45971093149953673
2026-01-07 18:00:00,0.0,0.45467277741010526,0.12827563053440003,0.15591980782995207,0.22560657732242384,0.4933178157432869,0.0,0.5772403374048001,0.12827563053440003,0.12827563053440003,0.30223236138207005,0.18018900395887205,0.31819853796976694,0.0
2026-01-07 19:00:00,0.0,0.0,0.5772403374048001,0.23425738995735138,0.5297367073403545,0.0,0.0,0.2762076319342107,0.35965684268555825,0.0,0.0,0.5358326829914417,0.27453662424213,0.0
2026-01-07 20:00:00,0.0,0.0,0.0,0.0,0.0,0.0,0.0,0.0,0.0,0.0,0.0,0.0,0.0,0.0
2026-01-07 21:00:00,0.0,0.0,0.0,0.0,0.0,0.0,0.0,0.0,0.0,0.0,0.0,0.0,0.0,0.0
2026-01-07 22:00:00,0.0,0.0,0.0,0.0,0.0,0.0,0.0,0.0,0.0,0.0,0.0,0.0,0.0,0.0
2026-01-07 23:00:00,0.0,0.0,0.0,0.0,0.0,0.0,0.0,0.0,0.0,0.0,0.0,0.0,0.0,0.0
2026-01-08 00:00:00,0.0,0.0,0.0,0.0,0.0,0.0,0.0,0.0,0.0,0.0,0.0,0.0,0.0,0.0
2026-01-08 01:00:00,0.0,0.0,0.0,0.0,0.0,0.0,0.0,0.0,0.0,0.0,0.0,0.0,0.0,0.0
2026-01-08 02:00:00,0.0,0.0,0.0,0.0,0.0,0.0,0.0,0.0,0.0,0.0,0.0,0.0,0.0,0.0
2026-01-08 03:00:00,0.0,0.0,0.0,0.0,0.0,0.0,0.0,0.0,0.0,0.0,0.0,0.0,0.0,0.0
2026-01-08 04:00:00,0.0,0.0,0.0,0.0,0.0,0.0,0.0,0.24254682496810517,0.0,0.0,0.11765852221440001,0.0,0.0,0.0
2026-01-08 05:00:00,0.0,0.0,0.0,0.0,0.0,0.0,0.0,0.11765852221440001,0.3102571348430128,0.14630674656828152,0.11765852221440001,0.0,0.0,0.0
2026-01-08 06:00:00,0.11765852221440001,0.11765852221440001,0.41333906203782667,0.0,0.3278319933189372,0.23992804204687648,0.0,0.3618581672326041,0.46131453616393536,0.4912133881513244,0.35050584561859105,0.0,0.21896119274302958,0.11765852221440001
2026-01-08 07:00:00,0.4094461440410763,0.18062034985190573,0.14404257379275348,0.0,0.15473459073443285,0.5294633499648,0.0,0.11765852221440001,0.4923954747355185,0.31445484790666106,0.3432524214744782,0.0,0.11765852221440001,0.30155643914757213
2026-01-08 08:00:00,0.34666772732375906,0.13295040891981413,0.2754468815153156,0.5294633499648,0.31793848445265954,0.11765852221440001,0.43732697449145613,0.28465175871442594,0.5294633499648,0.11765852221440001,0.29882383388926476,0.0,0.20036872419057963,0.1735963867105208
2026-01-08 09:00:00,0.352947164783527,0.3771197196218616,0.43380994089083774,0.29109141287695806,0.30968790232426396,0.41126344816201804,0.26091487692668425,0.1406883865112511,0.11765852221440001,0.11765852221440001,0.18437001080101215,0.11765852221440001,0.5294633499648,0.3697987110551133
2026-01-08 10:00:00,0.11765852221440001,0.20555383525728146,0.22262558336520796,0.48837620542604426,0.11765852221440001,0.5044880162628245,0.20292327344999553,0.16740143709329505,0.11765852221440001,0.11765852221440001,0.17582053378560814,0.17120102380262042,0.194212117379997,0.19579037949159595
2026-01-08 11:00:00,0.45119857578951783,0.32031107487606236,0.2234850912413811,0.24929775073604402,0.34385622969609175,0.23875043218000136,0.4600667156355636,0.11765852221440001,0.1497873347116279,0.14426585601727074,0.251523181989017,0.25202472555263705,0.2144888142245286,0.2177262096633825
2026-01-08 12:00:00,0.11765852221440001,0.0,0.0,0.0,0.4075866105967859,0.0,0.0,0.0,0.0,0.0,0.0,0.0,0.0,0.0
2026-01-08 13:00:00,0.3201558905779911,0.2725966627654144,0.0,0.26692424687769056,0.18967487161360158,0.2335492701531826,0.0,0.11765852221440001,0.0,0.17560170799447128,0.3562374345602051,0.4955352083794668,0.5294633499648,0.4586368319471211
2026-01-08 14:00:00,0.5294633499648,0.5065022882680412,0.16442699562272395,0.11765852221440001,0.2769725023589631,0.3416473820527724,0.4491410570741644,0.4271065682821631,0.13518719297728155,0.1544272035680003,0.362574881564144,0.4293022992958417,0.34302481146051994,0.11765852221440001
2026-01-08 15:00:00,0.11765852221440001,0.22202581351532505,0.21386556876851123,0.5294633499648,0.3851969132959305,0.11765852221440001,0.23443429598949098,0.11765852221440001,0.16172123284805828,0.19880109638680768,0.11765852221440001,0.5294633499648,0.27910543448845065,0.3739340778837809
2026-01-08 16:00:00,0.1349547484437883,0.32295815111645393,0.3235574962540172,0.5294633499648,0.24032744529638608,0.39851447345765717,0.11765852221440001,0.11765852221440001,0.23951186151283257,0.4590426377447062,0.3399483673785961,0.35855511994695044,0.3186428787904366,0.23823469993451388
2026-01-08 17:00:00,0.24190875881330126,0.25932429459488354,0.4863900174888473,0.25880597241097053,0.42483052748889427,0.0,0.2736178691366152,0.2775990849672169,0.31777401732380306,0.43092575573258124,0.11765852221440001,0.5294633499648,0.11765852221440001,0.2290604560712671
2026-01-08 18:00:00,0.14504421769390988,0.29897422872111584,0.0,0.11765852221440001,0.11765852221440001,0.0,0.13077456297639395,0.11765852221440001,0.5294633499648,0.0,0.39861335043316887,0.0,0.3353263453617683,0.22338102676428667
2026-01-08 19:00:00,0.11765852221440001,0.0,0.0,0.32396005031981095,0.1771599299361252,0.0,0.2780076385460257,0.19821229622259987,0.25255328364371304,0.0,0.0,0.0,0.5294633499648,0.0
2026-01-08 20:00:00,0.0,0.0,0.0,0.38570778618156293,0.0,0.0,0.0,0.0,0.0,0.0,0.0,0.0,0.0,0.0
2026-01-08 21:00:00,0.0,0.0,0.0,0.11765852221440001,0.0,0.0,0.0,0.0,0.0,0.0,0.0,0.0,0.0,0.0
2026-01-08 22:00:00,0.0,0.0,0.0,0.0,0.0,0.0,0.0,0.0,0.0,0.0,0.0,0.0,0.0,0.0
2026-01-08 23:00:00,0.0,0.0,0.0,0.0,0.0,0.0,0.0,0.0,0.0,0.0,0.0,0.0,0.0,0.0
2026-01-09 00:00:00,0.0,0.0,0.0,0.0,0.0,0.0,0.0,0.0,0.0,0.0,0.0,0.0,0.0,0.0
2026-01-09 01:00:00,0.0,0.0,0.0,0.0,0.0,0.0,0.0,0.0,0.0,0.0,0.0,0.0,0.0,0.0
2026-01-09 02:00:00,0.0,0.0,0.0,0.0,0.0,0.0,0.0,0.0,0.0,0.0,0.0,0.0,0.0,0.0
2026-01-09 03:00:00,0.0,0.0,0.0,0.0,0.0,0.0,0.0,0.0,0.0,0.0,0.0,0.0,0.0,0.0
2026-01-09 04:00:00,0.0,0.0,0.0,0.0,0.0,0.0,0.0,0.0,0.0,0.0,0.0,0.0,0.0,0.0
2026-01-09 05:00:00,0.0,0.0,0.0,0.0,0.0,0.0,0.0,0.0,0.0,0.0,0.4006394278326177,0.0,0.0,0.0
2026-01-09 06:00:00,0.1137342385344,0.0,0.3544351000986832,0.0,0.24526043698353778,0.18146805543471617,0.0,0.0,0.0,0.0,0.3956505318900117,0.0,0.0,0.32292230652834897
2026-01-09 07:00:00,0.16837057790214746,0.1137342385344,0.3753869515510741,0.31470574609447527,0.37305722911106126,0.23443391394182816,0.1161331347428304,0.0,0.1137342385344,0.0,0.4676279810314431,0.23456034342087212,0.0,0.5118040734047999
2026-01-09 08:00:00,0.34466603709525095,0.1137342385344,0.4886538849179672,0.4992678989477524,0.27514453268588135,0.4227845231167956,0.3399942998939585,0.14491441064033136,0.24364225646622092,0.46790186791616784,0.1137342385344,0.35349322224763285,0.19893615352804078,0.42223562552554184
2026-01-09 09:00:00,0.1137342385344,0.1137342385344,0.5118040734047999,0.46396686909565377,0.5118040734047999,0.13485490669080608,0.1347999749424299,0.37323203933652305,0.3572865643848993,0.3789086097874153,0.29346263988745475,0.22833930493404914,0.13703583498121377,0.39705372386224824
2026-01-09 10:00:00,0.2536822640429721,0.3144203725638726,0.25364778349231165,0.5118040734047999,0.1137342385344,0.3438030255646881,0.4662966973818533,0.20696915525389778,0.4957235423201714,0.257864486338855,0.3968416356225964,0.3493418451534039,0.5118040734047999,0.1137342385344
2026-01-09 11:00:00,0.4213000371222539,0.3075800667777281,0.1137342385344,0.27219766415200103,0.5118040734047999,0.5118040734047999,0.2648896646481484,0.47525396646463014,0.33569645367127204,0.14237536822523175,0.34265358133580515,0.11985180395985279,0.13493883637607043,0.5118040734047999
2026-01-09 12:00:00,0.0,0.21898928076406668,0.0,0.0,0.0,0.0,0.0,0.0,0.0,0.14507518180838203,0.0,0.1137342385344,0.32286704469617816,0.0
2026-01-09 13:00:00,0.1137342385344,0.3268597408187151,0.0,0.0,0.1816246378557164,0.11609528510879334,0.0,0.1137342385344,0.0,0.0,0.48246240306185206,0.0,0.1137342385344,0.5118040734047999
2026-01-09 14:00:00,0.24703363412124923,0.1137342385344,0.3005510779207445,0.1137342385344,0.36552982585842664,0.3382380979351282,0.25541675737636105,0.281789927444829,0.1137342385344,0.20501226698862193,0.22593535542679666,0.40009199248838007,0.24071111479698024,0.21713757540665768
2026-01-09 15:00:00,0.25871582337297794,0.4388744375772117,0.1137342385344,0.1137342385344,0.17876283939902207,0.36371668341866153,0.34552221860657234,0.23543881678071196,0.1137342385344,0.1137342385344,0.3581003722999209,0.1137342385344,0.23052335121168507,0.2632485389781369
2026-01-09 16:00:00,0.33974557755790336,0.2526431685720938,0.5011061326403099,0.3489704134159982,0.3086162582783927,0.1137342385344,0.3302560732109788,0.1137342385344,0.13787252678299494,0.17042379369630611,0.3217430635001184,0.23686159436183768,0.17862797228022065,0.32882630593205053
2026-01-09 17:00:00,0.1137342385344,0.5007402826554428,0.2495230105554682,0.24964286529297383,0.5118040734047999,0.5118040734047999,0.3396489453236418,0.1137342385344,0.3495585239272984,0.42264240375227635,0.1137342385344,0.3174745364346328,0.3655516904456818,0.1137342385344
2026-01-09 18:00:00,0.0,0.0,0.28499463872444747,0.261329081354747,0.0,0.3521265651381337,0.1832987938943217,0.18523339115515136,0.30779320282375056,0.21783782409868516,0.47199982346953123,0.5118040734047999,0.0,0.4355813069491495
2026-01-09 19:00:00,0.0,0.0,0.0,0.2797094840796919,0.0,0.31551662663741026,0.0,0.2965938595050828,0.0,0.3979610889706588,0.3545251771604525,0.3294053787560526,0.0,0.2121424396491222
2026-01-09 20:00:00,0.0,0.0,0.0,0.0,0.0,0.3000447506888553,0.0,0.1137342385344,0.0,0.19672195365399966,0.32576398559248176,0.16299904908143337,0.0,0.0
2026-01-09 21:00:00,0.0,0.0,0.0,0.0,0.0,0.0,0.0,0.0,0.0,0.0,0.0,0.0,0.0,0.0
2026-01-09 22:00:00,0.0,0.0,0.0,0.0,0.0,0.0,0.0,0.0,0.0,0.0,0.0,0.0,0.0,0.0
2026-01-09 23:00:00,0.0,0.0,0.0,0.0,0.0,0.0,0.0,0.0,0.0,0.0,0.0,0.0,0.0,0.0
2026-01-10 00:00:00,0.0,0.0,0.0,0.0,0.0,0.0,0.0,0.0,0.0,0.0,0.0,0.0,0.0,0.0
2026-01-10 01:00:00,0.0,0.0,0.0,0.0,0.0,0.0,0.0,0.0,0.0,0.0,0.0,0.0,0.0,0.0
2026-01-10 02:00:00,0.0,0.0,0.0,0.0,0.0,0.0,0.0,0.0,0.0,0.0,0.0,0.0,0.0,0.0
2026-01-10 03:00:00,0.0,0.0,0.0,0.0,0.0,0.0,0.0,0.0,0.0,0.0,0.0,0.0,0.0,0.0
2026-01-10 04:00:00,0.0,0.0,0.0,0.0,0.0,0.0,0.0,0.0,0.0,0.0,0.0,0.0,0.0,0.0
2026-01-10 05:00:00,0.0,0.0,0.0,0.0,0.0,0.0,0.0,0.0,0.0,0.0,0.0,0.0,0.0,0.0
2026-01-10 06:00:00,0.0,0.0,0.0,0.0,0.0,0.0,0.0,0.0,0.0,0.0,0.0,0.0,0.0,0.0
2026-01-10 07:00:00,0.0,0.0,0.0,0.0,0.0,0.0,0.0,0.0,0.0,0.0,0.0,0.0,0.0,0.0
2026-01-10 08:00:00,0.11896100400000001,0.0,0.0,0.0,0.0,0.0,0.0,0.0,0.0,0.0,0.535324518,0.0,0.0,0.0
2026-01-10 09:00:00,0.26611889422088447,0.0,0.0,0.0,0.0,0.0,0.0,0.0,0.0,0.48501090129228386,0.19700029906855138,0.0,0.4044990572763366,0.0
2026-01-10 10:00:00,0.275994754767331,0.32091086118252865,0.0,0.11896100400000001,0.33052901958857644,0.40564576449754314,0.11896100400000001,0.1342025925133137,0.11896100400000001,0.11896100400000001,0.11896100400000001,0.535324518,0.4386728669603197,0.0
2026-01-10 11:00:00,0.11896100400000001,0.19808684291992604,0.24656014405725926,0.2655800101984199,0.11896100400000001,0.11896100400000001,0.1903105360047118,0.2197195210853746,0.21953430165857826,0.535324518,0.3877717470199222,0.49137978848345704,0.32556468873268574,0.2519926952463049
2026-01-10 12:00:00,0.0,0.0,0.4839526883293507,0.11896100400000001,0.0,0.0,0.0,0.0,0.0,0.0,0.0,0.0,0.0,0.0
2026-01-10 13:00:00,0.5313728960788267,0.11896100400000001,0.23175724710553694,0.11896100400000001,0.0,0.0,0.39384885057281305,0.0,0.11896100400000001,0.25758297152566006,0.17189401577285374,0.0,0.535324518,0.2583901457749825
2026-01-10 14:00:00,0.3053469562798892,0.11896100400000001,0.39926611476890456,0.4591388171392644,0.34335268894627763,0.42446945554222215,0.11896100400000001,0.14444290900652962,0.11896100400000001,0.11896100400000001,0.2999275966102454,0.2466628432120922,0.3116411388321125,0.5155256744300841
2026-01-10 15:00:00,0.11896100400000001,0.11896100400000001,0.3132173109824166,0.2094550438174001,0.17778159594622084,0.1831935341654847,0.13602188458255907,0.3394252503608898,0.40194180381212014,0.11896100400000001,0.4305570515451478,0.11896100400000001,0.21966325368608783,0.11896100400000001
2026-01-10 16:00:00,0.3350174650518632,0.17922427467258856,0.18164236821411264,0.11896100400000001,0.1297298610554177,0.37993398456497585,0.11896100400000001,0.11896100400000001,0.14579272789627618,0.41605748712219764,0.4136495309356204,0.4768007296866981,0.18609149072618522,0.3110957029027322
2026-01-10 17:00:00,0.11896100400000001,0.13781346943286457,0.3129850628661218,0.12982310252568663,0.16727552844930485,0.2281286985865599,0.11896100400000001,0.17917079441321046,0.21445367132477058,0.11896100400000001,0.1736176034440994,0.39209858458519514,0.1489603001429705,0.11896100400000001
2026-01-10 18:00:00,0.3562133191375069,0.403483860317089,0.32287575386724215,0.535324518,0.19737138203460938,0.535324518,0.23019937115878208,0.366971626265183,0.2228178896169398,0.35686153498047163,0.46205262571400624,0.3938782452434488,0.2864026881608284,0.23809233428489152
2026-01-10 19:00:00,0.0,0.0,0.4420913018855802,0.11896100400000001,0.3682028561842454,0.0,0.33585807930150313,0.0,0.27991849223917636,0.3869436454004063,0.5166637280510797,0.0,0.0,0.28510683156120775
2026-01-10 20:00:00,0.0,0.0,0.0,0.0,0.0,0.0,0.0,0.0,0.0,0.0,0.0,0.0,0.0,0.0
2026-01-10 21:00:00,0.0,0.0,0.0,0.0,0.0,0.0,0.0,0.0,0.0,0.0,0.0,0.0,0.0,0.0
2026-01-10 22:00:00,0.0,0.0,0.0,0.0,0.0,0.0,0.0,0.0,0.0,0.0,0.0,0.0,0.0,0.0
2026-01-10 23:00:00,0.0,0.0,0.0,0.0,0.0,0.0,0.0,0.0,0.0,0.0,0.0,0.0,0.0,0.0
2026-01-11 00:00:00,0.0,0.0,0.0,0.0,0.0,0.0,0.0,0.0,0.0,0.0,0.0,0.0,0.0,0.0
2026-01-11 01:00:00,0.0,0.0,0.0,0.0,0.0,0.0,0.0,0.0,0.0,0.0,0.0,0.0,0.0,0.0
2026-01-11 02:00:00,0.0,0.0,0.0,0.0,0.0,0.0,0.0,0.0,0.0,0.0,0.0,0.0,0.0,0.0
2026-01-11 03:00:00,0.0,0.0,0.0,0.0,0.0,0.0,0.0,0.0,0.0,0.0,0.0,0.0,0.0,0.0
2026-01-11 04:00:00,0.0,0.0,0.0,0.0,0.0,0.0,0.0,0.0,0.0,0.0,0.0,0.0,0.0,0.0
2026-01-11 05:00:00,0.0,0.0,0.0,0.0,0.0,0.0,0.0,0.0,0.0,0.0,0.0,0.0,0.0,0.0
2026-01-11 06:00:00,0.0,0.0,0.0,0.0,0.0,0.0,0.0,0.0,0.0,0.0,0.0,0.0,0.0,0.0
2026-01-11 07:00:00,0.0,0.0,0.0,0.0,0.0,0.0,0.0,0.0,0.0,0.0,0.0,0.1122069513044,0.0,0.0
2026-01-11 08:00:00,0.0,0.0,0.0,0.0,0.0,0.0,0.0,0.0,0.0,0.0,0.0,0.3235416203454742,0.0,0.0
2026-01-11 09:00:00,0.0,0.1122069513044,0.0,0.0,0.0,0.1122069513044,0.0,0.0,0.0,0.1122069513044,0.12477996717358934,0.355488719288521,0.24572945900894191,0.0
2026-01-11 10:00:00,0.0,0.27754474994777295,0.35911685534382376,0.41582593302784987,0.0,0.2392323118687096,0.47269916794013034,0.352933991732749,0.0,0.27219232938961363,0.1819019957813212,0.16343655847975125,0.4559271969137901,0.3724417449139681
2026-01-11 11:00:00,0.5049312808698,0.28807917753907664,0.13252535334958396,0.5049312808698,0.13331486129761486,0.41662601048707576,0.12768702051456304,0.1122069513044,0.1122069513044,0.20479699752488834,0.3797347888356457,0.44422934196592667,0.1944493244514055,0.43206911663669517
2026-01-11 12:00:00,0.0,0.0,0.1122069513044,0.5049312808698,0.0,0.0,0.0,0.0,0.0,0.1122069513044,0.0,0.41031236557023476,0.3358875623411114,0.0
2026-01-11 13:00:00,0.0,0.337181775371642,0.1129465116853819,0.46448868869543786,0.2736767190455219,0.0,0.0,0.1122069513044,0.0,0.33725629729872453,0.0,0.28463330720542845,0.0,0.38400650180474843
2026-01-11 14:00:00,0.17785309200163585,0.16492256867086796,0.19987531815033438,0.5049312808698,0.29879903970905813,0.2513000668586735,0.28306212608839976,0.17747276752594773,0.19386354389311466,0.1122069513044,0.15318639795802305,0.47836356582018924,0.34186407693460297,0.2665148274404479
2026-01-11 15:00:00,0.1122069513044,0.1122069513044,0.2831914137633223,0.14496282445079334,0.25120228840233444,0.5049312808698,0.1122069513044,0.20031101394200737,0.22090318992754923,0.1122069513044,0.3460331679454634,0.35471053690901344,0.20369764784031125,0.1122069513044
2026-01-11 16:00:00,0.1122069513044,0.1122069513044,0.47354173119896836,0.1122069513044,0.315559759361811,0.1750694189787313,0.1122069513044,0.30695060711844,0.34618444154114564,0.1122069513044,0.4387902482126743,0.48659491335316,0.19281423631518266,0.12046812601112582
2026-01-11 17:00:00,0.1122069513044,0.23154263497334535,0.1122069513044,0.2806115302510332,0.46251916633409323,0.2994321246081234,0.2792592209764447,0.15505158807207453,0.2587926185480885,0.21442113468001495,0.14380070752678337,0.314487292608426,0.23707125883759797,0.32505133967740163
2026-01-11 18:00:00,0.20362825682062785,0.2194912443012048,0.14533194834131855,0.4458702738145721,0.1122069513044,0.47878600635970237,0.14753336821288984,0.1122069513044,0.0,0.44308510233987997,0.21336712529863477,0.3427182287125432,0.27373789621563394,0.3938836460385648
2026-01-11 19:00:00,0.2676890319344617,0.1122069513044,0.0,0.0,0.36259661855365627,0.4329940270063821,0.0,0.1339240118672803,0.0,0.0,0.0,0.34125654635816943,0.41974194706242623,0.0
2026-01-11 20:00:00,0.0,0.0,0.0,0.0,0.0,0.0,0.0,0.0,0.0,0.0,0.0,0.0,0.0,0.0
2026-01-11 21:00:00,0.0,0.0,0.0,0.0,0.0,0.0,0.0,0.0,0.0,0.0,0.0,0.0,0.0,0.0
2026-01-11 22:00:00,0.0,0.0,0.0,0.0,0.0,0.0,0.0,0.0,0.0,0.0,0.0,0.0,0.0,0.0
2026-01-11 23:00:00,0.0,0.0,0.0,0.0,0.0,0.0,0.0,0.0,0.0,0.0,0.0,0.0,0.0,0.0
2026-01-12 00:00:00,0.0,0.0,0.0,0.0,0.0,0.0,0.0,0.0,0.0,0.0,0.0,0.0,0.0,0.0
2026-01-12 01:00:00,0.0,0.0,0.0,0.0,0.0,0.0,0.0,0.0,0.0,0.0,0.0,0.0,0.0,0.0
2026-01-12 02:00:00,0.0,0.0,0.0,0.0,0.0,0.0,0.0,0.0,0.0,0.0,0.0,0.0,0.0,0.0
2026-01-12 03:00:00,0.0,0.0,0.0,0.0,0.0,0.0,0.0,0.0,0.0,0.0,0.0,0.0,0.0,0.0
2026-01-12 04:00:00,0.0,0.0,0.0,0.0,0.0,0.0,0.0,0.0,0.0,0.0,0.0,0.0,0.0,0.0
2026-01-12 05:00:00,0.0,0.0,0.0,0.0,0.0,0.0,0.0,0.0,0.0,0.0,0.0,0.3742215976962067,0.0,0.0
2026-01-12 06:00:00,0.0,0.0,0.0,0.0,0.0,0.0,0.1935299481595424,0.0,0.23710859547647128,0.1119889326784,0.45181375673246477,0.18301559546942442,0.0,0.30483327946405303
2026-01-12 07:00:00,0.5039501970528,0.5039501970528,0.0,0.3309641544603683,0.0,0.3069139701047902,0.1377806812414111,0.31589659700770684,0.1119889326784,0.1119889326784,0.5039501970528,0.5039501970528,0.1119889326784,0.4735243876938943
2026-01-12 08:00:00,0.3106613229785502,0.42485721505739515,0.1991938640241386,0.11272486468934986,0.1119889326784,0.3019777207016233,0.24856974997845396,0.1846135243794832,0.12039901538350964,0.2714294267526075,0.1119889326784,0.1119889326784,0.3799191697156532,0.3963300134796344
2026-01-12 09:00:00,0.1119889326784,0.1119889326784,0.25989244690378,0.2925648908091852,0.31839529987798554,0.4388128921762601,0.1119889326784,0.4078923115707237,0.22002418452522446,0.1119889326784,0.15493105341398725,0.22759287637122294,0.1119889326784,0.35038836116163447
2026-01-12 10:00:00,0.1119889326784,0.1119889326784,0.1119889326784,0.1119889326784,0.30850972369992957,0.4760286246999313,0.18839176293449386,0.2625003587354211,0.24374963767910274,0.3381053933665823,0.4115331500665205,0.15431665375703973,0.33659431700344566,0.16577378421067235
2026-01-12 11:00:00,0.2887718449252789,0.37644510183425456,0.33568896898160716,0.48143332510724646,0.3682205806706447,0.3343119184425824,0.1119889326784,0.1119889326784,0.19318080585745398,0.2929111507642398,0.24553316938037273,0.4048691705856358,0.2431983176556064,0.34745133308769377
2026-01-12 12:00:00,0.1808591359505192,0.0,0.22952989892424433,0.0,0.47398061116106144,0.0,0.0,0.0,0.0,0.0,0.0,0.1775944080744168,0.0,0.2793468367243839
2026-01-12 13:00:00,0.3241643599495583,0.296198119100935,0.34573034844674705,0.42387290934561367,0.4009438592269189,0.5039501970528,0.2687029765458313,0.1119889326784,0.32298654324342807,0.48110678266430956,0.0,0.1119889326784,0.15657503390154692,0.0
2026-01-12 14:00:00,0.28736016963670785,0.1119889326784,0.393296039652731,0.2818076336011132,0.11233444201943656,0.15731852623936604,0.1119889326784,0.3601758719987683,0.28520133691140803,0.1119889326784,0.3313986539687105,0.2974244047239458,0.1119889326784,0.1302107929049901
2026-01-12 15:00:00,0.20388576679420778,0.22020154163903957,0.4473113511420736,0.2858487656049397,0.3201758840343943,0.29135639526366197,0.1119889326784,0.3039411163087649,0.16666839324245541,0.3091361408050743,0.37698664702889884,0.36967429015763326,0.1119889326784,0.37816204005425286
2026-01-12 16:00:00,0.1119889326784,0.31050986569042155,0.1119889326784,0.2676209939913418,0.4474507533349878,0.26802265556572946,0.1727573995134969,0.16078329050707796,0.2196973652985303,0.27159764171452,0.39263066666473884,0.3481575119756139,0.12209273357157627,0.5039501970528
2026-01-12 17:00:00,0.1119889326784,0.16101488726162616,0.20621656427687451,0.47431914544328413,0.22280680771626482,0.27616889026159647,0.3344045923016853,0.1119889326784,0.27838889941901773,0.2537413450036189,0.4548453749799844,0.5039501970528,0.3883044809561621,0.1119889326784
2026-01-12 18:00:00,0.14676229032456498,0.0,0.3786150724989154,0.0,0.3669864087730004,0.0,0.4346353803946327,0.44704040326002126,0.20108143713145626,0.1119889326784,0.2953697543516666,0.473106480754342,0.0,0.12883674969737016
2026-01-12 19:00:00,0.3459320608929066,0.0,0.1119889326784,0.0,0.0,0.0,0.0,0.0,0.11906604282923065,0.148644602515205,0.0,0.1999747419391308,0.0,0.5039501970528
2026-01-12 20:00:00,0.24774616805365837,0.0,0.0,0.0,0.0,0.0,0.0,0.0,0.14226048845692885,0.0,0.0,0.0,0.0,0.0
2026-01-12 21:00:00,0.0,0.0,0.0,0.0,0.0,0.0,0.0,0.0,0.0,0.0,0.0,0.0,0.0,0.0
2026-01-12 22:00:00,0.0,0.0,0.0,0.0,0.0,0.0,0.0,0.0,0.0,0.0,0.0,0.0,0.0,0.0
2026-01-12 23:00:00,0.0,0.0,0.0,0.0,0.0,0.0,0.0,0.0,0.0,0.0,0.0,0.0,0.0,0.0
2026-01-13 00:00:00,0.0,0.0,0.0,0.0,0.0,0.0,0.0,0.0,0.0,0.0,0.0,0.0,0.0,0.0
2026-01-13 01:00:00,0.0,0.0,0.0,0.0,0.0,0.0,0.0,0.0,0.0,0.0,0.0,0.0,0.0,0.0
2026-01-13 02:00:00,0.0,0.0,0.0,0.0,0.0,0.0,0.0,0.0,0.0,0.0,0.0,0.0,0.0,0.0
2026-01-13 03:00:00,0.0,0.0,0.0,0.0,0.0,0.0,0.0,0.0,0.0,0.0,0.21998807343209553,0.0,0.0,0.0
2026-01-13 04:00:00,0.0,0.0,0.0,0.0,0.0,0.0,0.0,0.0,0.0,0.0,0.11242502400000001,0.0,0.0,0.0
2026-01-13 05:00:00,0.22478876519573057,0.0,0.505912608,0.0,0.0,0.0,0.0,0.0,0.0,0.0,0.2545163407908353,0.0,0.0,0.0
2026-01-13 06:00:00,0.11242502400000001,0.16908033538026948,0.2599509436098379,0.41789125184242076,0.23628887455709813,0.0,0.0,0.0,0.0,0.17480575660444758,0.16117715769307087,0.1476985317407912,0.0,0.0
2026-01-13 07:00:00,0.2707621508435815,0.4658662267198152,0.4630917999765076,0.4499522802526712,0.31509948985858066,0.21399021015248124,0.1936063382321529,0.43374076164366,0.11242502400000001,0.5006955476073784,0.2641541834299222,0.25640891757811607,0.17932752584254347,0.2646294324559778
2026-01-13 08:00:00,0.30191412796583617,0.3393476952077281,0.3264280155049875,0.11242502400000001,0.36959774821420743,0.11242502400000001,0.3352211277373652,0.4387548408429405,0.14301464367527883,0.3816788864025119,0.332023368094356,0.4232868792209028,0.18861114753180777,0.287306281906895
2026-01-13 09:00:00,0.3820612607198422,0.20672047217770645,0.4215088495368635,0.3360186515469776,0.5024144715983233,0.24232824603070244,0.11242502400000001,0.18407991323559175,0.11242502400000001,0.24696056625272148,0.505912608,0.24938033632860712,0.17349342792622488,0.38026684799941035
2026-01-13 10:00:00,0.377572675233088,0.11242502400000001,0.262905673988124,0.27685410083314926,0.11242502400000001,0.299925188783463,0.1937787042523657,0.3373950473286238,0.2652508594737732,0.4883810180624165,0.29064925496917915,0.32520053847840924,0.3829754984561298,0.36516106439460044
2026-01-13 11:00:00,0.11242502400000001,0.505912608,0.11242502400000001,0.15360767015918392,0.4794269724038483,0.25538043967239255,0.30010101581437865,0.2586876425496641,0.11242502400000001,0.11242502400000001,0.3885225539595383,0.11242502400000001,0.505912608,0.182469170039396
2026-01-13 12:00:00,0.0,0.0,0.0,0.0,0.505912608,0.0,0.0,0.0,0.2291879289285916,0.0,0.0,0.0,0.0,0.505912608
2026-01-13 13:00:00,0.11242502400000001,0.0,0.14634136492560562,0.2709010973267098,0.49808209202146947,0.11242502400000001,0.11242502400000001,0.38418084489691184,0.255105693242642,0.11242502400000001,0.0,0.11242502400000001,0.0,0.4681531428802868
2026-01-13 14:00:00,0.2948934394378047,0.34918278605274533,0.2880007380993392,0.41520442300185995,0.3486160489643667,0.2702641694886847,0.2168183569639808,0.1568375906123666,0.30364472690324174,0.16078689224062875,0.38353717450402736,0.14264864824762227,0.3106529779381696,0.505912608
2026-01-13 15:00:00,0.2947017191618592,0.11242502400000001,0.1443713602843657,0.1849899912696458,0.17762003738823576,0.30827027249835026,0.15025084810205672,0.11242502400000001,0.27109810580997096,0.27913179998122334,0.2962818760393051,0.11242502400000001,0.30143327658090663,0.4984525178422535
2026-01-13 16:00:00,0.29489534527444916,0.373385723272372,0.2188311885962745,0.1736976731571825,0.505912608,0.32398854455770787,0.3322725191197661,0.40009428869927216,0.2961612571048861,0.11242502400000001,0.4431513890671356,0.4107222870942749,0.11242502400000001,0.3070161905841919
2026-01-13 17:00:00,0.505912608,0.11242502400000001,0.11242502400000001,0.23028989608035688,0.29337105196537827,0.17590429983758057,0.505912608,0.2010967054881342,0.505912608,0.14369575221642014,0.505912608,0.37936155301510927,0.4034643326113029,0.11242502400000001
2026-01-13 18:00:00,0.0,0.11242502400000001,0.11242502400000001,0.27718512706598525,0.0,0.48949073628388207,0.24840622061927697,0.4503073713058809,0.11242502400000001,0.23329309905839646,0.48182066703638626,0.24249503907649797,0.246496016307746,0.30564257952511215
2026-01-13 19:00:00,0.0,0.0,0.32079923482178635,0.35862639586079686,0.0,0.0,0.11242502400000001,0.0,0.0,0.3506485394913798,0.0,0.0,0.0,0.0
2026-01-13 20:00:00,0.0,0.0,0.0,0.0,0.0,0.0,0.0,0.0,0.0,0.0,0.0,0.0,0.0,0.0
2026-01-13 21:00:00,0.0,0.0,0.0,0.0,0.0,0.0,0.0,0.0,0.0,0.0,0.0,0.0,0.0,0.0
2026-01-13 22:00:00,0.0,0.0,0.0,0.0,0.0,0.0,0.0,0.0,0.0,0.0,0.0,0.0,0.0,0.0
2026-01-13 23:00:00,0.0,0.0,0.0,0.0,0.0,0.0,0.0,0.0,0.0,0.0,0.0,0.0,0.0,0.0
2026-01-14 00:00:00,0.0,0.0,0.0,0.0,0.0,0.0,0.0,0.0,0.0,0.0,0.0,0.0,0.0,0.0
2026-01-14 01:00:00,0.0,0.0,0.0,0.0,0.0,0.0,0.0,0.0,0.0,0.0,0.0,0.0,0.0,0.0
2026-01-14 02:00:00,0.0,0.0,0.0,0.0,0.0,0.0,0.0,0.0,0.0,0.0,0.0,0.0,0.0,0.0
2026-01-14 03:00:00,0.0,0.0,0.0,0.0,0.0,0.0,0.0,0.0,0.0,0.0,0.0,0.0,0.0,0.0
2026-01-14 04:00:00,0.0,0.0,0.0,0.0,0.0,0.0,0.0,0.0,0.0,0.0,0.0,0.0,0.0,0.0
2026-01-14 05:00:00,0.0,0.0,0.0,0.0,0.2054759473436238,0.2929179772708169,0.0,0.0,0.0,0.0,0.0,0.0,0.0,0.0
2026-01-14 06:00:00,0.0,0.0,0.11024750000000001,0.11024750000000001,0.4317941758633032,0.12173593603010374,0.18795634437471104,0.0,0.0,0.4848521624138387,0.0,0.3459342468711747,0.2785695292756894,0.0
2026-01-14 07:00:00,0.32589083672109254,0.0,0.19067582426138588,0.4961137500000001,0.12403968681337918,0.27090645130803603,0.19790411273668443,0.11024750000000001,0.0,0.3944429787421705,0.0,0.1127671814044449,0.20416680794539974,0.0
2026-01-14 08:00:00,0.11024750000000001,0.18256637984237792,0.3198790657040035,0.3695220065174791,0.44763825938033275,0.3678429739470894,0.11024750000000001,0.11024750000000001,0.11024750000000001,0.4133603495765582,0.4961137500000001,0.26849847902251295,0.23418416171573123,0.3222778560809827
2026-01-14 09:00:00,0.17603687999193315,0.4257490596022258,0.30678373975255036,0.14402745330178834,0.1528445094780754,0.3426793034412673,0.444145042373113,0.11024750000000001,0.4014620603396431,0.35744026349284097,0.22987410133591446,0.11024750000000001,0.3201130820298248,0.11024750000000001
2026-01-14 10:00:00,0.13863388928587042,0.2484097270411235,0.24002794347908527,0.36583115398044963,0.42377373328736084,0.1639624647412468,0.2752389709151521,0.11024750000000001,0.11024750000000001,0.11024750000000001,0.2965770355455977,0.2003844670198032,0.39991858011197007,0.16982934546651396
2026-01-14 11:00:00,0.22399626218342128,0.11024750000000001,0.38078591126344324,0.17670264768729332,0.4961137500000001,0.1691677387402514,0.24849946364691322,0.33266361162931,0.2421600004315429,0.30090996052713936,0.33092459492383147,0.4896250042613487,0.18494903971632373,0.4680111300522449
2026-01-14 12:00:00,0.4961137500000001,0.26222757605237856,0.4053639314803515,0.0,0.0,0.3247408717984583,0.34647418953153813,0.11024750000000001,0.0,0.11024750000000001,0.2714362307854468,0.0,0.0,0.0
2026-01-14 13:00:00,0.0,0.15433710774026563,0.0,0.3375461130992449,0.4155142760235869,0.0,0.0,0.3334998826980168,0.11024750000000001,0.0,0.2778106199159118,0.12260819155900787,0.35325613832560077,0.0
2026-01-14 14:00:00,0.11024750000000001,0.15425641528379552,0.14173275228271512,0.2168403118175546,0.1859143543098244,0.4960436597529046,0.2547505183959461,0.1778943113140904,0.17280584261091125,0.11024750000000001,0.3429068557090726,0.23393588170119287,0.11024750000000001,0.24440971849834855
2026-01-14 15:00:00,0.31494901201179887,0.4245646913721558,0.23310394054972983,0.2175824559894293,0.11024750000000001,0.4961137500000001,0.21027871157245254,0.33344967436206907,0.20053323962424413,0.14883717166599453,0.18991928099477737,0.4961137500000001,0.3020666066963979,0.2605572218713876
2026-01-14 16:00:00,0.11024750000000001,0.2531419470209633,0.4961137500000001,0.32609274262874915,0.2565277092970231,0.4961137500000001,0.24434689776043625,0.15573087545287037,0.46523296506752077,0.17750081015781702,0.32476866449096775,0.2533474679569017,0.11024750000000001,0.3399938958011409
2026-01-14 17:00:00,0.14065519407000793,0.2033217387484287,0.19632128706774643,0.21604057322898795,0.19556216536465193,0.11024750000000001,0.25002508889902486,0.3684466021162769,0.4262239425138081,0.40378930752263165,0.2906589010440948,0.4961137500000001,0.1902428490197543,0.18693661327830127
2026-01-14 18:00:00,0.375549020481953,0.15139232108761858,0.3750096326817205,0.22493456603431716,0.484562606027181,0.0,0.2837762595909445,0.3978642001802526,0.0,0.11024750000000001,0.40018606749675256,0.27850746998805004,0.24985236798347282,0.37843871199778395
2026-01-14 19:00:00,0.2213485610681349,0.0,0.0,0.0,0.13430219540843644,0.0,0.0,0.19888464685956672,0.0,0.38136346972352775,0.0,0.0,0.0,0.0
2026-01-14 20:00:00,0.0,0.0,0.0,0.0,0.0,0.0,0.0,0.0,0.0,0.0,0.0,0.0,0.0,0.0
2026-01-14 21:00:00,0.0,0.0,0.0,0.0,0.0,0.0,0.0,0.0,0.0,0.0,0.0,0.0,0.0,0.0
2026-01-14 22:00:00,0.0,0.0,0.0,0.0,0.0,0.0,0.0,0.0,0.0,0.0,0.0,0.0,0.0,0.0
2026-01-14 23:00:00,0.0,0.0,0.0,0.0,0.0,0.0,0.0,0.0,0.0,0.0,0.0,0.0,0.0,0.0
