date,Consumption_kWh_Vehicle_0,Consumption_kWh_Vehicle_1,Consumption_kWh_Vehicle_10,Consumption_kWh_Vehicle_11,Consumption_kWh_Vehicle_12,Consumption_kWh_Vehicle_13,Consumption_kWh_Vehicle_2,Consumption_kWh_Vehicle_3,Consumption_kWh_Vehicle_4,Consumption_kWh_Vehicle_5,Consumption_kWh_Vehicle_6,Consumption_kWh_Vehicle_7,Consumption_kWh_Vehicle_8,Consumption_kWh_Vehicle_9
2026-01-01 00:00:00,0.0,0.0,0.0,0.0,0.0,0.0,0.0,0.0,0.0,0.0,0.0,0.0,0.0,0.0
2026-01-01 01:00:00,0.0,0.0,0.0,0.0,0.0,0.0,0.0,0.0,0.0,0.0,0.0,0.0,0.0,0.0
2026-01-01 02:00:00,0.0,0.0,0.0,0.0,0.0,0.0,0.0,0.0,0.0,0.0,0.0,0.0,0.0,0.0
2026-01-01 03:00:00,0.0,0.0,0.0,0.0,0.0,0.0,0.0,0.0,0.0,0.0,0.0,0.0,0.0,0.0
2026-01-01 04:00:00,0.0,0.0,0.0,0.0,0.0,0.0,0.0,0.0,0.0,0.0,0.0,0.0,0.0,0.0
2026-01-01 05:00:00,0.0,0.0,2.566491246878698,0.0,0.0,0.0,0.0,1.7969071457165238,0.0,0.0,0.0,0.0,0.0,0.0
2026-01-01 06:00:00,0.0,1.6678246193769914,1.9103789238302027,2.6137366451148227,2.731528386358882,1.561826742580698,0.0,2.6550845383672224,0.0,0.0,0.6608106118237435,0.0,3.0156735604485516,0.0
2026-01-01 07:00:00,1.3138556125604879,1.723875973616315,2.651237186655889,1.6591416526204108,3.0979834419415764,1.1418638060032276,2.0710139943766266,2.6209835351421473,2.0998799684029814,1.3805877512927829,2.283550473292939,0.0,1.2109606622565663,2.1561252891816176
2026-01-01 08:00:00,3.3458967828745734,0.6799683970760864,1.3710722864772023,1.5381842739403617,3.956268180850546,2.37436255557135,1.2414267664512473,1.8417618732286585,1.245796365523728,0.5664886392320001,2.837939992878039,2.913328005332466,1.5435671569263432,0.7784886958328081
2026-01-01 09:00:00,2.4362176257220076,1.1990020623330881,2.759115974244995,2.6137366451148227,2.459222933187195,1.3589736791181146,2.1558074581656856,0.7369437700074684,1.4651283247711844,0.6094245817566591,1.4681524237295476,0.9811424445427324,1.1501769989768502,3.292294221682349
2026-01-01 10:00:00,1.0501363059607964,1.5800588531834863,2.7225020930585986,0.5808303655810718,3.956268180850546,1.0362348311171272,2.4944869472285642,0.7369437700074684,0.591118580068174,1.4011092668440095,0.6608106118237435,3.946319465154499,1.9881529195165728,1.6198699611465313
2026-01-01 11:00:00,2.184222877563508,0.6799683970760864,2.12236937295228,1.374008064172575,3.2986727474824167,1.6701261232204863,3.3570824474918286,2.1998538342392617,1.6052886585039274,1.8296942818981394,2.303193265861932,3.1274243638050305,3.1695567122020534,2.529022400217223
2026-01-01 12:00:00,0.0,0.0,2.079653333018271,1.2721052126235248,0.0,0.0,1.2327910251831324,0.0,1.2105538939750782,1.66611261049258,0.0,1.8761450060175362,2.5835979585005466,1.2970059888638168
2026-01-01 13:00:00,0.0,0.7419912546782857,0.0,2.644396731037547,4.282996631740898,3.520105601279866,0.0,3.118789864181463,1.3379383099273048,0.0,1.7550425000734389,3.6204482753942036,1.5654590534699055,2.63462012756267
2026-01-01 14:00:00,0.7653583538283393,1.6923877772672515,4.049695074159653,1.7213229900397051,2.554263095258314,4.857350770861535,0.6863368559316627,2.6922321975286505,1.537740413114806,1.3369768299248104,1.6881165655253376,2.1276014797355423,2.5146968632548568,1.4021733685320452
2026-01-01 15:00:00,0.7634821869702646,0.6799683970760864,2.507738149562835,2.8147933101236555,3.123114374439711,3.1471119255075535,0.6863368559316627,1.0988450411755768,0.6553211793785626,0.46881818419200016,2.422863820957999,2.911097305656489,1.703976365238617,3.3630711659977304
2026-01-01 16:00:00,1.337752702486902,0.8311752879530512,2.703696374407984,2.3689093090456512,1.8718266670037784,3.54533332824732,1.4823291473114408,2.395270937756968,0.5035454570951112,0.756225547816341,2.7357559329502976,2.367033856079328,2.0354705826820507,1.9559556695448037
2026-01-01 17:00:00,0.5944831726731219,0.9843850055247251,2.664172002046844,1.2554706167535568,2.455652972048188,4.309024689720893,2.101805036068149,4.054109209329984,1.9369513467715824,0.5845284706148611,0.6695640313676308,1.2854071029726901,2.631696396861329,2.1764520429171226
2026-01-01 18:00:00,0.5944831726731219,2.397531541363181,2.680584601336053,2.1947242209470765,2.515106597044974,3.3797897309789797,1.5273862206355044,1.7006876794878827,1.0416827939377105,1.4793429099684359,0.6886738009476735,0.8045440611987119,0.8098512380005871,2.0234002369143087
2026-01-01 19:00:00,0.6851284940614278,2.1153678701866747,0.0,0.6255096244719235,0.0,0.0,0.6863368559316627,0.0,1.9688258724558305,0.46881818419200016,0.0,0.0,2.120956256160148,3.3630711659977304
2026-01-01 20:00:00,0.5944831726731219,0.0,0.0,0.0,0.0,0.0,0.0,0.0,0.0,1.2524896741699427,0.0,0.0,3.337221754204058,0.0
2026-01-01 21:00:00,0.0,0.0,0.0,0.0,0.0,0.0,0.0,0.0,0.0,0.0,0.0,0.0,0.0,0.0
2026-01-01 22:00:00,0.0,0.0,0.0,0.0,0.0,0.0,0.0,0.0,0.0,0.0,0.0,0.0,0.0,0.0
2026-01-01 23:00:00,0.0,0.0,0.0,0.0,0.0,0.0,0.0,0.0,0.0,0.0,0.0,0.0,0.0,0.0
2026-01-02 00:00:00,0.0,0.0,0.0,0.0,0.0,0.0,0.0,0.0,0.0,0.0,0.0,0.0,0.0,0.0
2026-01-02 01:00:00,0.0,0.0,0.0,0.0,0.0,0.0,0.0,0.0,0.0,0.0,0.0,0.0,0.0,0.0
2026-01-02 02:00:00,0.0,0.0,0.0,0.0,0.0,0.0,0.0,0.0,0.0,0.0,0.0,0.0,0.0,0.0
2026-01-02 03:00:00,0.0,0.0,0.0,0.0,0.0,0.0,0.0,0.0,0.0,0.0,0.0,0.0,0.0,0.0
2026-01-02 04:00:00,0.0,0.0,0.0,0.0,0.0,0.0,0.0,0.0,0.0,0.0,0.0,0.0,0.0,0.0
2026-01-02 05:00:00,0.0,0.9936303576053459,3.904706876768878,2.5343397957785028,0.0,0.0,0.0,0.0,0.0,0.7910644704085208,0.0,0.0,0.0,0.0
2026-01-02 06:00:00,0.0,1.88770093997439,3.426373093972424,1.4948512847746733,0.0,1.1103036432203703,0.0,2.184523397429379,0.0,1.2158530002685513,0.0,1.1577685232005488,0.0,1.3795007389272842
2026-01-02 07:00:00,1.719417401773742,0.6554918407603298,0.867712639281973,2.5929404957014586,0.0,1.7103543176667173,0.0,0.7699806402436138,1.2562414371944872,0.7910644704085208,0.67232184,2.132962664687921,0.0,4.6718983669671035
2026-01-02 08:00:00,0.8545064657799749,1.2098440382680231,1.888263328459625,0.6617639362841415,1.817233583071511,2.85394204201715,4.613457604687874,2.851614941925964,3.033841944789346,0.7910644704085208,0.67232184,2.77332759,3.229380003667429,3.5098964715521954
2026-01-02 09:00:00,1.0056836826743885,1.456112846718411,0.911987459605782,2.299243558797084,3.0591401650557386,1.5236581438444172,1.2591941622266374,1.6328030316896778,4.149430746568013,0.7910644704085208,1.0830890493631096,1.803698275605809,3.2269806860638046,4.821225690162132
2026-01-02 10:00:00,1.7700326699951627,2.5209418849895338,3.680405916864384,1.4648140542215136,1.2937298353892828,1.3485458520900242,1.2591941622266374,0.755895345248433,2.4229827465669818,1.8869743428208803,1.8303369586430744,1.829169044602022,1.13481141072314,1.0713834867026961
2026-01-02 11:00:00,0.8545064657799749,1.6300333312460178,3.904706876768878,0.9765417216507009,3.628202032319305,1.3248490974682445,3.8536380910421952,0.755895345248433,2.317610925350948,0.9744185221574859,1.6799366994624596,2.617498620060127,3.902690042410936,3.059841307509723
2026-01-02 12:00:00,0.0,0.0,0.0,0.0,0.0,0.0,0.0,2.1268506526001922,0.0,0.0,0.0,0.0,0.0,0.0
2026-01-02 13:00:00,1.4753250252204793,0.9821840887915464,4.555491356230358,1.3659091408251447,2.146916714622221,3.11343062487486,0.0,0.0,3.6014795624042835,0.0,0.0,0.0,0.0,1.234574734065106
2026-01-02 14:00:00,0.66714407423307,0.5041883769979068,2.2415327362430815,1.0510562942396824,0.7395540240000001,1.2354827807642987,1.070315037892642,2.2755458905129866,1.1420376701768065,3.3784947963449463,1.6537931997240534,1.5742312229986752,3.282847295306226,3.9982159004221836
2026-01-02 15:00:00,0.9228790203842104,1.9060599166859158,2.3362515105414103,0.7130758403168224,2.362525035147892,3.604979421495348,4.816417670516889,3.0006468339140415,1.2966783837488165,3.2707911364177193,0.7784779200000002,2.9555986667413645,1.3515900540381023,1.2111291588813085
2026-01-02 16:00:00,0.6662600815886788,2.2688476964905804,2.3018599216073303,0.6389444902053781,1.7508626172703754,0.8011065381100774,1.2231045091984878,0.8503822634044871,1.1420376701768065,3.838484790850865,3.3896410306020766,1.1315730611056551,1.9562206155806772,3.52503224108596
2026-01-02 17:00:00,2.697591844441327,0.5041883769979068,2.471070735143869,1.8132811729749334,1.7056093008284137,3.154365845757334,2.0392745088165474,0.8503822634044871,1.246700692798252,1.2744927578803946,0.7784779200000002,1.2416883771305545,1.826453491624974,3.4707368514822146
2026-01-02 18:00:00,1.1531613914939476,1.8156000230955358,1.3997119446066568,0.6389444902053781,0.0,0.0,2.3451084711259886,2.3703721793962282,3.376115936492397,0.0,0.7784779200000002,1.1964389382273697,1.863232987294687,1.8245606741264146
2026-01-02 19:00:00,0.6064239434567563,0.5041883769979068,0.0,1.0237211813806237,0.0,0.0,0.0,1.9053396988052922,0.0,0.0,0.0,0.0,2.690238073499189,0.0
2026-01-02 20:00:00,1.845210889887665,0.819824913471908,0.0,0.0,0.0,0.0,0.0,0.0,0.0,0.0,0.0,0.0,2.227752252162694,0.0
2026-01-02 21:00:00,0.0,0.0,0.0,0.0,0.0,0.0,0.0,0.0,0.0,0.0,0.0,0.0,0.0,0.0
2026-01-02 22:00:00,0.0,0.0,0.0,0.0,0.0,0.0,0.0,0.0,0.0,0.0,0.0,0.0,0.0,0.0
2026-01-02 23:00:00,0.0,0.0,0.0,0.0,0.0,0.0,0.0,0.0,0.0,0.0,0.0,0.0,0.0,0.0
2026-01-03 00:00:00,0.0,0.0,0.0,0.0,0.0,0.0,0.0,0.0,0.0,0.0,0.0,0.0,0.0,0.0
2026-01-03 01:00:00,0.0,0.0,0.0,0.0,0.0,0.0,0.0,0.0,0.0,0.0,0.0,0.0,0.0,0.0
2026-01-03 02:00:00,0.0,0.0,0.0,0.0,0.0,0.0,0.0,0.0,0.0,0.0,0.0,0.0,0.0,0.0
2026-01-03 03:00:00,0.0,0.0,0.0,0.0,0.0,0.0,0.0,0.0,0.0,0.0,0.0,0.0,0.0,0.0
2026-01-03 04:00:00,0.0,0.0,0.0,0.0,0.0,0.0,0.0,0.0,0.0,0.0,0.0,0.0,0.0,0.0
2026-01-03 05:00:00,0.0,0.0,0.0,0.0,0.0,0.0,0.0,0.0,0.0,0.0,0.0,0.0,0.0,0.0
2026-01-03 06:00:00,0.0,0.0,0.0,0.0,0.0,0.0,0.0,0.0,0.0,0.0,0.0,0.0,0.0,0.0
2026-01-03 07:00:00,0.0,0.0,0.0,0.0,0.0,0.0,0.0,0.0,0.0,0.0,0.0,0.0,0.0,0.0
2026-01-03 08:00:00,2.498896815244736,0.0,0.0,3.044079985197201,0.0,0.0,0.0,0.0,0.0,0.0,0.0,0.0,0.0,0.0
2026-01-03 09:00:00,1.8382532240744969,4.153303478162053,0.0,2.6586445922073585,0.0,0.0,2.1388744273558684,0.0,0.0,1.145840079526878,3.148241182889354,0.0,0.0,4.1935066929805265
2026-01-03 10:00:00,1.5038920495002384,5.758093561019563,5.285579871216416,2.5415967348081288,5.051734237111267,3.3477827194549388,1.3404117729992302,1.209049010004,1.612065346672,3.063982796275283,4.508309087798685,1.4508588120048,0.0,4.078179232718474
2026-01-03 11:00:00,1.2878449718821563,4.172234815834296,2.5385123307364177,1.5601067854189057,2.670325793669731,1.862215353009863,3.962189440824342,2.2740006068416028,4.043825880310473,3.578373721954271,4.540885656249825,4.137168772363987,4.3717274425429595,3.7521026198707244
2026-01-03 12:00:00,0.0,4.462698800831059,0.0,2.623596467224192,0.0,4.269573865251075,0.0,1.209049010004,0.0,1.145840079526878,0.0,0.0,3.1943893515343245,0.0
2026-01-03 13:00:00,0.6308081791325216,3.9878530644730428,1.5903536880888836,0.0,1.758576421098688,0.0,0.0,0.604524505002,0.0,1.4502186573504727,2.4103604720141445,1.2857191580214973,0.0,0.0
2026-01-03 14:00:00,0.6308081791325216,2.062403079609594,2.147325018428868,2.3018565446376313,0.7649508405284708,2.3815281773483403,0.6702058864996151,1.269080025299498,0.6594812781839999,0.6974678744946213,0.6063769392576447,2.6015514054156834,1.254613585065536,0.8300050443149495
2026-01-03 15:00:00,0.8145172325008053,1.1686298361380414,1.8035416955885668,0.7259226180160405,2.2640879712155493,0.6775861647979785,1.192504513529794,2.7203602725089997,0.6594812781839999,0.9057811892200547,0.5580226200018461,2.8386368060963476,2.225925332116415,1.4537656538580768
2026-01-03 16:00:00,2.121390142100324,0.8861895698828984,2.61154586160864,2.7203602725089997,2.4230370506529426,1.9631616860317127,2.2694314744357476,0.604524505002,1.0265882491448288,2.153703354920592,1.1600584754445997,1.8783516625906287,2.851373418955206,1.603197402398493
2026-01-03 17:00:00,1.5070253195529035,1.1902688197680973,2.034797732307316,2.7203602725089997,2.0179412984446388,1.5318826125746812,2.036865440078595,1.4450118589139367,1.322429510466509,0.6974678744946213,1.9465759799114772,2.0459961005278595,1.6367251596120422,2.1939176096419475
2026-01-03 18:00:00,0.6308081791325216,0.8861895698828984,0.6227253889126709,0.7113398238711344,2.102725454236058,1.1845845401865522,0.859296341439415,0.7264366336909387,0.6594812781839999,2.017825622888771,1.476859788660035,0.6308081791325216,0.6594812781839999,1.9280110313211143
2026-01-03 19:00:00,0.0,0.0,0.0,1.2572682179944905,0.0,0.0,1.1700357714144076,0.0,0.0,0.0,2.120158149545857,0.0,0.0,0.8726410421771491
2026-01-03 20:00:00,0.0,0.0,0.0,0.0,0.0,0.0,0.0,0.0,0.0,0.0,0.0,0.0,0.0,0.0
2026-01-03 21:00:00,0.0,0.0,0.0,0.0,0.0,0.0,0.0,0.0,0.0,0.0,0.0,0.0,0.0,0.0
2026-01-03 22:00:00,0.0,0.0,0.0,0.0,0.0,0.0,0.0,0.0,0.0,0.0,0.0,0.0,0.0,0.0
2026-01-03 23:00:00,0.0,0.0,0.0,0.0,0.0,0.0,0.0,0.0,0.0,0.0,0.0,0.0,0.0,0.0
2026-01-04 00:00:00,0.0,0.0,0.0,0.0,0.0,0.0,0.0,0.0,0.0,0.0,0.0,0.0,0.0,0.0
2026-01-04 01:00:00,0.0,0.0,0.0,0.0,0.0,0.0,0.0,0.0,0.0,0.0,0.0,0.0,0.0,0.0
2026-01-04 02:00:00,0.0,0.0,0.0,0.0,0.0,0.0,0.0,0.0,0.0,0.0,0.0,0.0,0.0,0.0
2026-01-04 03:00:00,0.0,0.0,0.0,0.0,0.0,0.0,0.0,0.0,0.0,0.0,0.0,0.0,0.0,0.0
2026-01-04 04:00:00,0.0,0.0,0.0,0.0,0.0,0.0,0.0,0.0,0.0,0.0,0.0,0.0,0.0,0.0
2026-01-04 05:00:00,0.0,0.0,0.0,0.0,0.0,0.0,0.0,0.0,0.0,0.0,0.0,0.0,0.0,0.0
2026-01-04 06:00:00,0.0,0.0,0.0,0.0,0.0,0.0,0.0,0.0,0.0,0.0,0.0,0.0,0.0,0.0
2026-01-04 07:00:00,0.0,0.0,0.0,0.0,0.0,0.0,0.0,0.0,0.0,0.0,0.0,0.0,0.0,0.0
2026-01-04 08:00:00,0.0,0.0,0.0,0.0,0.0,0.0,0.0,0.0,0.0,0.0,0.0,0.0,3.3287960613520884,0.0
2026-01-04 09:00:00,0.0,1.3050301525,1.1185972735714287,4.732951841163815,0.0,2.4984672386031495,2.9987671683804447,5.157226500313699,0.0,1.4236692572727272,0.0,0.0,0.9211977547058825,5.872635686250001
2026-01-04 10:00:00,5.801382488559295,2.5864127926749734,5.033687731071429,5.5057355441776945,2.4214799037647383,6.406511657727274,5.55786923913675,1.2917450372364914,1.9575452287500001,1.4236692572727272,0.0,4.074746848914811,1.8892936918938912,5.467129624065549
2026-01-04 11:00:00,1.817932841309534,1.5294731478879031,1.1185972735714287,3.6523451105925964,3.7557299207863766,4.2179023767975234,4.138273387257456,3.3906339694508056,5.467789407944782,2.8012999704444805,11.403411421718216,1.3050301525,3.7598846141222184,5.872635686250001
2026-01-04 12:00:00,0.0,0.0,0.0,0.0,0.0,0.0,0.0,0.0,0.0,0.0,0.0,5.40571342680109,0.0,0.0
2026-01-04 13:00:00,1.0473566329885777,2.2946431051072906,2.4808321114037644,0.8673453984868817,1.7930003668386714,2.0430511857881775,0.6264144732,1.645267589704523,1.0276165836536242,2.3224041660974075,1.1420656576838575,2.710447239807692,0.0,2.166926910502377
2026-01-04 14:00:00,1.6586361851267435,2.739767928533609,0.65251507625,2.228271950183906,2.8420353684787782,0.9320218916880523,0.6264144732,0.6236010524589958,1.305668855702627,0.775309277280326,2.2967996147842373,2.1525376563546614,0.9757113300476566,0.6262269937156023
2026-01-04 15:00:00,2.2735481333201855,1.4998272268875872,2.9363178431250003,2.9610356744108945,3.1399869061500096,0.827212710273222,0.6264144732,0.6236010524589958,0.9626733726855388,0.65251507625,1.3180568954761256,1.9445265546773043,0.7830180915000001,0.9454370005207369
2026-01-04 16:00:00,0.8851425263767746,0.7118346286363636,2.8688970374719065,3.6910266749042058,0.7651396389978482,2.487587390123221,0.9339973982423253,0.6236010524589958,0.5592986367857143,0.65251507625,0.5800134011111112,2.5174972622121574,0.8851994153767213,0.6902796836402847
2026-01-04 17:00:00,1.1652778185586308,2.211870720248833,1.4070474053532185,0.9874270846213424,0.7798496016498597,1.0904794366817459,1.5526831465591635,0.6672439886678463,1.2262981633571968,1.5851808502574207,0.8559323654128683,2.138210724890549,2.370664813300555,2.2022383823437504
2026-01-04 18:00:00,0.6992049389652054,1.019885974868912,1.806569182335219,1.461088155241994,2.8681007768416147,1.5259296170416712,0.6264144732,2.0803271532735725,2.2454688529945597,1.8348571095515174,2.610060305,0.9439469374032483,3.5235814117500004,2.2022383823437504
2026-01-04 19:00:00,0.6992049389652054,0.0,0.0,0.0,0.0,0.0,2.8188651294000002,1.4922126287843656,0.5592986367857143,0.0,2.610060305,1.0487656943254873,0.0,1.8741933096802448
2026-01-04 20:00:00,0.0,0.0,0.0,0.0,0.0,0.0,0.0,0.0,0.0,0.0,0.0,0.0,0.0,1.9007718801037605
2026-01-04 21:00:00,0.0,0.0,0.0,0.0,0.0,0.0,0.0,0.0,0.0,0.0,0.0,0.0,0.0,0.0
2026-01-04 22:00:00,0.0,0.0,0.0,0.0,0.0,0.0,0.0,0.0,0.0,0.0,0.0,0.0,0.0,0.0
2026-01-04 23:00:00,0.0,0.0,0.0,0.0,0.0,0.0,0.0,0.0,0.0,0.0,0.0,0.0,0.0,0.0
2026-01-05 00:00:00,0.0,0.0,0.0,0.0,0.0,0.0,0.0,0.0,0.0,0.0,0.0,0.0,0.0,0.0
2026-01-05 01:00:00,0.0,0.0,0.0,0.0,0.0,0.0,0.0,0.0,0.0,0.0,0.0,0.0,0.0,0.0
2026-01-05 02:00:00,0.0,0.0,0.0,0.0,0.0,0.0,0.0,0.0,0.0,0.0,0.0,0.0,0.0,0.0
2026-01-05 03:00:00,0.0,0.0,0.0,0.0,0.0,0.0,0.0,0.0,0.0,0.0,0.0,0.0,0.0,0.0
2026-01-05 04:00:00,0.0,0.0,0.0,0.0,0.0,0.0,0.0,0.0,0.0,0.0,0.0,0.0,0.0,0.0
2026-01-05 05:00:00,0.0,0.0,0.0,0.0,0.0,0.0,0.0,0.0,0.0,3.733748256008981,0.0,0.0,0.0,0.0
2026-01-05 06:00:00,0.0,0.0,0.0,0.0,0.0,0.0,0.0,0.7416161937001364,0.0,2.3663851550435715,0.0,1.3177888562923505,1.9361962159401864,1.9344337863438759
2026-01-05 07:00:00,1.0265056867309303,4.072172927240002,1.4410014898476324,1.3108062326419878,1.3822291008095207,1.3143747247323896,1.3037055509978266,1.6851658942670003,0.0,2.0647241737450206,0.0,1.7269660442058563,2.014496240982089,0.5885748382099201
2026-01-05 08:00:00,2.3833402117874534,2.7571327797233334,0.8132178641761799,2.92941193568588,4.485130253594158,2.2001689693503517,2.8856792138320544,2.974519003183297,4.607594879972137,1.4186345237213658,2.9638458210509775,2.523880959281488,3.5300167227475043,1.4820603287402436
2026-01-05 09:00:00,3.9695128055596975,4.135617260076323,2.871355705502784,1.3595715635864283,1.631511881461756,2.1309706067729373,2.3559862164702836,1.856429573904786,1.2238462880671763,1.9524235966186239,1.2637270471738575,0.5608624353958862,3.500069294818459,1.4418385163554168
2026-01-05 10:00:00,1.8478649842090742,4.175144189884228,3.062215377551692,1.9915087266713192,2.044341062303147,1.3239629564307638,2.771900734595842,0.9833163081021836,3.6992757368491285,0.9807326850796974,2.284283001188528,1.0541093352086905,1.919866212436194,1.6070992529153798
2026-01-05 11:00:00,4.005380531845174,2.154117999505014,2.091400014004803,1.9605552968041522,3.4968586857202655,2.6056500876638546,2.0504126393146285,2.1993195032202144,4.968521877644142,2.2866573165179678,5.686771712282359,1.6297861096030133,2.4803890628807594,2.5172273519141837
2026-01-05 12:00:00,0.9875835048977767,0.0,0.0,0.0,0.0,0.0,0.0,0.0,0.0,1.834753019247825,0.0,2.523880959281488,0.0,0.0
2026-01-05 13:00:00,2.278993063662588,1.9028858987076167,3.6594803887928093,1.6494617216926182,3.961600589091063,0.0,0.0,0.9367783499370145,0.9577927471830077,5.710059262113546,4.821836622188479,2.407022692922259,2.2456994628077074,0.0
2026-01-05 14:00:00,1.5274859895378003,0.8779688242177232,3.6594803887928093,1.3052950916779733,2.786496625803309,1.1341141507428623,1.0821127246487225,1.9432517340336437,1.0570759063088877,2.368441530942168,3.8279504871565218,1.718124132185031,1.763821387670289,1.414012167731289
2026-01-05 15:00:00,1.1326836755230625,1.7502683421152314,3.6594803887928093,1.234620095743153,1.0015281566807293,3.672098455604185,3.2981296039640515,0.9367783499370145,0.9577927471830077,3.9822684741590377,3.0465904058442974,1.420677233152431,2.0365195177538458,1.2103065571697447
2026-01-05 16:00:00,1.532306509270806,0.8779688242177232,2.2407534638193907,1.2768792656122163,4.121072788456699,3.4834322336978336,2.4438024120719817,0.9367783499370145,1.979022476940131,1.3373627523814056,5.119334942728483,1.0770222400292708,2.1409460625910492,1.1369658545510672
2026-01-05 17:00:00,0.7492012795776238,1.331041279150306,2.0024252536862357,2.8788986651572177,3.8644652449505053,2.7893369477848338,3.4899366625864103,3.983754923645752,4.310067362323534,1.3373627523814056,4.296620286934568,1.495893682330718,0.632619484363352,1.6206186033159593
2026-01-05 18:00:00,1.2138168596328311,2.06441329536282,0.0,0.6397552589238261,2.976197128958846,3.0700973879884836,1.928864574597818,0.0,1.247262966603782,3.9256067990937153,0.0,3.067692990527097,2.692181602337252,1.1205675660894312
2026-01-05 19:00:00,1.803671108687291,1.787679111717901,0.0,0.0,0.9282469163258905,0.0,1.0821127246487225,0.0,0.0,0.0,0.0,0.0,1.050544652575034,1.2062380573815898
2026-01-05 20:00:00,0.0,0.0,0.0,0.0,0.0,0.0,0.0,0.0,0.0,0.0,0.0,0.0,1.7481703816384553,0.0
2026-01-05 21:00:00,0.0,0.0,0.0,0.0,0.0,0.0,0.0,0.0,0.0,0.0,0.0,0.0,0.0,0.0
2026-01-05 22:00:00,0.0,0.0,0.0,0.0,0.0,0.0,0.0,0.0,0.0,0.0,0.0,0.0,0.0,0.0
2026-01-05 23:00:00,0.0,0.0,0.0,0.0,0.0,0.0,0.0,0.0,0.0,0.0,0.0,0.0,0.0,0.0
2026-01-06 00:00:00,0.0,0.0,0.0,0.0,0.0,0.0,0.0,0.0,0.0,0.0,0.0,0.0,0.0,0.0
2026-01-06 01:00:00,0.0,0.0,0.0,0.0,0.0,0.0,0.0,0.0,0.0,0.0,0.0,0.0,0.0,0.0
2026-01-06 02:00:00,0.0,0.0,0.0,0.0,0.0,0.0,0.0,0.0,0.0,0.0,0.0,0.0,0.0,0.0
2026-01-06 03:00:00,0.0,0.0,0.0,0.0,0.0,0.0,0.0,0.0,0.0,0.0,0.0,0.0,0.0,0.0
2026-01-06 04:00:00,0.0,0.0,0.0,0.0,0.0,0.0,0.0,0.0,0.0,0.0,0.0,0.0,0.0,0.0
2026-01-06 05:00:00,0.0,0.0,0.0,0.0,0.0,0.8645147696132289,0.0,0.0,0.0,0.0,1.2662016418323,0.0,0.0,0.0
2026-01-06 06:00:00,0.0,3.9805691475063503,2.4761079581789995,4.328110349720671,0.0,0.8010925917623848,0.9697271612829858,1.6368363472305383,2.2140130458767064,0.0,1.7878585749644387,0.0,3.632201316407218,2.2316625740408704
2026-01-06 07:00:00,0.0,2.8377770080191222,1.2819132065406018,2.802279571674667,0.0,0.8010925917623848,2.490126177905301,2.0778791777455656,2.324429856433016,1.8050070049900768,2.529353408687299,0.0,4.04006279611427,2.009580956360688
2026-01-06 08:00:00,3.716431361129582,0.884570921668078,4.93564142761032,3.5684206309034825,1.995358754958652,0.8863390468629905,2.708538739900596,0.8145709814791737,0.6971042803293978,2.4199791544249454,2.6230826923894015,4.303182961455083,4.629062804679899,2.129805735113175
2026-01-06 09:00:00,1.8778348523552457,0.884570921668078,3.6743488928131396,1.8667922184476178,1.5032008899469376,3.604916662930731,2.674520895517668,3.166235382101585,1.7914316708976143,1.3137423635025014,2.2356263428413574,2.887585846836308,3.3323374474965934,2.0865540414920027
2026-01-06 10:00:00,4.1115933849818775,2.4289646933921443,1.8404647835325791,2.444617946522028,2.6670637390753096,2.0289063499235565,0.9888744068004736,0.8145709814791737,0.6971042803293978,2.1637470250785436,2.026601855155186,3.3035242827468214,4.164290438610398,3.0592830298418514
2026-01-06 11:00:00,3.220276922041149,2.51884806120157,1.1299798677027644,2.837365352783698,4.189106390141566,3.4332841877395026,1.8941022823349085,2.135221385459882,0.7246018504589159,0.7983780875904002,2.486393792143152,1.8766979790352893,4.060351653293844,2.711467140735658
2026-01-06 12:00:00,0.0,0.0,0.0,0.0,0.0,2.974986104835853,0.0,0.0,0.0,0.0,0.0,2.7148575866672555,0.0,1.6289345084390336
2026-01-06 13:00:00,3.7598342444537582,3.0572221864233473,0.0,0.0,3.5662533764112156,3.863077875815827,4.11153753760217,1.4265216675631838,1.8080741192040966,0.0,2.4445872037614693,3.880165223321995,1.823341401486231,3.808653218394819
2026-01-06 14:00:00,1.1596551004213518,2.3473568311707447,2.2011174720762123,4.72492173579794,2.8249871049547925,3.707364374620561,2.8818604825119545,2.438650614673282,2.7604056353792403,0.8870867639893336,3.2384759507617353,5.126840930304036,2.608103495720853,2.0337308337826387
2026-01-06 15:00:00,1.7078718092681393,4.1464261953191155,3.197426823932625,3.841169990568936,0.9777138104120053,4.033604439815096,2.3779848757863804,0.7331138833312564,0.6196482491816868,3.667827934754436,0.931225827466705,4.815795572850738,1.0367708124548909,2.4878708119297057
2026-01-06 16:00:00,1.605858342923269,1.8764354180570566,1.4330148809513814,4.72492173579794,3.968627106449905,4.292113038224553,4.932959907396058,0.7331138833312564,0.6196482491816868,1.7920985248054642,4.190516223600173,5.3173094620952455,2.3636255014533356,1.0861103446427862
2026-01-06 17:00:00,1.1596551004213518,0.9330428360315999,3.4847230787569266,3.127482675217042,2.311389718156143,5.506248604548063,1.2604623063043905,0.8580639362937155,2.057744333962854,1.5061388736835204,1.40687251273451,5.637280256527717,4.6654686560470084,3.957829055037357
2026-01-06 18:00:00,2.6952752296622986,1.3844501694285118,1.6245049325825702,1.7067725970921355,0.0,0.0,1.0962133127546796,0.7331138833312564,1.5454422645317452,0.0,2.9015404440869035,0.0,3.6972930535518844,1.1954919432153788
2026-01-06 19:00:00,0.0,0.0,4.358493775424948,0.0,0.0,0.0,0.0,0.7331138833312564,2.522415284317583,0.0,0.0,0.0,4.4104003659935636,0.0
2026-01-06 20:00:00,0.0,0.0,4.139531164734548,0.0,0.0,0.0,0.0,1.2360854325411845,0.0,0.0,0.0,0.0,0.0,0.0
2026-01-06 21:00:00,0.0,0.0,0.0,0.0,0.0,0.0,0.0,0.0,0.0,0.0,0.0,0.0,0.0,0.0
2026-01-06 22:00:00,0.0,0.0,0.0,0.0,0.0,0.0,0.0,0.0,0.0,0.0,0.0,0.0,0.0,0.0
2026-01-06 23:00:00,0.0,0.0,0.0,0.0,0.0,0.0,0.0,0.0,0.0,0.0,0.0,0.0,0.0,0.0
2026-01-07 00:00:00,0.0,0.0,0.0,0.0,0.0,0.0,0.0,0.0,0.0,0.0,0.0,0.0,0.0,0.0
2026-01-07 01:00:00,0.0,0.0,0.0,0.0,0.0,0.0,0.0,0.0,0.0,0.0,0.0,0.0,0.0,0.0
2026-01-07 02:00:00,0.0,0.0,0.0,0.0,0.0,0.0,0.0,0.0,0.0,0.0,0.0,0.0,0.0,0.0
2026-01-07 03:00:00,0.0,0.0,0.0,0.0,0.0,0.0,0.0,0.0,0.0,0.0,0.0,0.0,0.0,0.0
2026-01-07 04:00:00,0.0,0.0,0.0,0.0,0.0,0.0,0.0,0.0,2.7861788050091087,0.0,0.0,0.0,0.0,0.0
2026-01-07 05:00:00,0.0,0.0,1.9605874687931388,1.3392396694028252,0.0,0.0,0.0,0.0,2.242646203278018,0.0,1.8164312354712913,0.0,0.0,1.5713106370120942
2026-01-07 06:00:00,0.0,0.0,2.1164386701084363,2.565512610688,1.9117857676718284,0.0,0.0,0.0,1.954801329343041,2.894229189385976,0.9487732718113567,0.0,0.0,2.088939107496707
2026-01-07 07:00:00,1.1689784148930686,2.923875542029934,2.5738930716220985,0.5701139134862223,1.2624776243784004,0.0,4.374682714448938,0.0,2.1362822830880988,2.8375446038305605,1.3891017841765283,4.382828240430133,1.7406885400976244,0.91062488082756
2026-01-07 08:00:00,0.8049736216605108,1.371932679103225,1.3247999152425873,2.438879782726451,1.926529510145203,2.2560016287134284,2.9236254545291547,2.1313587828739586,1.9161095027128554,2.520716568402991,2.292529193876322,3.4130633036777707,2.633046575164271,1.1822007804681134
2026-01-07 09:00:00,1.3683303887900142,0.8427031096196896,1.6860142240018088,1.4707837924303988,2.16046595206243,1.0731488669980778,2.8254650097139042,2.769451340753308,0.7202893040350605,1.0656287895639016,2.9093465279880624,1.154405964566537,2.207424978420371,1.3101554554018067
2026-01-07 10:00:00,1.9895159878971487,0.8427031096196896,2.123818836357329,2.164407090030403,1.6405077072809104,3.115278745179168,2.0536926963830635,3.2500811986161855,1.9275409087351947,1.0656287895639016,4.269479723151106,3.0204321033458834,3.6430821981246475,1.188061462150859
2026-01-07 11:00:00,3.6180696616588044,2.717994452516266,2.4891256600727574,1.0360193517419594,3.29348856469588,1.2623237357486732,2.3101711968260616,4.509246184143768,1.246786699022107,1.0656287895639016,1.717277187406447,2.4731730177458866,4.877859959925588,0.49655082787509686
2026-01-07 12:00:00,0.0,0.0,0.0,0.0,0.0,1.9753693069387166,0.0,0.0,3.0761670492648308,0.0,1.3620268250672511,0.0,0.0,2.2344787254379357
2026-01-07 13:00:00,2.1031363818695215,3.147540053549564,1.2716811485874255,0.0,0.0,1.0025853990702345,1.2942789102697012,2.3482623101799467,3.2516956909000148,0.0,5.158954665474252,2.636832571326665,0.0,1.3840905612618006
2026-01-07 14:00:00,2.2134992857195797,0.7327853127127737,3.9391166622164095,0.9959477040493616,3.040143290488504,0.641378152672,1.2615008319672876,1.1621672186094756,1.6286071651323388,4.901894453369907,3.411566375555458,0.9174929841477999,3.4825526001048077,0.9837848835282481
2026-01-07 15:00:00,1.7719066850921894,0.7327853127127737,1.9485088646912434,2.886201687024,2.4657836679990135,1.6801027117798613,1.603245860987792,2.7970065029890763,0.9603857387134138,2.2388839490089776,4.774799497942745,0.9174929841477999,4.471236411320298,1.42176423468036
2026-01-07 16:00:00,0.974441752536408,0.866127626762906,1.0494429963110536,0.6578689500993755,2.2459494723433644,1.6296383569450072,0.9279630000346233,1.7832984977251762,1.0579766004128144,1.2178614737873161,1.1464343701053894,2.9643767131618874,3.797518246719732,3.645728446767158
2026-01-07 17:00:00,1.8356617146610037,2.146925098514278,2.782738035890693,1.780052240132919,1.8170913510404372,2.273487431017742,0.9279630000346233,2.3674534344831364,1.4282271313481403,2.5831964681816415,3.9171610780742747,2.2912312539560933,1.5773629403859613,2.903437462102337
2026-01-07 18:00:00,0.0,2.597356426847578,0.8753592582703132,0.7795990391497604,1.1881988798988934,2.4665890787164346,0.0,3.4168635032349797,0.9603857387134138,1.2178614737873161,2.7011332191705644,1.2888040094919695,2.4647288084470507,0.0
2026-01-07 19:00:00,0.0,0.0,3.9391166622164095,1.171286949786757,2.7899566128499376,0.0,0.0,1.634958120068338,2.6927117887233822,0.0,0.0,3.8325496844071267,2.1265287108505575,0.0
2026-01-07 20:00:00,0.0,0.0,0.0,0.0,0.0,0.0,0.0,0.0,0.0,0.0,0.0,0.0,0.0,0.0
2026-01-07 21:00:00,0.0,0.0,0.0,0.0,0.0,0.0,0.0,0.0,0.0,0.0,0.0,0.0,0.0,0.0
2026-01-07 22:00:00,0.0,0.0,0.0,0.0,0.0,0.0,0.0,0.0,0.0,0.0,0.0,0.0,0.0,0.0
2026-01-07 23:00:00,0.0,0.0,0.0,0.0,0.0,0.0,0.0,0.0,0.0,0.0,0.0,0.0,0.0,0.0
2026-01-08 00:00:00,0.0,0.0,0.0,0.0,0.0,0.0,0.0,0.0,0.0,0.0,0.0,0.0,0.0,0.0
2026-01-08 01:00:00,0.0,0.0,0.0,0.0,0.0,0.0,0.0,0.0,0.0,0.0,0.0,0.0,0.0,0.0
2026-01-08 02:00:00,0.0,0.0,0.0,0.0,0.0,0.0,0.0,0.0,0.0,0.0,0.0,0.0,0.0,0.0
2026-01-08 03:00:00,0.0,0.0,0.0,0.0,0.0,0.0,0.0,0.0,0.0,0.0,0.0,0.0,0.0,0.0
2026-01-08 04:00:00,0.0,0.0,0.0,0.0,0.0,0.0,0.0,1.7164177037985262,0.0,0.0,0.441219458304,0.0,0.0,0.0
2026-01-08 05:00:00,0.0,0.0,0.0,0.0,0.0,0.0,0.0,0.8326275578256894,1.40706826407227,0.8109064205623313,0.441219458304,0.0,0.0,0.0
2026-01-08 06:00:00,0.7265056502538558,0.6236522257278859,1.9077187478668922,0.0,2.0998580227359778,2.333167461495296,0.0,2.5607416818744335,2.0921389734354765,2.7225544936315393,1.3143969210697164,0.0,1.1092408896336894,0.6428400163685352
2026-01-08 07:00:00,2.5282056201458043,0.9573831208896835,0.6648118790434775,0.0,0.9911194708576293,5.148738136873611,0.0,0.8326275578256894,2.233096254897457,1.7428687406800962,1.2871965805292933,0.0,0.5960492004044448,1.647586104510305
2026-01-08 08:00:00,2.1405679582005646,0.7047072908427782,1.2712932993014565,3.997587476999873,2.036487258474872,1.144164030416358,2.9155131632763744,2.014379360105313,2.401205300570504,0.6521233868938825,1.1205893770847428,0.0,1.01505284608476,0.9484625675576597
2026-01-08 09:00:00,2.179341577901686,1.998933422599673,2.002199727188482,2.197816689023877,1.9836399115788095,3.99930948949479,1.7394325128445618,0.9956017249803857,0.5336011779045565,0.6521233868938825,0.6913875405037956,1.5498643469336315,2.682221401820001,2.020435111657709
2026-01-08 10:00:00,0.7265056502538558,1.0895437444939906,1.0275026924548059,3.687368734787152,0.7536366091481632,4.9058668349769725,1.3528218229999702,1.1846404928451684,0.5336011779045565,0.6521233868938825,0.6593270016960305,2.255156345298234,0.983863940278469,1.069721838999736
2026-01-08 11:00:00,2.7860142089856934,1.6978176422081495,1.0314696518832973,1.882263553186261,2.202497856554912,2.321715857088038,3.067111437570424,0.8326275578256894,0.6793107437782063,0.7995947668601062,0.9432119324588137,3.3198116832370026,1.086584157340206,1.1895706112033602
2026-01-08 12:00:00,0.7265056502538558,0.0,0.0,0.0,2.61070924029301,0.0,0.0,0.0,0.0,0.0,0.0,0.0,0.0,0.0
2026-01-08 13:00:00,1.9768654160310273,1.4449060914589487,0.0,1.063656011697691,1.0847517853934767,3.2063116716376383,0.0,0.951574351800788,0.0,1.4599110001530773,1.8586300933575919,4.809713973555491,2.5864277803264293,2.3968634220155223
2026-01-08 14:00:00,3.2692754261423516,2.684729278165038,1.2332024671704298,0.46885285224072587,1.5840074854556492,4.6903507253170496,2.245705285370822,3.4542644953704587,0.6812184961913207,1.2838711865997359,1.891695034247708,4.166850776466986,1.6756757606767463,0.6148904504394685
2026-01-08 15:00:00,0.7265056502538558,1.176853917267119,1.6039917657638343,2.1098378350832663,2.2029435732374223,1.615290395881917,1.1721714799474547,0.951574351800788,0.8149255311594089,1.6527852193028243,0.6138705506838261,5.139023887200989,1.3634296867743532,1.954201780349106
2026-01-08 16:00:00,0.8333045956020035,1.7118485424601804,2.4266812219051292,2.1098378350832663,1.3744341733120404,5.4710580201160255,0.588292611072,0.951574351800788,1.2069183960878234,3.8163717428299755,1.773643655888327,3.4801716236035904,1.5565700510933642,1.245028742466361
2026-01-08 17:00:00,1.493713135403048,1.374555539756894,3.6479251311663545,1.0313058166811424,2.429608462432638,0.0,1.368089345683076,2.2451086786286503,1.6012873219904389,3.582614646681458,0.6138705506838261,5.139023887200989,0.5747617289614287,1.1970835971819942
2026-01-08 18:00:00,0.8956040047762822,1.5847211036480442,0.0,0.46885285224072587,0.6728898295965742,0.0,0.6538728148819698,0.951574351800788,2.668005889522782,0.0,2.079721828346968,0.0,1.6380687637334521,1.1674025610863281
2026-01-08 19:00:00,0.7265056502538558,0.0,0.0,1.2909357583780952,1.0131787551167333,0.0,1.3900381927301286,1.6030605666903586,1.2726351091620238,0.0,0.0,0.0,2.5864277803264293,0.0
2026-01-08 20:00:00,0.0,0.0,0.0,1.5369919006219603,0.0,0.0,0.0,0.0,0.0,0.0,0.0,0.0,0.0,0.0
2026-01-08 21:00:00,0.0,0.0,0.0,0.46885285224072587,0.0,0.0,0.0,0.0,0.0,0.0,0.0,0.0,0.0,0.0
2026-01-08 22:00:00,0.0,0.0,0.0,0.0,0.0,0.0,0.0,0.0,0.0,0.0,0.0,0.0,0.0,0.0
2026-01-08 23:00:00,0.0,0.0,0.0,0.0,0.0,0.0,0.0,0.0,0.0,0.0,0.0,0.0,0.0,0.0
2026-01-09 00:00:00,0.0,0.0,0.0,0.0,0.0,0.0,0.0,0.0,0.0,0.0,0.0,0.0,0.0,0.0
2026-01-09 01:00:00,0.0,0.0,0.0,0.0,0.0,0.0,0.0,0.0,0.0,0.0,0.0,0.0,0.0,0.0
2026-01-09 02:00:00,0.0,0.0,0.0,0.0,0.0,0.0,0.0,0.0,0.0,0.0,0.0,0.0,0.0,0.0
2026-01-09 03:00:00,0.0,0.0,0.0,0.0,0.0,0.0,0.0,0.0,0.0,0.0,0.0,0.0,0.0,0.0
2026-01-09 04:00:00,0.0,0.0,0.0,0.0,0.0,0.0,0.0,0.0,0.0,0.0,0.0,0.0,0.0,0.0
2026-01-09 05:00:00,0.0,0.0,0.0,0.0,0.0,0.0,0.0,0.0,0.0,0.0,1.9961221200955113,0.0,0.0,0.0
2026-01-09 06:00:00,1.1229883580241826,0.0,2.599923417333171,0.0,1.226302184917689,1.0953900737747417,0.0,0.0,0.0,0.0,1.971265740882502,0.0,0.0,2.2124901484532846
2026-01-09 07:00:00,1.6624562774975349,1.0355372024753493,2.7536136393579946,3.0022962892621323,1.8652861455553065,1.4151062657990743,0.750570359065331,0.0,0.7006155434627485,0.0,2.3298819139249787,1.3353806792749456,0.0,3.5066065349281565
2026-01-09 08:00:00,3.403161194482602,1.0355372024753493,3.584471961200582,4.7630212633885325,1.3757226634294066,2.5520412882493955,2.1973887497024505,1.2713187531403207,1.5008633646669383,3.923775364352089,0.5666627235839216,2.012480082351928,1.7311360560341507,2.8929316523361943
2026-01-09 09:00:00,1.1229883580241826,1.0355372024753493,3.754287865849516,4.426249049193654,2.559020367024,0.814020549429816,0.8712144541571802,3.274325091512118,2.20092492554696,3.1774873544448745,1.462130849352417,1.2999635474649738,1.1924814604967569,2.7203987915737082
2026-01-09 10:00:00,2.504806229228053,2.8627614445897107,1.8606080827567713,4.882616505995376,0.568671192672,2.0752876898092176,3.013683221071259,1.8157184453445956,3.053712087806154,2.162424192371435,1.9772002254658168,1.9888457855941382,4.453702705030501,0.7792458966507014
2026-01-09 11:00:00,4.159829467538475,2.800481244632883,0.8342861924110035,2.5967687186240394,2.559020367024,3.0893872774582314,1.7119862573926614,4.1693526365048035,2.0679274452281926,1.193944714990564,1.7072168781154136,0.682330956077523,1.1742334455912848,3.5066065349281565
2026-01-09 12:00:00,0.0,1.9938722947173133,0.0,0.0,0.0,0.0,0.0,0.0,0.0,1.2165850649277998,0.0,0.6475029090419169,2.8095787139061223,0.0
2026-01-09 13:00:00,1.29143661172781,3.542881507623611,0.0,0.0,1.0378550734612366,0.5839853494488757,0.0,0.5442427694225919,0.0,0.0,2.4866814396214565,0.0,1.0446956962417229,3.2368675707029135
2026-01-09 14:00:00,2.8050328866963006,1.232782383899225,2.624598253649349,0.8037228816453293,2.088741862048152,1.7014135727774513,1.5072181191818004,1.3484253509252548,0.733978188389546,1.1856628240011906,1.1645037029384133,1.7896784493570084,2.2110304593096926,1.3732707743788681
2026-01-09 15:00:00,2.937682536434382,4.757025521608649,0.9931978481083374,0.8037228816453293,1.0215019394229834,1.8295765781322426,2.0389317984189512,1.126625326950749,0.733978188389546,0.6577677542281207,1.84570143428479,0.5087522856757919,2.1174516662475935,1.664896203706654
2026-01-09 16:00:00,3.8577642333990707,2.7384370057918606,4.375969268583212,2.466060439617183,1.7635214758765296,0.5721087550848576,1.948846045288832,0.5442427694225919,0.8897534176242299,0.9856247115309112,1.6583105735393893,1.059521557212955,1.640771295207553,2.079638012618262
2026-01-09 17:00:00,1.29143661172781,5.427598648577923,2.178989549063959,1.7641449545976355,2.9245947051702856,2.5744893978818593,2.0042735246162846,0.5442427694225919,2.2558583539527612,2.4442995208837277,0.5862028175006084,1.4201167400099126,3.357742423773154,0.7193039046006475
2026-01-09 18:00:00,0.0,0.0,2.4887497867928423,1.8467276435902504,0.0,1.771275681003947,1.0816489341558801,0.8863815777104472,1.9863279546982053,1.2598378306282336,2.4327557817511765,2.2893852855410635,0.0,2.754802238068453
2026-01-09 19:00:00,0.0,0.0,0.0,1.9766159730349164,0.0,1.5871194707959972,0.0,1.4192653467491996,0.0,2.30155822147817,1.8272743582268005,1.4734853946848538,0.0,1.3416794022405751
2026-01-09 20:00:00,0.0,0.0,0.0,0.0,0.0,1.50929246107739,0.0,0.5442427694225919,0.0,1.1377168329414045,1.6790349911806166,0.7291220291423327,0.0,0.0
2026-01-09 21:00:00,0.0,0.0,0.0,0.0,0.0,0.0,0.0,0.0,0.0,0.0,0.0,0.0,0.0,0.0
2026-01-09 22:00:00,0.0,0.0,0.0,0.0,0.0,0.0,0.0,0.0,0.0,0.0,0.0,0.0,0.0,0.0
2026-01-09 23:00:00,0.0,0.0,0.0,0.0,0.0,0.0,0.0,0.0,0.0,0.0,0.0,0.0,0.0,0.0
2026-01-10 00:00:00,0.0,0.0,0.0,0.0,0.0,0.0,0.0,0.0,0.0,0.0,0.0,0.0,0.0,0.0
2026-01-10 01:00:00,0.0,0.0,0.0,0.0,0.0,0.0,0.0,0.0,0.0,0.0,0.0,0.0,0.0,0.0
2026-01-10 02:00:00,0.0,0.0,0.0,0.0,0.0,0.0,0.0,0.0,0.0,0.0,0.0,0.0,0.0,0.0
2026-01-10 03:00:00,0.0,0.0,0.0,0.0,0.0,0.0,0.0,0.0,0.0,0.0,0.0,0.0,0.0,0.0
2026-01-10 04:00:00,0.0,0.0,0.0,0.0,0.0,0.0,0.0,0.0,0.0,0.0,0.0,0.0,0.0,0.0
2026-01-10 05:00:00,0.0,0.0,0.0,0.0,0.0,0.0,0.0,0.0,0.0,0.0,0.0,0.0,0.0,0.0
2026-01-10 06:00:00,0.0,0.0,0.0,0.0,0.0,0.0,0.0,0.0,0.0,0.0,0.0,0.0,0.0,0.0
2026-01-10 07:00:00,0.0,0.0,0.0,0.0,0.0,0.0,0.0,0.0,0.0,0.0,0.0,0.0,0.0,0.0
2026-01-10 08:00:00,0.8397247341176471,0.0,0.0,0.0,0.0,0.0,0.0,0.0,0.0,0.0,4.282596144,0.0,0.0,0.0
2026-01-10 09:00:00,1.8784863121474198,0.0,0.0,0.0,0.0,0.0,0.0,0.0,0.0,4.850109012922839,1.576002392548411,0.0,3.744363362321605,0.0
2026-01-10 10:00:00,1.9481982689458655,4.278811482433715,0.0,1.2977564072727272,4.957935293828648,5.408610193300576,2.0393314971428573,1.6765757774233312,1.7844150600000002,1.18961004,0.9516880320000001,5.839903832727273,4.060703187173759,0.0
2026-01-10 11:00:00,0.8397247341176471,2.641157905599014,4.226745326695872,2.8972364748918533,1.7844150600000002,1.5861467200000001,3.2624663315093447,2.7449277989339045,3.2930145248786737,5.35324518,3.1021739761593774,5.360506783455895,3.013684384741383,4.319874775650941
2026-01-10 12:00:00,0.0,0.0,8.296331799931725,1.2977564072727272,0.0,0.0,0.0,0.0,0.0,0.0,0.0,0.0,0.0,0.0
2026-01-10 13:00:00,2.656864480394133,0.620666107826087,1.0696488327947857,0.5490507876923076,0.0,0.0,1.6879236453120559,0.0,0.5490507876923076,1.0658605718303176,0.7933569958747094,0.0,3.231774359723637,1.1484006478888111
2026-01-10 14:00:00,1.5267347813994463,0.620666107826087,1.84276668354879,2.119102232950451,1.6480929069421326,2.214623246307246,0.5098328742857143,0.7845681470004753,0.5490507876923076,0.4922524303448277,1.3842812151242092,1.3454336902477755,1.881389340573217,2.2912252196892626
2026-01-10 15:00:00,0.59480502,0.620666107826087,1.4456183583803843,0.9667155868495388,0.8533516605418601,0.9557923521677463,0.5829509339252531,1.843650488296226,1.8551160175944006,0.4922524303448277,1.9871863917468358,0.6488782036363636,1.3261153695862802,0.5287155733333334
2026-01-10 16:00:00,1.6750873252593161,0.9350831722048099,0.8383493917574429,0.5490507876923076,0.622703333066005,1.9822642672955262,0.5098328742857143,0.6461585072990808,0.6728895133674284,1.7216171880918523,1.9091516812413245,2.6007312528365354,1.1234413670020513,1.3826475684565878
2026-01-10 17:00:00,0.59480502,0.7190267970410326,1.4445464439974853,0.5991835501185536,0.8029225365566633,1.1902366882777038,0.5098328742857143,0.973199024695778,0.9897861753450949,0.4922524303448277,0.8013120158958433,2.138719552282882,0.8992789652477475,0.5287155733333334
2026-01-10 18:00:00,1.781066595687535,2.1051331842630727,1.4901957870795792,2.470728544615384,0.947382633766125,2.7929974852173918,0.9865687335376375,1.9932736802442148,1.0283902597704913,1.4766684206088483,2.13255058021849,2.1484267922369935,1.7290238594192124,1.0581881523772958
2026-01-10 19:00:00,0.0,0.0,2.0404213933180624,0.5490507876923076,1.767373709684378,0.0,1.4393917684350135,0.0,1.2919315026423521,1.6011461188982332,2.3846018217742144,0.0,0.0,1.2671414736053679
2026-01-10 20:00:00,0.0,0.0,0.0,0.0,0.0,0.0,0.0,0.0,0.0,0.0,0.0,0.0,0.0,0.0
2026-01-10 21:00:00,0.0,0.0,0.0,0.0,0.0,0.0,0.0,0.0,0.0,0.0,0.0,0.0,0.0,0.0
2026-01-10 22:00:00,0.0,0.0,0.0,0.0,0.0,0.0,0.0,0.0,0.0,0.0,0.0,0.0,0.0,0.0
2026-01-10 23:00:00,0.0,0.0,0.0,0.0,0.0,0.0,0.0,0.0,0.0,0.0,0.0,0.0,0.0,0.0
2026-01-11 00:00:00,0.0,0.0,0.0,0.0,0.0,0.0,0.0,0.0,0.0,0.0,0.0,0.0,0.0,0.0
2026-01-11 01:00:00,0.0,0.0,0.0,0.0,0.0,0.0,0.0,0.0,0.0,0.0,0.0,0.0,0.0,0.0
2026-01-11 02:00:00,0.0,0.0,0.0,0.0,0.0,0.0,0.0,0.0,0.0,0.0,0.0,0.0,0.0,0.0
2026-01-11 03:00:00,0.0,0.0,0.0,0.0,0.0,0.0,0.0,0.0,0.0,0.0,0.0,0.0,0.0,0.0
2026-01-11 04:00:00,0.0,0.0,0.0,0.0,0.0,0.0,0.0,0.0,0.0,0.0,0.0,0.0,0.0,0.0
2026-01-11 05:00:00,0.0,0.0,0.0,0.0,0.0,0.0,0.0,0.0,0.0,0.0,0.0,0.0,0.0,0.0
2026-01-11 06:00:00,0.0,0.0,0.0,0.0,0.0,0.0,0.0,0.0,0.0,0.0,0.0,0.0,0.0,0.0
2026-01-11 07:00:00,0.0,0.0,0.0,0.0,0.0,0.0,0.0,0.0,0.0,0.0,0.0,0.6411825788822858,0.0,0.0
2026-01-11 08:00:00,0.0,0.0,0.0,0.0,0.0,0.0,0.0,0.0,0.0,0.0,0.0,1.8488092591169953,0.0,0.0
2026-01-11 09:00:00,0.0,1.122069513044,0.0,0.0,0.0,1.122069513044,0.0,0.0,0.0,1.0357564735790767,1.197671876079446,2.03136411022012,2.6089004997312553,0.0
2026-01-11 10:00:00,0.0,2.7754474994777296,5.370569480505698,4.536282905758362,0.0,2.392323118687096,6.697122974962532,4.705786556436654,0.0,2.5125445789810485,1.7459445573257215,0.9339231913128643,4.840562041957588,5.586626173709521
2026-01-11 11:00:00,10.984487720683154,2.8807917753907666,1.9819081379822234,5.508341245852363,2.6304888824462918,4.166260104870758,1.8090484111046699,1.4960926840586668,2.6929668313056,1.8904338233066615,3.644797215924269,2.5384533826624383,2.0644612240619327,6.4810367495504275
2026-01-11 12:00:00,0.0,0.0,1.6780477418667723,5.508341245852363,0.0,0.0,0.0,0.0,0.0,1.0357564735790767,0.0,2.34464208897277,3.5661057195968957,0.0
2026-01-11 13:00:00,0.0,1.498585668318409,0.7037949249211385,2.322443443477189,1.3500062180361405,0.0,0.0,0.4986975613528889,0.0,1.7595980728629108,0.0,1.2650369209130152,0.0,1.7723377006373005
2026-01-11 14:00:00,0.9672727652227077,0.7329891940927465,1.2454677212435736,2.524656404349,1.4739308588516071,1.2565003342933676,1.8228986334231991,0.7887678556708789,1.2244013298512506,0.5854275720229565,0.8688281031598426,2.1260602925341745,2.177734891254682,1.2300684343405286
2026-01-11 15:00:00,0.6102493178157309,0.4986975613528889,1.7646289098600292,0.7248141222539666,1.2391432216477691,2.524656404349,0.722604260131559,0.8902711730755883,1.3951780416476793,0.5854275720229565,1.9625981480342147,1.576491275151171,1.2975901970923176,0.5178782367895384
2026-01-11 16:00:00,0.6102493178157309,0.4986975613528889,2.950744225590264,0.561034756522,1.5566089756782462,0.8753470948936566,0.722604260131559,1.3642249205264,2.1864280518388144,0.5854275720229565,2.4886889705711464,2.162644059347378,1.2282609325884903,0.5560067354359652
2026-01-11 17:00:00,0.6102493178157309,1.0290783776593126,0.6991865591111551,1.403057651255166,2.2815376941436436,1.497160623040617,1.798408212795693,0.6891181692092202,1.6344796960931904,1.1187189635479042,0.8155952331209896,1.3977213004818934,1.5101860268959135,1.500236952357238
2026-01-11 18:00:00,1.1074537126998991,0.9755166413386881,0.905595809425597,2.2293513690728606,0.5535000656837823,2.393930031798512,0.9501037069707079,0.4986975613528889,0.0,2.3117483600341564,1.2101554525792817,1.523192127611303,1.74375901964533,1.8179245201779912
2026-01-11 19:00:00,1.4558549824742708,0.4986975613528889,0.0,0.0,1.7886347490335577,2.164970135031911,0.0,0.5952178305212458,0.0,0.0,0.0,1.5166957615918641,2.673830756473082,0.0
2026-01-11 20:00:00,0.0,0.0,0.0,0.0,0.0,0.0,0.0,0.0,0.0,0.0,0.0,0.0,0.0,0.0
2026-01-11 21:00:00,0.0,0.0,0.0,0.0,0.0,0.0,0.0,0.0,0.0,0.0,0.0,0.0,0.0,0.0
2026-01-11 22:00:00,0.0,0.0,0.0,0.0,0.0,0.0,0.0,0.0,0.0,0.0,0.0,0.0,0.0,0.0
2026-01-11 23:00:00,0.0,0.0,0.0,0.0,0.0,0.0,0.0,0.0,0.0,0.0,0.0,0.0,0.0,0.0
2026-01-12 00:00:00,0.0,0.0,0.0,0.0,0.0,0.0,0.0,0.0,0.0,0.0,0.0,0.0,0.0,0.0
2026-01-12 01:00:00,0.0,0.0,0.0,0.0,0.0,0.0,0.0,0.0,0.0,0.0,0.0,0.0,0.0,0.0
2026-01-12 02:00:00,0.0,0.0,0.0,0.0,0.0,0.0,0.0,0.0,0.0,0.0,0.0,0.0,0.0,0.0
2026-01-12 03:00:00,0.0,0.0,0.0,0.0,0.0,0.0,0.0,0.0,0.0,0.0,0.0,0.0,0.0,0.0
2026-01-12 04:00:00,0.0,0.0,0.0,0.0,0.0,0.0,0.0,0.0,0.0,0.0,0.0,0.0,0.0,0.0
2026-01-12 05:00:00,0.0,0.0,0.0,0.0,0.0,0.0,0.0,0.0,0.0,0.0,0.0,1.4968863907848269,0.0,0.0
2026-01-12 06:00:00,0.0,0.0,0.0,0.0,0.0,0.0,0.8968790940328081,0.0,1.0943473637375596,0.6561816270741991,3.158298670307116,0.7320623818776977,0.0,1.7670169795065256
2026-01-12 07:00:00,3.1682595693985336,3.5977364164835364,0.0,1.8912237397735332,0.0,1.7430829903462848,0.6385193286216819,2.364707352978996,0.5168719969772307,0.6561816270741991,3.5227462943217245,2.0158007882112,0.9288834429094149,2.744863142031747
2026-01-12 08:00:00,1.9530813066944341,3.033085974282536,1.3279590934942576,0.644142083939142,1.040674700570152,1.7150481232210464,1.1519509734010387,1.3819615744353224,0.555687763308506,1.5903982529578633,0.7828325098492721,0.4479557307136,3.1512098379059594,2.2973930685581476
2026-01-12 09:00:00,0.704057682088563,0.7994969814407858,1.7326163126918666,1.6717993760524867,2.9587382024168094,2.4921879184448352,0.5189921944251403,3.053359730783545,1.0154962362702666,0.6561816270741991,1.0830093875968896,0.9103715054848918,0.9288834429094149,2.0310846134733933
2026-01-12 10:00:00,0.704057682088563,0.7994969814407858,0.7465928845226667,0.6399367581622858,2.8668749371546514,2.703550439066296,0.8730671158173473,1.9649990988859263,1.1249983277497049,1.9810756459208343,2.876726485802902,0.6172666150281589,2.79185523572909,0.9609354069618621
2026-01-12 11:00:00,1.8154654297347712,2.687468443501874,2.237926459877381,2.7510475720414087,3.4217474295752472,1.8986865221818872,0.5189921944251403,0.8383156231037889,0.8916037193420951,1.7162670533579099,1.7163423441962726,1.6194766823425433,2.0171894240875154,2.0140596400680453
2026-01-12 12:00:00,1.137034356846074,0.0,1.5301993261616287,0.0,4.4045390807732305,0.0,0.0,0.0,0.0,0.0,0.0,0.7103776322976671,0.0,1.6192805606109408
2026-01-12 13:00:00,1.6303783055936119,2.3495327863203994,1.4817014933432016,2.6770920590249285,2.980666897466685,3.148340617342763,1.3490259509283422,0.8383156231037889,1.1744965208851927,2.3329406149630905,0.0,0.53754687685632,1.4354045692869202,0.0
2026-01-12 14:00:00,1.4452723505455403,0.888329979378651,1.6855544556545614,1.7798376859017677,0.8351083201980736,0.9828199471226845,0.5622415439605687,2.696168749359241,1.0370957705869384,0.5430468637855441,2.537190220656331,1.42763714267494,1.0266606474261954,0.845363223689258
2026-01-12 15:00:00,1.0254394747538556,1.7467050204424706,1.9170486477517439,1.8053606248733032,2.380227647702499,1.8201980646017153,0.5622415439605687,2.275212203664372,0.6060668845180197,1.499035732656296,2.886212187965164,1.7744365927566397,1.0266606474261954,2.455128903872285
2026-01-12 16:00:00,0.5632461456708503,2.463057875350587,0.4799525686217143,1.690237856787422,3.3264049767059896,1.6744246114408121,0.8673302326401724,1.2035755778938304,0.7988995101764738,1.3170073507903637,3.0059829026511578,1.6711560574829465,1.1192874322196757,3.2717791947572525
2026-01-12 17:00:00,0.5632461456708503,1.2772186327690942,0.8837852754723192,2.9956998659575835,1.6563737316506268,1.7253167863449879,1.6788815625480804,0.8383156231037889,1.0123232706146097,1.2304201702916848,3.4822991086105546,2.4189609458534402,3.5597886352017856,0.7270620432793894
2026-01-12 18:00:00,0.7381380675581823,0.0,1.622636024995352,0.0,2.728222955101488,0.0,2.182091225342132,3.346410625125783,0.7312052259325682,0.5430468637855441,2.2613527340683404,2.270911107620841,0.0,0.8364425684227667
2026-01-12 19:00:00,1.7398585315697404,0.0,0.4799525686217143,0.0,0.0,0.0,0.0,0.0,0.4329674284699296,0.7207943078298489,0.0,0.9598787613078279,0.0,3.2717791947572525
2026-01-12 20:00:00,1.2460345046922676,0.0,0.0,0.0,0.0,0.0,0.0,0.0,0.5173108671161049,0.0,0.0,0.0,0.0,0.0
2026-01-12 21:00:00,0.0,0.0,0.0,0.0,0.0,0.0,0.0,0.0,0.0,0.0,0.0,0.0,0.0,0.0
2026-01-12 22:00:00,0.0,0.0,0.0,0.0,0.0,0.0,0.0,0.0,0.0,0.0,0.0,0.0,0.0,0.0
2026-01-12 23:00:00,0.0,0.0,0.0,0.0,0.0,0.0,0.0,0.0,0.0,0.0,0.0,0.0,0.0,0.0
2026-01-13 00:00:00,0.0,0.0,0.0,0.0,0.0,0.0,0.0,0.0,0.0,0.0,0.0,0.0,0.0,0.0
2026-01-13 01:00:00,0.0,0.0,0.0,0.0,0.0,0.0,0.0,0.0,0.0,0.0,0.0,0.0,0.0,0.0
2026-01-13 02:00:00,0.0,0.0,0.0,0.0,0.0,0.0,0.0,0.0,0.0,0.0,0.0,0.0,0.0,0.0
2026-01-13 03:00:00,0.0,0.0,0.0,0.0,0.0,0.0,0.0,0.0,0.0,0.0,0.9728871708134982,0.0,0.0,0.0
2026-01-13 04:00:00,0.0,0.0,0.0,0.0,0.0,0.0,0.0,0.0,0.0,0.0,0.4971945152370334,0.0,0.0,0.0
2026-01-13 05:00:00,1.3057627029310908,0.0,2.931802477645992,0.0,0.0,0.0,0.0,0.0,0.0,0.0,1.1255868504809297,0.0,0.0,0.0
2026-01-13 06:00:00,0.6530593425677172,1.00900846950604,1.5064357133826087,2.702713115662058,1.4955921481500145,0.0,0.0,0.0,0.0,0.8067957997128349,0.7127985917662713,0.8581865617597049,0.0,0.0
2026-01-13 07:00:00,1.5728148941478581,2.780116134498558,2.6836526014166204,2.910067927718934,1.9944245102605984,1.5747190168204457,1.9976580325265036,3.4857507711291897,0.56212512,2.3109025274186696,1.1682097677673124,1.4898366611190812,1.0759651550552607,2.0117732764013927
2026-01-13 08:00:00,1.7537718463931533,2.0251006588191816,1.8916754583641184,0.7271092312982876,2.339371632452889,0.8273173951889886,3.4588597905000213,3.5260463393141177,0.7150732183763941,1.7615948603192857,1.4683581259190162,2.4594632542055095,1.1316668851908467,2.184167855851364
2026-01-13 09:00:00,2.2193339780500585,1.2336307872732883,2.4426762051004034,2.173201790272333,3.1800360480273757,1.7832539958971865,1.1600175608986703,1.4793553114049074,0.56212512,1.1398179980894836,2.2373753185666505,1.4489978395988334,1.0409605675573492,2.8908752726659266
2026-01-13 10:00:00,2.1932604885123674,0.6709106718134488,1.5235586031996482,1.7905548540382765,0.7115950061768406,2.207100493355467,1.9994365299040011,2.7114699617905065,1.3262542973688658,2.254066237211153,1.2853830071533359,1.8895430354648133,2.297852990736779,2.7760376618483384
2026-01-13 11:00:00,0.6530593425677172,3.019098023160519,0.6515116616991093,0.9934581376737365,3.034536504871552,1.879302957782623,3.0964854264848434,2.0789391480800994,0.56212512,0.5188847261538462,1.7182231855655798,0.6532336081149149,3.0354756480000002,1.3871722304111618
2026-01-13 12:00:00,0.0,0.0,0.0,0.0,3.202177527795782,0.0,0.0,0.0,1.145939644642958,0.0,0.0,0.0,0.0,3.8460629852208363
2026-01-13 13:00:00,0.9469360467231901,0.0,0.9389229804065141,1.4924902598352157,4.353610113362197,0.7897120590440344,0.9451994940655831,2.8067848036436547,1.3914855995053197,0.46520699586206904,0.0,0.6009749194657217,0.0,3.4166466459693483
2026-01-13 14:00:00,2.4838351624086754,2.4807057357318785,1.8478064046551284,2.287508479241874,3.0471650773306997,1.8984285364505247,1.8228735384258012,1.1458389240853424,1.6562439649267728,0.6653250713405329,3.0531160322032975,0.7625371722625457,1.694470788753652,3.6922204658120026
2026-01-13 15:00:00,2.4822203365120803,0.7987031807302961,0.9262834739340416,1.0191754956384445,1.5525320092734087,2.165396483586588,1.2632154351062335,0.8213653884725727,1.4787169407816598,1.155028137853338,2.358527428160354,0.6009749194657217,1.6441815086231268,3.6377756919090074
2026-01-13 16:00:00,2.4838512149328698,2.6526511109922075,1.4040160955664513,0.9569621086860595,4.422054681241794,2.275807035890402,2.793540137148644,2.923046748588066,1.6154250387539244,0.46520699586206904,3.5276700684976903,2.19554138951537,0.6132274036363636,2.2406467921246027
2026-01-13 17:00:00,4.261212210254355,0.7987031807302961,0.7213164825954423,1.2687487434718066,2.564282473237612,1.2356123385789533,4.253397723295124,1.4691913574669626,2.759523316363637,0.5946031126196696,4.0272755734199706,2.027900645781907,2.2007145415161973,0.8204934368471117
2026-01-13 18:00:00,0.0,0.7987031807302961,0.7213164825954423,1.5271112092183494,0.0,3.4383513872652136,2.088444597993452,3.2898982433369803,0.6132274036363636,0.9653507547243992,3.8354936651915885,1.2962722301027518,1.344523725314978,2.2306219878714537
2026-01-13 19:00:00,0.0,0.0,2.0582408386318,1.9758000540563865,0.0,0.0,0.9451994940655831,0.0,0.0,1.4509594737574336,0.0,0.0,0.0,0.0
2026-01-13 20:00:00,0.0,0.0,0.0,0.0,0.0,0.0,0.0,0.0,0.0,0.0,0.0,0.0,0.0,0.0
2026-01-13 21:00:00,0.0,0.0,0.0,0.0,0.0,0.0,0.0,0.0,0.0,0.0,0.0,0.0,0.0,0.0
2026-01-13 22:00:00,0.0,0.0,0.0,0.0,0.0,0.0,0.0,0.0,0.0,0.0,0.0,0.0,0.0,0.0
2026-01-13 23:00:00,0.0,0.0,0.0,0.0,0.0,0.0,0.0,0.0,0.0,0.0,0.0,0.0,0.0,0.0
2026-01-14 00:00:00,0.0,0.0,0.0,0.0,0.0,0.0,0.0,0.0,0.0,0.0,0.0,0.0,0.0,0.0
2026-01-14 01:00:00,0.0,0.0,0.0,0.0,0.0,0.0,0.0,0.0,0.0,0.0,0.0,0.0,0.0,0.0
2026-01-14 02:00:00,0.0,0.0,0.0,0.0,0.0,0.0,0.0,0.0,0.0,0.0,0.0,0.0,0.0,0.0
2026-01-14 03:00:00,0.0,0.0,0.0,0.0,0.0,0.0,0.0,0.0,0.0,0.0,0.0,0.0,0.0,0.0
2026-01-14 04:00:00,0.0,0.0,0.0,0.0,0.0,0.0,0.0,0.0,0.0,0.0,0.0,0.0,0.0,0.0
2026-01-14 05:00:00,0.0,0.0,0.0,0.0,0.8806112029012447,1.982273106576532,0.0,0.0,0.0,0.0,0.0,0.0,0.0,0.0
2026-01-14 06:00:00,0.0,0.0,0.6211540990329781,0.6435973776742019,1.8505464679855852,0.8238274562209247,1.084494557139239,0.0,0.0,3.5316510645757115,0.0,2.9862175561514537,1.7497234130678514,0.0
2026-01-14 07:00:00,2.1077867180795518,0.0,1.0743016379187882,2.8961881995339085,0.5315986577716251,1.833313809652291,1.1418924634463252,0.7392860722884849,0.0,2.8731128244411046,0.0,0.9734431901825356,1.2823923885797697,0.0
2026-01-14 08:00:00,0.7130553854766769,1.7663033886129533,1.8022557686739478,2.1571772093476844,1.9184496830585687,2.4893154100415575,0.6361201271814855,0.7392860722884849,1.153469430536343,3.010906482024536,5.913894254050013,2.317766682856289,1.470934426278051,2.8542605388004665
2026-01-14 09:00:00,1.138565911433451,4.119060734640434,1.728474364171188,0.8407963106476295,0.6550478977631802,2.3190245054982466,2.5626848757696172,0.7392860722884849,4.200314874458968,2.603585968972641,2.7402004621830676,0.9516924762421962,2.0106626733844095,0.976409277937893
2026-01-14 10:00:00,0.8966519999534436,2.4033282744389894,1.3523602891175746,2.135630933793007,1.8161731426601178,1.1095883816106005,1.588109020012678,0.7392860722884849,1.153469430536343,0.8030400417384996,3.535328795858403,1.7297842546864934,2.5119290855758063,1.5040971321764562
2026-01-14 11:00:00,1.448756126683455,1.0666286585965654,2.145415811109509,1.0315459369113162,2.126201785714286,1.1448141972355974,1.4338239907445098,2.2307406048639153,2.5336099031402286,2.1918206513639245,3.944766821004004,4.226603167741479,1.1616836409117945,4.1449503123536555
2026-01-14 12:00:00,3.2087492346450457,2.537013970310233,2.2838927652703562,0.0,0.0,2.197629188792144,1.999131096033054,0.7392860722884849,0.0,0.8030400417384996,3.235639337920078,0.0,0.0,0.0
2026-01-14 13:00:00,0.0,1.1685828938690777,0.0,2.0526145078383635,1.7807754686725155,0.0,0.0,1.8062813865160843,1.0381224874827086,0.0,2.6217030156777614,1.0583940083210026,2.4117799620227465,0.0
2026-01-14 14:00:00,0.6307797640755218,1.1679719207487704,1.0267040981540985,1.3186037481937836,0.7967758041849615,5.653712795298672,2.1661568172684187,0.963500138873212,1.6271900150369363,0.8030400417384996,3.2360171759494487,2.0194110391447397,0.7526909868386378,1.5058224402839138
2026-01-14 15:00:00,1.8019770379611435,3.2146451552873434,1.6885918547668253,1.3231167194145474,0.4724892857142858,5.654511656687257,1.7880107466204709,1.8060094512400156,1.8882792402701774,1.084126248186131,1.7922711229328412,4.282616143089883,2.0622944945265007,1.6053081443838786
2026-01-14 16:00:00,0.6307797640755218,1.916696207027813,3.5938201444050883,1.982966677574429,1.0994044684158135,5.654511656687257,2.077694293597092,0.8434599117717981,4.3807687517163725,1.2929114764303122,3.0648467914989235,2.186978200227617,0.7526909868386378,2.0947220961688893
2026-01-14 17:00:00,0.8047570251613535,1.5394762110806577,1.4221403785716507,1.3137405459062566,0.8381235658485083,1.2565581459305015,2.1259762461601475,1.995557641411087,4.013448463022939,2.941191250291698,2.7429524387207995,4.282616143089883,1.2988419489573262,1.1517273082045791
2026-01-14 18:00:00,2.148699267905391,1.1462860699959194,2.716548719477175,1.3678248264130244,2.0766968829736325,0.0,2.4129641939980395,2.1548874120517736,0.0,0.8030400417384996,3.7765619626277234,2.4041675662928994,1.7058130608081872,2.3315828368021903
2026-01-14 19:00:00,1.266443167681937,0.0,0.0,0.0,0.5755808374647275,0.0,0.0,1.0771866927807956,0.0,2.7778420067967136,0.0,0.0,0.0,0.0
2026-01-14 20:00:00,0.0,0.0,0.0,0.0,0.0,0.0,0.0,0.0,0.0,0.0,0.0,0.0,0.0,0.0
2026-01-14 21:00:00,0.0,0.0,0.0,0.0,0.0,0.0,0.0,0.0,0.0,0.0,0.0,0.0,0.0,0.0
2026-01-14 22:00:00,0.0,0.0,0.0,0.0,0.0,0.0,0.0,0.0,0.0,0.0,0.0,0.0,0.0,0.0
2026-01-14 23:00:00,0.0,0.0,0.0,0.0,0.0,0.0,0.0,0.0,0.0,0.0,0.0,0.0,0.0,0.0
