date,Distance_km_Vehicle_0,Distance_km_Vehicle_1,Distance_km_Vehicle_10,Distance_km_Vehicle_11,Distance_km_Vehicle_12,Distance_km_Vehicle_13,Distance_km_Vehicle_2,Distance_km_Vehicle_3,Distance_km_Vehicle_4,Distance_km_Vehicle_5,Distance_km_Vehicle_6,Distance_km_Vehicle_7,Distance_km_Vehicle_8,Distance_km_Vehicle_9
2026-01-01 00:00:00,0.0,0.0,0.0,0.0,0.0,0.0,0.0,0.0,0.0,0.0,0.0,0.0,0.0,0.0
2026-01-01 01:00:00,0.0,0.0,0.0,0.0,0.0,0.0,0.0,0.0,0.0,0.0,0.0,0.0,0.0,0.0
2026-01-01 02:00:00,0.0,0.0,0.0,0.0,0.0,0.0,0.0,0.0,0.0,0.0,0.0,0.0,0.0,0.0
2026-01-01 03:00:00,0.0,0.0,0.0,0.0,0.0,0.0,0.0,0.0,0.0,0.0,0.0,0.0,0.0,0.0
2026-01-01 04:00:00,0.0,0.0,0.0,0.0,0.0,0.0,0.0,0.0,0.0,0.0,0.0,0.0,0.0,0.0
2026-01-01 05:00:00,0.0,0.0,6.824472241768382,0.0,0.0,0.0,0.0,6.504488519015648,0.0,0.0,0.0,0.0,0.0,0.0
2026-01-01 06:00:00,0.0,6.001606651793873,6.824472241768382,5.126584412782885,7.759826464018644,9.146121910952807,0.0,6.504488519015648,0.0,0.0,5.832514247060783,0.0,7.913848146330145,0.0
2026-01-01 07:00:00,7.245978964839042,6.001606651793873,6.824472241768382,5.126584412782885,7.759826464018644,9.146121910952807,6.584583255511025,6.504488519015648,5.217391304347826,5.0,5.832514247060783,0.0,7.913848146330145,6.871176594893594
2026-01-01 08:00:00,7.245978964839042,6.001606651793873,6.824472241768382,5.126584412782885,7.759826464018644,9.146121910952807,6.584583255511025,6.504488519015648,5.217391304347826,5.0,5.832514247060783,7.811264039808398,7.913848146330145,6.871176594893594
2026-01-01 09:00:00,7.245978964839042,6.001606651793873,6.824472241768382,5.126584412782885,7.759826464018644,9.146121910952807,6.584583255511025,6.504488519015648,5.217391304347826,5.0,5.832514247060783,7.811264039808398,7.913848146330145,6.871176594893594
2026-01-01 10:00:00,7.245978964839042,6.001606651793873,6.824472241768382,5.126584412782885,7.759826464018644,9.146121910952807,6.584583255511025,6.504488519015648,5.217391304347826,5.0,5.832514247060783,7.811264039808398,7.913848146330145,6.871176594893594
2026-01-01 11:00:00,7.245978964839042,6.001606651793873,6.824472241768382,5.126584412782885,7.759826464018644,9.146121910952807,6.584583255511025,6.504488519015648,5.217391304347826,5.0,5.832514247060783,7.811264039808398,7.913848146330145,6.871176594893594
2026-01-01 12:00:00,0.0,0.0,6.824472241768382,5.126584412782885,0.0,0.0,6.584583255511025,0.0,5.217391304347826,5.0,0.0,7.811264039808398,7.913848146330145,6.871176594893594
2026-01-01 13:00:00,0.0,6.001606651793873,0.0,5.52093705992003,9.607404193546893,9.527210323909175,0.0,8.278439933292644,4.444444444444445,0.0,5.3659131072959205,7.101149127098544,7.147991874104647,6.59632953109785
2026-01-01 14:00:00,5.247088215917927,6.001606651793873,8.901485532741368,5.52093705992003,9.607404193546893,9.527210323909175,6.057816595070143,8.278439933292644,4.444444444444445,4.137931034482759,5.3659131072959205,7.101149127098544,7.147991874104647,6.59632953109785
2026-01-01 15:00:00,5.247088215917927,6.001606651793873,8.901485532741368,5.52093705992003,9.607404193546893,9.527210323909175,6.057816595070143,8.278439933292644,4.444444444444445,4.137931034482759,5.3659131072959205,7.101149127098544,7.147991874104647,6.59632953109785
2026-01-01 16:00:00,5.247088215917927,6.001606651793873,8.901485532741368,5.52093705992003,9.607404193546893,9.527210323909175,6.057816595070143,8.278439933292644,4.444444444444445,4.137931034482759,5.3659131072959205,7.101149127098544,7.147991874104647,6.59632953109785
2026-01-01 17:00:00,5.247088215917927,6.001606651793873,8.901485532741368,5.52093705992003,9.607404193546893,9.527210323909175,6.057816595070143,8.278439933292644,4.444444444444445,4.137931034482759,5.3659131072959205,7.101149127098544,7.147991874104647,6.59632953109785
2026-01-01 18:00:00,5.247088215917927,6.001606651793873,8.901485532741368,5.52093705992003,9.607404193546893,9.527210323909175,6.057816595070143,8.278439933292644,4.444444444444445,4.137931034482759,5.3659131072959205,7.101149127098544,7.147991874104647,6.59632953109785
2026-01-01 19:00:00,5.247088215917927,6.001606651793873,0.0,5.52093705992003,0.0,0.0,6.057816595070143,0.0,4.444444444444445,4.137931034482759,0.0,0.0,7.147991874104647,6.59632953109785
2026-01-01 20:00:00,5.247088215917927,0.0,0.0,0.0,0.0,0.0,0.0,0.0,0.0,4.137931034482759,0.0,0.0,7.147991874104647,0.0
2026-01-01 21:00:00,0.0,0.0,0.0,0.0,0.0,0.0,0.0,0.0,0.0,0.0,0.0,0.0,0.0,0.0
2026-01-01 22:00:00,0.0,0.0,0.0,0.0,0.0,0.0,0.0,0.0,0.0,0.0,0.0,0.0,0.0,0.0
2026-01-01 23:00:00,0.0,0.0,0.0,0.0,0.0,0.0,0.0,0.0,0.0,0.0,0.0,0.0,0.0,0.0
2026-01-02 00:00:00,0.0,0.0,0.0,0.0,0.0,0.0,0.0,0.0,0.0,0.0,0.0,0.0,0.0,0.0
2026-01-02 01:00:00,0.0,0.0,0.0,0.0,0.0,0.0,0.0,0.0,0.0,0.0,0.0,0.0,0.0,0.0
2026-01-02 02:00:00,0.0,0.0,0.0,0.0,0.0,0.0,0.0,0.0,0.0,0.0,0.0,0.0,0.0,0.0
2026-01-02 03:00:00,0.0,0.0,0.0,0.0,0.0,0.0,0.0,0.0,0.0,0.0,0.0,0.0,0.0,0.0
2026-01-02 04:00:00,0.0,0.0,0.0,0.0,0.0,0.0,0.0,0.0,0.0,0.0,0.0,0.0,0.0,0.0
2026-01-02 05:00:00,0.0,4.544976752979863,7.039750534427268,5.368889207348629,0.0,0.0,0.0,0.0,0.0,6.417904126570102,0.0,0.0,0.0,0.0
2026-01-02 06:00:00,0.0,4.544976752979863,7.039750534427268,5.368889207348629,0.0,5.145338856303575,0.0,6.132577099588058,0.0,6.417904126570102,0.0,5.0,0.0,8.692131624742773
2026-01-02 07:00:00,6.932608880889341,4.544976752979863,7.039750534427268,5.368889207348629,0.0,5.145338856303575,0.0,6.132577099588058,10.191883727978908,6.417904126570102,5.454545454545454,5.0,0.0,8.692131624742773
2026-01-02 08:00:00,6.932608880889341,4.544976752979863,7.039750534427268,5.368889207348629,7.0588235294117645,5.145338856303575,10.215839178991235,6.132577099588058,10.191883727978908,6.417904126570102,5.454545454545454,5.0,9.206722218225451,8.692131624742773
2026-01-02 09:00:00,6.932608880889341,4.544976752979863,7.039750534427268,5.368889207348629,7.0588235294117645,5.145338856303575,10.215839178991235,6.132577099588058,10.191883727978908,6.417904126570102,5.454545454545454,5.0,9.206722218225451,8.692131624742773
2026-01-02 10:00:00,6.932608880889341,4.544976752979863,7.039750534427268,5.368889207348629,7.0588235294117645,5.145338856303575,10.215839178991235,6.132577099588058,10.191883727978908,6.417904126570102,5.454545454545454,5.0,9.206722218225451,8.692131624742773
2026-01-02 11:00:00,6.932608880889341,4.544976752979863,7.039750534427268,5.368889207348629,7.0588235294117645,5.145338856303575,10.215839178991235,6.132577099588058,10.191883727978908,6.417904126570102,5.454545454545454,5.0,9.206722218225451,8.692131624742773
2026-01-02 12:00:00,0.0,0.0,0.0,0.0,0.0,0.0,0.0,6.132577099588058,0.0,0.0,0.0,0.0,0.0,0.0
2026-01-02 13:00:00,4.9199159799859835,4.090479077681876,8.213042290165147,5.1837550967504,6.0,6.499375397436095,0.0,0.0,9.265348843617188,0.0,0.0,0.0,0.0,9.825887923622265
2026-01-02 14:00:00,4.9199159799859835,4.090479077681876,8.213042290165147,5.1837550967504,6.0,6.499375397436095,8.68346330214255,6.899149237036565,9.265348843617188,10.339956648362943,6.315789473684211,5.714285714285714,5.91860714028779,9.825887923622265
2026-01-02 15:00:00,4.9199159799859835,4.090479077681876,8.213042290165147,5.1837550967504,6.0,6.499375397436095,8.68346330214255,6.899149237036565,9.265348843617188,10.339956648362943,6.315789473684211,5.714285714285714,5.91860714028779,9.825887923622265
2026-01-02 16:00:00,4.9199159799859835,4.090479077681876,8.213042290165147,5.1837550967504,6.0,6.499375397436095,8.68346330214255,6.899149237036565,9.265348843617188,10.339956648362943,6.315789473684211,5.714285714285714,5.91860714028779,9.825887923622265
2026-01-02 17:00:00,4.9199159799859835,4.090479077681876,8.213042290165147,5.1837550967504,6.0,6.499375397436095,8.68346330214255,6.899149237036565,9.265348843617188,10.339956648362943,6.315789473684211,5.714285714285714,5.91860714028779,9.825887923622265
2026-01-02 18:00:00,4.9199159799859835,4.090479077681876,8.213042290165147,5.1837550967504,0.0,0.0,8.68346330214255,6.899149237036565,9.265348843617188,0.0,6.315789473684211,5.714285714285714,5.91860714028779,9.825887923622265
2026-01-02 19:00:00,4.9199159799859835,4.090479077681876,0.0,5.1837550967504,0.0,0.0,0.0,6.899149237036565,0.0,0.0,0.0,0.0,5.91860714028779,0.0
2026-01-02 20:00:00,4.9199159799859835,4.090479077681876,0.0,0.0,0.0,0.0,0.0,0.0,0.0,0.0,0.0,0.0,5.91860714028779,0.0
2026-01-02 21:00:00,0.0,0.0,0.0,0.0,0.0,0.0,0.0,0.0,0.0,0.0,0.0,0.0,0.0,0.0
2026-01-02 22:00:00,0.0,0.0,0.0,0.0,0.0,0.0,0.0,0.0,0.0,0.0,0.0,0.0,0.0,0.0
2026-01-02 23:00:00,0.0,0.0,0.0,0.0,0.0,0.0,0.0,0.0,0.0,0.0,0.0,0.0,0.0,0.0
2026-01-03 00:00:00,0.0,0.0,0.0,0.0,0.0,0.0,0.0,0.0,0.0,0.0,0.0,0.0,0.0,0.0
2026-01-03 01:00:00,0.0,0.0,0.0,0.0,0.0,0.0,0.0,0.0,0.0,0.0,0.0,0.0,0.0,0.0
2026-01-03 02:00:00,0.0,0.0,0.0,0.0,0.0,0.0,0.0,0.0,0.0,0.0,0.0,0.0,0.0,0.0
2026-01-03 03:00:00,0.0,0.0,0.0,0.0,0.0,0.0,0.0,0.0,0.0,0.0,0.0,0.0,0.0,0.0
2026-01-03 04:00:00,0.0,0.0,0.0,0.0,0.0,0.0,0.0,0.0,0.0,0.0,0.0,0.0,0.0,0.0
2026-01-03 05:00:00,0.0,0.0,0.0,0.0,0.0,0.0,0.0,0.0,0.0,0.0,0.0,0.0,0.0,0.0
2026-01-03 06:00:00,0.0,0.0,0.0,0.0,0.0,0.0,0.0,0.0,0.0,0.0,0.0,0.0,0.0,0.0
2026-01-03 07:00:00,0.0,0.0,0.0,0.0,0.0,0.0,0.0,0.0,0.0,0.0,0.0,0.0,0.0,0.0
2026-01-03 08:00:00,7.0588235294117645,0.0,0.0,6.0,0.0,0.0,0.0,0.0,0.0,0.0,0.0,0.0,0.0,0.0
2026-01-03 09:00:00,7.0588235294117645,13.53164569280217,0.0,6.0,0.0,0.0,11.086496592845279,0.0,0.0,9.477201255250083,9.23076923076923,0.0,0.0,9.23076923076923
2026-01-03 10:00:00,7.0588235294117645,13.53164569280217,15.0,6.0,13.333333333333334,9.23076923076923,11.086496592845279,10.0,13.333333333333334,9.477201255250083,9.23076923076923,12.0,0.0,9.23076923076923
2026-01-03 11:00:00,7.0588235294117645,13.53164569280217,15.0,6.0,13.333333333333334,9.23076923076923,11.086496592845279,10.0,13.333333333333334,9.477201255250083,9.23076923076923,12.0,20.0,9.23076923076923
2026-01-03 12:00:00,0.0,13.53164569280217,0.0,6.0,0.0,9.23076923076923,0.0,10.0,0.0,9.477201255250083,0.0,0.0,20.0,0.0
2026-01-03 13:00:00,5.217391304347826,7.32964141693451,4.8,0.0,5.0,0.0,0.0,5.0,0.0,5.768731198847877,4.615384615384615,5.217391304347826,0.0,0.0
2026-01-03 14:00:00,5.217391304347826,7.32964141693451,4.8,5.0,5.0,5.454545454545454,5.5432482964226395,5.0,5.454545454545454,5.768731198847877,4.615384615384615,5.217391304347826,5.454545454545454,4.615384615384615
2026-01-03 15:00:00,5.217391304347826,7.32964141693451,4.8,5.0,5.0,5.454545454545454,5.5432482964226395,5.0,5.454545454545454,5.768731198847877,4.615384615384615,5.217391304347826,5.454545454545454,4.615384615384615
2026-01-03 16:00:00,5.217391304347826,7.32964141693451,4.8,5.0,5.0,5.454545454545454,5.5432482964226395,5.0,5.454545454545454,5.768731198847877,4.615384615384615,5.217391304347826,5.454545454545454,4.615384615384615
2026-01-03 17:00:00,5.217391304347826,7.32964141693451,4.8,5.0,5.0,5.454545454545454,5.5432482964226395,5.0,5.454545454545454,5.768731198847877,4.615384615384615,5.217391304347826,5.454545454545454,4.615384615384615
2026-01-03 18:00:00,5.217391304347826,7.32964141693451,4.8,5.0,5.0,5.454545454545454,5.5432482964226395,5.0,5.454545454545454,5.768731198847877,4.615384615384615,5.217391304347826,5.454545454545454,4.615384615384615
2026-01-03 19:00:00,0.0,0.0,0.0,5.0,0.0,0.0,5.5432482964226395,0.0,0.0,0.0,4.615384615384615,0.0,0.0,4.615384615384615
2026-01-03 20:00:00,0.0,0.0,0.0,0.0,0.0,0.0,0.0,0.0,0.0,0.0,0.0,0.0,0.0,0.0
2026-01-03 21:00:00,0.0,0.0,0.0,0.0,0.0,0.0,0.0,0.0,0.0,0.0,0.0,0.0,0.0,0.0
2026-01-03 22:00:00,0.0,0.0,0.0,0.0,0.0,0.0,0.0,0.0,0.0,0.0,0.0,0.0,0.0,0.0
2026-01-03 23:00:00,0.0,0.0,0.0,0.0,0.0,0.0,0.0,0.0,0.0,0.0,0.0,0.0,0.0,0.0
2026-01-04 00:00:00,0.0,0.0,0.0,0.0,0.0,0.0,0.0,0.0,0.0,0.0,0.0,0.0,0.0,0.0
2026-01-04 01:00:00,0.0,0.0,0.0,0.0,0.0,0.0,0.0,0.0,0.0,0.0,0.0,0.0,0.0,0.0
2026-01-04 02:00:00,0.0,0.0,0.0,0.0,0.0,0.0,0.0,0.0,0.0,0.0,0.0,0.0,0.0,0.0
2026-01-04 03:00:00,0.0,0.0,0.0,0.0,0.0,0.0,0.0,0.0,0.0,0.0,0.0,0.0,0.0,0.0
2026-01-04 04:00:00,0.0,0.0,0.0,0.0,0.0,0.0,0.0,0.0,0.0,0.0,0.0,0.0,0.0,0.0
2026-01-04 05:00:00,0.0,0.0,0.0,0.0,0.0,0.0,0.0,0.0,0.0,0.0,0.0,0.0,0.0,0.0
2026-01-04 06:00:00,0.0,0.0,0.0,0.0,0.0,0.0,0.0,0.0,0.0,0.0,0.0,0.0,0.0,0.0
2026-01-04 07:00:00,0.0,0.0,0.0,0.0,0.0,0.0,0.0,0.0,0.0,0.0,0.0,0.0,0.0,0.0
2026-01-04 08:00:00,0.0,0.0,0.0,0.0,0.0,0.0,0.0,0.0,0.0,0.0,0.0,0.0,7.0588235294117645,0.0
2026-01-04 09:00:00,0.0,10.0,8.571428571428571,10.443983519218998,0.0,10.909090909090908,10.909090909090908,9.898200702581017,0.0,10.909090909090908,0.0,0.0,7.0588235294117645,10.0
2026-01-04 10:00:00,13.930197994482995,10.0,8.571428571428571,10.443983519218998,14.07120847037161,10.909090909090908,10.909090909090908,9.898200702581017,15.0,10.909090909090908,0.0,10.0,7.0588235294117645,10.0
2026-01-04 11:00:00,13.930197994482995,10.0,8.571428571428571,10.443983519218998,14.07120847037161,10.909090909090908,10.909090909090908,9.898200702581017,15.0,10.909090909090908,30.0,10.0,7.0588235294117645,10.0
2026-01-04 12:00:00,0.0,0.0,0.0,0.0,0.0,0.0,0.0,0.0,0.0,0.0,0.0,10.0,0.0,0.0
2026-01-04 13:00:00,5.357768459416537,5.454545454545454,5.0,6.646171330412089,5.863003529321504,5.217391304347826,4.8,4.778441718487387,4.285714285714286,5.0,4.444444444444445,4.615384615384615,0.0,3.75
2026-01-04 14:00:00,5.357768459416537,5.454545454545454,5.0,6.646171330412089,5.863003529321504,5.217391304347826,4.8,4.778441718487387,4.285714285714286,5.0,4.444444444444445,4.615384615384615,6.0,3.75
2026-01-04 15:00:00,5.357768459416537,5.454545454545454,5.0,6.646171330412089,5.863003529321504,5.217391304347826,4.8,4.778441718487387,4.285714285714286,5.0,4.444444444444445,4.615384615384615,6.0,3.75
2026-01-04 16:00:00,5.357768459416537,5.454545454545454,5.0,6.646171330412089,5.863003529321504,5.217391304347826,4.8,4.778441718487387,4.285714285714286,5.0,4.444444444444445,4.615384615384615,6.0,3.75
2026-01-04 17:00:00,5.357768459416537,5.454545454545454,5.0,6.646171330412089,5.863003529321504,5.217391304347826,4.8,4.778441718487387,4.285714285714286,5.0,4.444444444444445,4.615384615384615,6.0,3.75
2026-01-04 18:00:00,5.357768459416537,5.454545454545454,5.0,6.646171330412089,5.863003529321504,5.217391304347826,4.8,4.778441718487387,4.285714285714286,5.0,4.444444444444445,4.615384615384615,6.0,3.75
2026-01-04 19:00:00,5.357768459416537,0.0,0.0,0.0,0.0,0.0,4.8,4.778441718487387,4.285714285714286,0.0,4.444444444444445,4.615384615384615,0.0,3.75
2026-01-04 20:00:00,0.0,0.0,0.0,0.0,0.0,0.0,0.0,0.0,0.0,0.0,0.0,0.0,0.0,3.75
2026-01-04 21:00:00,0.0,0.0,0.0,0.0,0.0,0.0,0.0,0.0,0.0,0.0,0.0,0.0,0.0,0.0
2026-01-04 22:00:00,0.0,0.0,0.0,0.0,0.0,0.0,0.0,0.0,0.0,0.0,0.0,0.0,0.0,0.0
2026-01-04 23:00:00,0.0,0.0,0.0,0.0,0.0,0.0,0.0,0.0,0.0,0.0,0.0,0.0,0.0,0.0
2026-01-05 00:00:00,0.0,0.0,0.0,0.0,0.0,0.0,0.0,0.0,0.0,0.0,0.0,0.0,0.0,0.0
2026-01-05 01:00:00,0.0,0.0,0.0,0.0,0.0,0.0,0.0,0.0,0.0,0.0,0.0,0.0,0.0,0.0
2026-01-05 02:00:00,0.0,0.0,0.0,0.0,0.0,0.0,0.0,0.0,0.0,0.0,0.0,0.0,0.0,0.0
2026-01-05 03:00:00,0.0,0.0,0.0,0.0,0.0,0.0,0.0,0.0,0.0,0.0,0.0,0.0,0.0,0.0
2026-01-05 04:00:00,0.0,0.0,0.0,0.0,0.0,0.0,0.0,0.0,0.0,0.0,0.0,0.0,0.0,0.0
2026-01-05 05:00:00,0.0,0.0,0.0,0.0,0.0,0.0,0.0,0.0,0.0,7.998161971551309,0.0,0.0,0.0,0.0
2026-01-05 06:00:00,0.0,0.0,0.0,0.0,0.0,0.0,0.0,6.048097028046989,0.0,7.998161971551309,0.0,4.573997247466566,6.39740424919036,4.8
2026-01-05 07:00:00,8.054032411454573,8.094017746000583,6.632029598678609,5.454545454545454,9.733018078341486,7.320386876113021,10.08565240473553,6.048097028046989,0.0,7.998161971551309,0.0,4.573997247466566,6.39740424919036,4.8
2026-01-05 08:00:00,8.054032411454573,8.094017746000583,6.632029598678609,5.454545454545454,9.733018078341486,7.320386876113021,10.08565240473553,6.048097028046989,9.98082452961958,7.998161971551309,10.306063787713375,4.573997247466566,6.39740424919036,4.8
2026-01-05 09:00:00,8.054032411454573,8.094017746000583,6.632029598678609,5.454545454545454,9.733018078341486,7.320386876113021,10.08565240473553,6.048097028046989,9.98082452961958,7.998161971551309,10.306063787713375,4.573997247466566,6.39740424919036,4.8
2026-01-05 10:00:00,8.054032411454573,8.094017746000583,6.632029598678609,5.454545454545454,9.733018078341486,7.320386876113021,10.08565240473553,6.048097028046989,9.98082452961958,7.998161971551309,10.306063787713375,4.573997247466566,6.39740424919036,4.8
2026-01-05 11:00:00,8.054032411454573,8.094017746000583,6.632029598678609,5.454545454545454,9.733018078341486,7.320386876113021,10.08565240473553,6.048097028046989,9.98082452961958,7.998161971551309,10.306063787713375,4.573997247466566,6.39740424919036,4.8
2026-01-05 12:00:00,8.054032411454573,0.0,0.0,0.0,0.0,0.0,0.0,0.0,0.0,7.998161971551309,0.0,4.573997247466566,0.0,0.0
2026-01-05 13:00:00,6.10995562248278,7.160092621462054,6.632029598678609,5.217391304347826,7.570125172043378,0.0,0.0,7.639701509111986,7.8110800666588025,10.906584506660876,9.790760598327706,5.568344475176689,5.159196975153516,0.0
2026-01-05 14:00:00,6.10995562248278,7.160092621462054,6.632029598678609,5.217391304347826,7.570125172043378,6.654897160102746,8.82494585414359,7.639701509111986,7.8110800666588025,10.906584506660876,9.790760598327706,5.568344475176689,5.159196975153516,4.615384615384615
2026-01-05 15:00:00,6.10995562248278,7.160092621462054,6.632029598678609,5.217391304347826,7.570125172043378,6.654897160102746,8.82494585414359,7.639701509111986,7.8110800666588025,10.906584506660876,9.790760598327706,5.568344475176689,5.159196975153516,4.615384615384615
2026-01-05 16:00:00,6.10995562248278,7.160092621462054,6.632029598678609,5.217391304347826,7.570125172043378,6.654897160102746,8.82494585414359,7.639701509111986,7.8110800666588025,10.906584506660876,9.790760598327706,5.568344475176689,5.159196975153516,4.615384615384615
2026-01-05 17:00:00,6.10995562248278,7.160092621462054,6.632029598678609,5.217391304347826,7.570125172043378,6.654897160102746,8.82494585414359,7.639701509111986,7.8110800666588025,10.906584506660876,9.790760598327706,5.568344475176689,5.159196975153516,4.615384615384615
2026-01-05 18:00:00,6.10995562248278,7.160092621462054,0.0,5.217391304347826,7.570125172043378,6.654897160102746,8.82494585414359,0.0,7.8110800666588025,10.906584506660876,0.0,5.568344475176689,5.159196975153516,4.615384615384615
2026-01-05 19:00:00,6.10995562248278,7.160092621462054,0.0,0.0,7.570125172043378,0.0,8.82494585414359,0.0,0.0,0.0,0.0,0.0,5.159196975153516,4.615384615384615
2026-01-05 20:00:00,0.0,0.0,0.0,0.0,0.0,0.0,0.0,0.0,0.0,0.0,0.0,0.0,5.159196975153516,0.0
2026-01-05 21:00:00,0.0,0.0,0.0,0.0,0.0,0.0,0.0,0.0,0.0,0.0,0.0,0.0,0.0,0.0
2026-01-05 22:00:00,0.0,0.0,0.0,0.0,0.0,0.0,0.0,0.0,0.0,0.0,0.0,0.0,0.0,0.0
2026-01-05 23:00:00,0.0,0.0,0.0,0.0,0.0,0.0,0.0,0.0,0.0,0.0,0.0,0.0,0.0,0.0
2026-01-06 00:00:00,0.0,0.0,0.0,0.0,0.0,0.0,0.0,0.0,0.0,0.0,0.0,0.0,0.0,0.0
2026-01-06 01:00:00,0.0,0.0,0.0,0.0,0.0,0.0,0.0,0.0,0.0,0.0,0.0,0.0,0.0,0.0
2026-01-06 02:00:00,0.0,0.0,0.0,0.0,0.0,0.0,0.0,0.0,0.0,0.0,0.0,0.0,0.0,0.0
2026-01-06 03:00:00,0.0,0.0,0.0,0.0,0.0,0.0,0.0,0.0,0.0,0.0,0.0,0.0,0.0,0.0
2026-01-06 04:00:00,0.0,0.0,0.0,0.0,0.0,0.0,0.0,0.0,0.0,0.0,0.0,0.0,0.0,0.0
2026-01-06 05:00:00,0.0,0.0,0.0,0.0,0.0,6.020400140340855,0.0,0.0,0.0,0.0,6.03308806861206,0.0,0.0,0.0
2026-01-06 06:00:00,0.0,6.647759517081572,8.492065741281886,7.233295143635999,0.0,6.020400140340855,7.287728781808659,6.121693424259519,5.238903405528134,0.0,6.03308806861206,0.0,8.726566983726219,5.665527744390674
2026-01-06 07:00:00,0.0,6.647759517081572,8.492065741281886,7.233295143635999,0.0,6.020400140340855,7.287728781808659,6.121693424259519,5.238903405528134,6.0,6.03308806861206,0.0,8.726566983726219,5.665527744390674
2026-01-06 08:00:00,11.790993467263949,6.647759517081572,8.492065741281886,7.233295143635999,6.996027663676303,6.020400140340855,7.287728781808659,6.121693424259519,5.238903405528134,6.0,6.03308806861206,9.851808647131438,8.726566983726219,5.665527744390674
2026-01-06 09:00:00,11.790993467263949,6.647759517081572,8.492065741281886,7.233295143635999,6.996027663676303,6.020400140340855,7.287728781808659,6.121693424259519,5.238903405528134,6.0,6.03308806861206,9.851808647131438,8.726566983726219,5.665527744390674
2026-01-06 10:00:00,11.790993467263949,6.647759517081572,8.492065741281886,7.233295143635999,6.996027663676303,6.020400140340855,7.287728781808659,6.121693424259519,5.238903405528134,6.0,6.03308806861206,9.851808647131438,8.726566983726219,5.665527744390674
2026-01-06 11:00:00,11.790993467263949,6.647759517081572,8.492065741281886,7.233295143635999,6.996027663676303,6.020400140340855,7.287728781808659,6.121693424259519,5.238903405528134,6.0,6.03308806861206,9.851808647131438,8.726566983726219,5.665527744390674
2026-01-06 12:00:00,0.0,0.0,0.0,0.0,0.0,6.020400140340855,0.0,0.0,0.0,0.0,0.0,9.851808647131438,0.0,5.665527744390674
2026-01-06 13:00:00,8.7150821279777,6.924749496959971,0.0,0.0,6.62781568137755,9.505894958432929,8.238302101175007,5.5095240818335665,4.656803027136119,0.0,6.9983821595899895,10.370324891717303,7.7915776640412675,6.609782368455787
2026-01-06 14:00:00,8.7150821279777,6.924749496959971,7.278913492527331,7.89086742942109,6.62781568137755,9.505894958432929,8.238302101175007,5.5095240818335665,4.656803027136119,6.666666666666667,6.9983821595899895,10.370324891717303,7.7915776640412675,6.609782368455787
2026-01-06 15:00:00,8.7150821279777,6.924749496959971,7.278913492527331,7.89086742942109,6.62781568137755,9.505894958432929,8.238302101175007,5.5095240818335665,4.656803027136119,6.666666666666667,6.9983821595899895,10.370324891717303,7.7915776640412675,6.609782368455787
2026-01-06 16:00:00,8.7150821279777,6.924749496959971,7.278913492527331,7.89086742942109,6.62781568137755,9.505894958432929,8.238302101175007,5.5095240818335665,4.656803027136119,6.666666666666667,6.9983821595899895,10.370324891717303,7.7915776640412675,6.609782368455787
2026-01-06 17:00:00,8.7150821279777,6.924749496959971,7.278913492527331,7.89086742942109,6.62781568137755,9.505894958432929,8.238302101175007,5.5095240818335665,4.656803027136119,6.666666666666667,6.9983821595899895,10.370324891717303,7.7915776640412675,6.609782368455787
2026-01-06 18:00:00,8.7150821279777,6.924749496959971,7.278913492527331,7.89086742942109,0.0,0.0,8.238302101175007,5.5095240818335665,4.656803027136119,0.0,6.9983821595899895,0.0,7.7915776640412675,6.609782368455787
2026-01-06 19:00:00,0.0,0.0,7.278913492527331,0.0,0.0,0.0,0.0,5.5095240818335665,4.656803027136119,0.0,0.0,0.0,7.7915776640412675,0.0
2026-01-06 20:00:00,0.0,0.0,7.278913492527331,0.0,0.0,0.0,0.0,5.5095240818335665,0.0,0.0,0.0,0.0,0.0,0.0
2026-01-06 21:00:00,0.0,0.0,0.0,0.0,0.0,0.0,0.0,0.0,0.0,0.0,0.0,0.0,0.0,0.0
2026-01-06 22:00:00,0.0,0.0,0.0,0.0,0.0,0.0,0.0,0.0,0.0,0.0,0.0,0.0,0.0,0.0
2026-01-06 23:00:00,0.0,0.0,0.0,0.0,0.0,0.0,0.0,0.0,0.0,0.0,0.0,0.0,0.0,0.0
2026-01-07 00:00:00,0.0,0.0,0.0,0.0,0.0,0.0,0.0,0.0,0.0,0.0,0.0,0.0,0.0,0.0
2026-01-07 01:00:00,0.0,0.0,0.0,0.0,0.0,0.0,0.0,0.0,0.0,0.0,0.0,0.0,0.0,0.0
2026-01-07 02:00:00,0.0,0.0,0.0,0.0,0.0,0.0,0.0,0.0,0.0,0.0,0.0,0.0,0.0,0.0
2026-01-07 03:00:00,0.0,0.0,0.0,0.0,0.0,0.0,0.0,0.0,0.0,0.0,0.0,0.0,0.0,0.0
2026-01-07 04:00:00,0.0,0.0,0.0,0.0,0.0,0.0,0.0,0.0,5.615168688193652,0.0,0.0,0.0,0.0,0.0
2026-01-07 05:00:00,0.0,0.0,6.824049545681756,4.444444444444445,0.0,0.0,0.0,0.0,5.615168688193652,0.0,7.39636412511667,0.0,0.0,3.870967741935484
2026-01-07 06:00:00,0.0,0.0,6.824049545681756,4.444444444444445,5.70557591228463,0.0,0.0,0.0,5.615168688193652,8.30733620348979,7.39636412511667,0.0,0.0,3.870967741935484
2026-01-07 07:00:00,6.275343323645865,6.569471583253685,6.824049545681756,4.444444444444445,5.70557591228463,0.0,7.578615753218081,0.0,5.615168688193652,8.30733620348979,7.39636412511667,8.7780828846263,9.59014148966449,3.870967741935484
2026-01-07 08:00:00,6.275343323645865,6.569471583253685,6.824049545681756,4.444444444444445,5.70557591228463,6.315789473684211,7.578615753218081,9.401254311884017,5.615168688193652,8.30733620348979,7.39636412511667,8.7780828846263,9.59014148966449,3.870967741935484
2026-01-07 09:00:00,6.275343323645865,6.569471583253685,6.824049545681756,4.444444444444445,5.70557591228463,6.315789473684211,7.578615753218081,9.401254311884017,5.615168688193652,8.30733620348979,7.39636412511667,8.7780828846263,9.59014148966449,3.870967741935484
2026-01-07 10:00:00,6.275343323645865,6.569471583253685,6.824049545681756,4.444444444444445,5.70557591228463,6.315789473684211,7.578615753218081,9.401254311884017,5.615168688193652,8.30733620348979,7.39636412511667,8.7780828846263,9.59014148966449,3.870967741935484
2026-01-07 11:00:00,6.275343323645865,6.569471583253685,6.824049545681756,4.444444444444445,5.70557591228463,6.315789473684211,7.578615753218081,9.401254311884017,5.615168688193652,8.30733620348979,7.39636412511667,8.7780828846263,9.59014148966449,3.870967741935484
2026-01-07 12:00:00,0.0,0.0,0.0,0.0,0.0,6.315789473684211,0.0,0.0,5.615168688193652,0.0,7.39636412511667,0.0,0.0,3.870967741935484
2026-01-07 13:00:00,7.596468233887101,5.712583985437988,6.824049545681756,0.0,0.0,5.0,7.234133218980896,5.919308270445493,7.486891584258202,0.0,8.937273317849309,7.152511980065874,0.0,6.315789473684211
2026-01-07 14:00:00,7.596468233887101,5.712583985437988,6.824049545681756,5.0,5.266685457493504,5.0,7.234133218980896,5.919308270445493,7.486891584258202,9.494098518274045,8.937273317849309,7.152511980065874,7.745883510882857,6.315789473684211
2026-01-07 15:00:00,7.596468233887101,5.712583985437988,6.824049545681756,5.0,5.266685457493504,5.0,7.234133218980896,5.919308270445493,7.486891584258202,9.494098518274045,8.937273317849309,7.152511980065874,7.745883510882857,6.315789473684211
2026-01-07 16:00:00,7.596468233887101,5.712583985437988,6.824049545681756,5.0,5.266685457493504,5.0,7.234133218980896,5.919308270445493,7.486891584258202,9.494098518274045,8.937273317849309,7.152511980065874,7.745883510882857,6.315789473684211
2026-01-07 17:00:00,7.596468233887101,5.712583985437988,6.824049545681756,5.0,5.266685457493504,5.0,7.234133218980896,5.919308270445493,7.486891584258202,9.494098518274045,8.937273317849309,7.152511980065874,7.745883510882857,6.315789473684211
2026-01-07 18:00:00,0.0,5.712583985437988,6.824049545681756,5.0,5.266685457493504,5.0,0.0,5.919308270445493,7.486891584258202,9.494098518274045,8.937273317849309,7.152511980065874,7.745883510882857,0.0
2026-01-07 19:00:00,0.0,0.0,6.824049545681756,5.0,5.266685457493504,0.0,0.0,5.919308270445493,7.486891584258202,0.0,0.0,7.152511980065874,7.745883510882857,0.0
2026-01-07 20:00:00,0.0,0.0,0.0,0.0,0.0,0.0,0.0,0.0,0.0,0.0,0.0,0.0,0.0,0.0
2026-01-07 21:00:00,0.0,0.0,0.0,0.0,0.0,0.0,0.0,0.0,0.0,0.0,0.0,0.0,0.0,0.0
2026-01-07 22:00:00,0.0,0.0,0.0,0.0,0.0,0.0,0.0,0.0,0.0,0.0,0.0,0.0,0.0,0.0
2026-01-07 23:00:00,0.0,0.0,0.0,0.0,0.0,0.0,0.0,0.0,0.0,0.0,0.0,0.0,0.0,0.0
2026-01-08 00:00:00,0.0,0.0,0.0,0.0,0.0,0.0,0.0,0.0,0.0,0.0,0.0,0.0,0.0,0.0
2026-01-08 01:00:00,0.0,0.0,0.0,0.0,0.0,0.0,0.0,0.0,0.0,0.0,0.0,0.0,0.0,0.0
2026-01-08 02:00:00,0.0,0.0,0.0,0.0,0.0,0.0,0.0,0.0,0.0,0.0,0.0,0.0,0.0,0.0
2026-01-08 03:00:00,0.0,0.0,0.0,0.0,0.0,0.0,0.0,0.0,0.0,0.0,0.0,0.0,0.0,0.0
2026-01-08 04:00:00,0.0,0.0,0.0,0.0,0.0,0.0,0.0,7.076644701592093,0.0,0.0,3.75,0.0,0.0,0.0
2026-01-08 05:00:00,0.0,0.0,0.0,0.0,0.0,0.0,0.0,7.076644701592093,4.535168110748632,5.542508733073908,3.75,0.0,0.0,0.0
2026-01-08 06:00:00,6.1746963720146075,5.300527441535028,4.615384615384615,0.0,6.405287054131698,9.724446719902163,0.0,7.076644701592093,4.535168110748632,5.542508733073908,3.75,0.0,5.06592458571178,5.4636077716252265
2026-01-08 07:00:00,6.1746963720146075,5.300527441535028,4.615384615384615,0.0,6.405287054131698,9.724446719902163,0.0,7.076644701592093,4.535168110748632,5.542508733073908,3.75,0.0,5.06592458571178,5.4636077716252265
2026-01-08 08:00:00,6.1746963720146075,5.300527441535028,4.615384615384615,7.550262878942692,6.405287054131698,9.724446719902163,6.666666666666667,7.076644701592093,4.535168110748632,5.542508733073908,3.75,0.0,5.06592458571178,5.4636077716252265
2026-01-08 09:00:00,6.1746963720146075,5.300527441535028,4.615384615384615,7.550262878942692,6.405287054131698,9.724446719902163,6.666666666666667,7.076644701592093,4.535168110748632,5.542508733073908,3.75,13.172563429867271,5.06592458571178,5.4636077716252265
2026-01-08 10:00:00,6.1746963720146075,5.300527441535028,4.615384615384615,7.550262878942692,6.405287054131698,9.724446719902163,6.666666666666667,7.076644701592093,4.535168110748632,5.542508733073908,3.75,13.172563429867271,5.06592458571178,5.4636077716252265
2026-01-08 11:00:00,6.1746963720146075,5.300527441535028,4.615384615384615,7.550262878942692,6.405287054131698,9.724446719902163,6.666666666666667,7.076644701592093,4.535168110748632,5.542508733073908,3.75,13.172563429867271,5.06592458571178,5.4636077716252265
2026-01-08 12:00:00,6.1746963720146075,0.0,0.0,0.0,6.405287054131698,0.0,0.0,0.0,0.0,0.0,0.0,0.0,0.0,0.0
2026-01-08 13:00:00,6.1746963720146075,5.300527441535028,0.0,3.9848609638864207,5.719006298331872,13.728630663391288,0.0,8.087593944676678,0.0,8.313763099610863,5.217391304347826,9.706099369375885,4.884998707650645,5.226059607641521
2026-01-08 14:00:00,6.1746963720146075,5.300527441535028,7.5,3.9848609638864207,5.719006298331872,13.728630663391288,5.0,8.087593944676678,5.039075678609591,8.313763099610863,5.217391304347826,9.706099369375885,4.884998707650645,5.226059607641521
2026-01-08 15:00:00,6.1746963720146075,5.300527441535028,7.5,3.9848609638864207,5.719006298331872,13.728630663391288,5.0,8.087593944676678,5.039075678609591,8.313763099610863,5.217391304347826,9.706099369375885,4.884998707650645,5.226059607641521
2026-01-08 16:00:00,6.1746963720146075,5.300527441535028,7.5,3.9848609638864207,5.719006298331872,13.728630663391288,5.0,8.087593944676678,5.039075678609591,8.313763099610863,5.217391304347826,9.706099369375885,4.884998707650645,5.226059607641521
2026-01-08 17:00:00,6.1746963720146075,5.300527441535028,7.5,3.9848609638864207,5.719006298331872,0.0,5.0,8.087593944676678,5.039075678609591,8.313763099610863,5.217391304347826,9.706099369375885,4.884998707650645,5.226059607641521
2026-01-08 18:00:00,6.1746963720146075,5.300527441535028,0.0,3.9848609638864207,5.719006298331872,0.0,5.0,8.087593944676678,5.039075678609591,0.0,5.217391304347826,0.0,4.884998707650645,5.226059607641521
2026-01-08 19:00:00,6.1746963720146075,0.0,0.0,3.9848609638864207,5.719006298331872,0.0,5.0,8.087593944676678,5.039075678609591,0.0,0.0,0.0,4.884998707650645,0.0
2026-01-08 20:00:00,0.0,0.0,0.0,3.9848609638864207,0.0,0.0,0.0,0.0,0.0,0.0,0.0,0.0,0.0,0.0
2026-01-08 21:00:00,0.0,0.0,0.0,3.9848609638864207,0.0,0.0,0.0,0.0,0.0,0.0,0.0,0.0,0.0,0.0
2026-01-08 22:00:00,0.0,0.0,0.0,0.0,0.0,0.0,0.0,0.0,0.0,0.0,0.0,0.0,0.0,0.0
2026-01-08 23:00:00,0.0,0.0,0.0,0.0,0.0,0.0,0.0,0.0,0.0,0.0,0.0,0.0,0.0,0.0
2026-01-09 00:00:00,0.0,0.0,0.0,0.0,0.0,0.0,0.0,0.0,0.0,0.0,0.0,0.0,0.0,0.0
2026-01-09 01:00:00,0.0,0.0,0.0,0.0,0.0,0.0,0.0,0.0,0.0,0.0,0.0,0.0,0.0,0.0
2026-01-09 02:00:00,0.0,0.0,0.0,0.0,0.0,0.0,0.0,0.0,0.0,0.0,0.0,0.0,0.0,0.0
2026-01-09 03:00:00,0.0,0.0,0.0,0.0,0.0,0.0,0.0,0.0,0.0,0.0,0.0,0.0,0.0,0.0
2026-01-09 04:00:00,0.0,0.0,0.0,0.0,0.0,0.0,0.0,0.0,0.0,0.0,0.0,0.0,0.0,0.0
2026-01-09 05:00:00,0.0,0.0,0.0,0.0,0.0,0.0,0.0,0.0,0.0,0.0,4.982340681979675,0.0,0.0,0.0
2026-01-09 06:00:00,9.873793261336376,0.0,7.335400519331439,0.0,5.0,6.036269420260651,0.0,0.0,0.0,0.0,4.982340681979675,0.0,0.0,6.851462731822934
2026-01-09 07:00:00,9.873793261336376,9.104885352198856,7.335400519331439,9.54001103100557,5.0,6.036269420260651,6.463016439945606,0.0,6.160111084322605,0.0,4.982340681979675,5.693122118596446,0.0,6.851462731822934
2026-01-09 08:00:00,9.873793261336376,9.104885352198856,7.335400519331439,9.54001103100557,5.0,6.036269420260651,6.463016439945606,8.77289392768298,6.160111084322605,8.385893781161602,4.982340681979675,5.693122118596446,8.701968070324336,6.851462731822934
2026-01-09 09:00:00,9.873793261336376,9.104885352198856,7.335400519331439,9.54001103100557,5.0,6.036269420260651,6.463016439945606,8.77289392768298,6.160111084322605,8.385893781161602,4.982340681979675,5.693122118596446,8.701968070324336,6.851462731822934
2026-01-09 10:00:00,9.873793261336376,9.104885352198856,7.335400519331439,9.54001103100557,5.0,6.036269420260651,6.463016439945606,8.77289392768298,6.160111084322605,8.385893781161602,4.982340681979675,5.693122118596446,8.701968070324336,6.851462731822934
2026-01-09 11:00:00,9.873793261336376,9.104885352198856,7.335400519331439,9.54001103100557,5.0,6.036269420260651,6.463016439945606,8.77289392768298,6.160111084322605,8.385893781161602,4.982340681979675,5.693122118596446,8.701968070324336,6.851462731822934
2026-01-09 12:00:00,0.0,9.104885352198856,0.0,0.0,0.0,0.0,0.0,0.0,0.0,8.385893781161602,0.0,5.693122118596446,8.701968070324336,0.0
2026-01-09 13:00:00,11.354862250536833,10.83914922880816,0.0,0.0,5.714285714285714,5.030224516883876,0.0,4.7852148696452605,0.0,0.0,5.154145533082422,0.0,9.185410740897911,6.324427137067324
2026-01-09 14:00:00,11.354862250536833,10.83914922880816,8.73261966587076,7.066674837781903,5.714285714285714,5.030224516883876,5.901015010385118,4.7852148696452605,6.453449707385586,5.78337502149076,5.154145533082422,4.473167378897208,9.185410740897911,6.324427137067324
2026-01-09 15:00:00,11.354862250536833,10.83914922880816,8.73261966587076,7.066674837781903,5.714285714285714,5.030224516883876,5.901015010385118,4.7852148696452605,6.453449707385586,5.78337502149076,5.154145533082422,4.473167378897208,9.185410740897911,6.324427137067324
2026-01-09 16:00:00,11.354862250536833,10.83914922880816,8.73261966587076,7.066674837781903,5.714285714285714,5.030224516883876,5.901015010385118,4.7852148696452605,6.453449707385586,5.78337502149076,5.154145533082422,4.473167378897208,9.185410740897911,6.324427137067324
2026-01-09 17:00:00,11.354862250536833,10.83914922880816,8.73261966587076,7.066674837781903,5.714285714285714,5.030224516883876,5.901015010385118,4.7852148696452605,6.453449707385586,5.78337502149076,5.154145533082422,4.473167378897208,9.185410740897911,6.324427137067324
2026-01-09 18:00:00,0.0,0.0,8.73261966587076,7.066674837781903,0.0,5.030224516883876,5.901015010385118,4.7852148696452605,6.453449707385586,5.78337502149076,5.154145533082422,4.473167378897208,0.0,6.324427137067324
2026-01-09 19:00:00,0.0,0.0,0.0,7.066674837781903,0.0,5.030224516883876,0.0,4.7852148696452605,0.0,5.78337502149076,5.154145533082422,4.473167378897208,0.0,6.324427137067324
2026-01-09 20:00:00,0.0,0.0,0.0,0.0,0.0,5.030224516883876,0.0,4.7852148696452605,0.0,5.78337502149076,5.154145533082422,4.473167378897208,0.0,0.0
2026-01-09 21:00:00,0.0,0.0,0.0,0.0,0.0,0.0,0.0,0.0,0.0,0.0,0.0,0.0,0.0,0.0
2026-01-09 22:00:00,0.0,0.0,0.0,0.0,0.0,0.0,0.0,0.0,0.0,0.0,0.0,0.0,0.0,0.0
2026-01-09 23:00:00,0.0,0.0,0.0,0.0,0.0,0.0,0.0,0.0,0.0,0.0,0.0,0.0,0.0,0.0
2026-01-10 00:00:00,0.0,0.0,0.0,0.0,0.0,0.0,0.0,0.0,0.0,0.0,0.0,0.0,0.0,0.0
2026-01-10 01:00:00,0.0,0.0,0.0,0.0,0.0,0.0,0.0,0.0,0.0,0.0,0.0,0.0,0.0,0.0
2026-01-10 02:00:00,0.0,0.0,0.0,0.0,0.0,0.0,0.0,0.0,0.0,0.0,0.0,0.0,0.0,0.0
2026-01-10 03:00:00,0.0,0.0,0.0,0.0,0.0,0.0,0.0,0.0,0.0,0.0,0.0,0.0,0.0,0.0
2026-01-10 04:00:00,0.0,0.0,0.0,0.0,0.0,0.0,0.0,0.0,0.0,0.0,0.0,0.0,0.0,0.0
2026-01-10 05:00:00,0.0,0.0,0.0,0.0,0.0,0.0,0.0,0.0,0.0,0.0,0.0,0.0,0.0,0.0
2026-01-10 06:00:00,0.0,0.0,0.0,0.0,0.0,0.0,0.0,0.0,0.0,0.0,0.0,0.0,0.0,0.0
2026-01-10 07:00:00,0.0,0.0,0.0,0.0,0.0,0.0,0.0,0.0,0.0,0.0,0.0,0.0,0.0,0.0
2026-01-10 08:00:00,7.0588235294117645,0.0,0.0,0.0,0.0,0.0,0.0,0.0,0.0,0.0,8.0,0.0,0.0,0.0
2026-01-10 09:00:00,7.0588235294117645,0.0,0.0,0.0,0.0,0.0,0.0,0.0,0.0,10.0,8.0,0.0,9.25679131994519,0.0
2026-01-10 10:00:00,7.0588235294117645,13.333333333333334,0.0,10.909090909090908,15.0,13.333333333333334,17.142857142857142,12.492871754746501,15.0,10.0,8.0,10.909090909090908,9.25679131994519,0.0
2026-01-10 11:00:00,7.0588235294117645,13.333333333333334,17.142857142857142,10.909090909090908,15.0,13.333333333333334,17.142857142857142,12.492871754746501,15.0,10.0,8.0,10.909090909090908,9.25679131994519,17.142857142857142
2026-01-10 12:00:00,0.0,0.0,17.142857142857142,10.909090909090908,0.0,0.0,0.0,0.0,0.0,0.0,0.0,0.0,0.0,0.0
2026-01-10 13:00:00,5.0,5.217391304347826,4.615384615384615,4.615384615384615,0.0,0.0,4.285714285714286,0.0,4.615384615384615,4.137931034482759,4.615384615384615,0.0,6.037037817355559,4.444444444444445
2026-01-10 14:00:00,5.0,5.217391304347826,4.615384615384615,4.615384615384615,4.8,5.217391304347826,4.285714285714286,5.431683371628914,4.615384615384615,4.137931034482759,4.615384615384615,5.454545454545454,6.037037817355559,4.444444444444445
2026-01-10 15:00:00,5.0,5.217391304347826,4.615384615384615,4.615384615384615,4.8,5.217391304347826,4.285714285714286,5.431683371628914,4.615384615384615,4.137931034482759,4.615384615384615,5.454545454545454,6.037037817355559,4.444444444444445
2026-01-10 16:00:00,5.0,5.217391304347826,4.615384615384615,4.615384615384615,4.8,5.217391304347826,4.285714285714286,5.431683371628914,4.615384615384615,4.137931034482759,4.615384615384615,5.454545454545454,6.037037817355559,4.444444444444445
2026-01-10 17:00:00,5.0,5.217391304347826,4.615384615384615,4.615384615384615,4.8,5.217391304347826,4.285714285714286,5.431683371628914,4.615384615384615,4.137931034482759,4.615384615384615,5.454545454545454,6.037037817355559,4.444444444444445
2026-01-10 18:00:00,5.0,5.217391304347826,4.615384615384615,4.615384615384615,4.8,5.217391304347826,4.285714285714286,5.431683371628914,4.615384615384615,4.137931034482759,4.615384615384615,5.454545454545454,6.037037817355559,4.444444444444445
2026-01-10 19:00:00,0.0,0.0,4.615384615384615,4.615384615384615,4.8,0.0,4.285714285714286,0.0,4.615384615384615,4.137931034482759,4.615384615384615,0.0,0.0,4.444444444444445
2026-01-10 20:00:00,0.0,0.0,0.0,0.0,0.0,0.0,0.0,0.0,0.0,0.0,0.0,0.0,0.0,0.0
2026-01-10 21:00:00,0.0,0.0,0.0,0.0,0.0,0.0,0.0,0.0,0.0,0.0,0.0,0.0,0.0,0.0
2026-01-10 22:00:00,0.0,0.0,0.0,0.0,0.0,0.0,0.0,0.0,0.0,0.0,0.0,0.0,0.0,0.0
2026-01-10 23:00:00,0.0,0.0,0.0,0.0,0.0,0.0,0.0,0.0,0.0,0.0,0.0,0.0,0.0,0.0
2026-01-11 00:00:00,0.0,0.0,0.0,0.0,0.0,0.0,0.0,0.0,0.0,0.0,0.0,0.0,0.0,0.0
2026-01-11 01:00:00,0.0,0.0,0.0,0.0,0.0,0.0,0.0,0.0,0.0,0.0,0.0,0.0,0.0,0.0
2026-01-11 02:00:00,0.0,0.0,0.0,0.0,0.0,0.0,0.0,0.0,0.0,0.0,0.0,0.0,0.0,0.0
2026-01-11 03:00:00,0.0,0.0,0.0,0.0,0.0,0.0,0.0,0.0,0.0,0.0,0.0,0.0,0.0,0.0
2026-01-11 04:00:00,0.0,0.0,0.0,0.0,0.0,0.0,0.0,0.0,0.0,0.0,0.0,0.0,0.0,0.0
2026-01-11 05:00:00,0.0,0.0,0.0,0.0,0.0,0.0,0.0,0.0,0.0,0.0,0.0,0.0,0.0,0.0
2026-01-11 06:00:00,0.0,0.0,0.0,0.0,0.0,0.0,0.0,0.0,0.0,0.0,0.0,0.0,0.0,0.0
2026-01-11 07:00:00,0.0,0.0,0.0,0.0,0.0,0.0,0.0,0.0,0.0,0.0,0.0,5.714285714285714,0.0,0.0
2026-01-11 08:00:00,0.0,0.0,0.0,0.0,0.0,0.0,0.0,0.0,0.0,0.0,0.0,5.714285714285714,0.0,0.0
2026-01-11 09:00:00,0.0,10.0,0.0,0.0,0.0,10.0,0.0,0.0,0.0,9.23076923076923,9.598270485303853,5.714285714285714,10.616962696508924,0.0
2026-01-11 10:00:00,0.0,10.0,14.954935700146507,10.909090909090908,0.0,10.0,14.167833220748879,13.333333333333334,0.0,9.23076923076923,9.598270485303853,5.714285714285714,10.616962696508924,15.0
2026-01-11 11:00:00,21.75442111996143,10.0,14.954935700146507,10.909090909090908,19.73140021181835,10.0,14.167833220748879,13.333333333333334,24.0,9.23076923076923,9.598270485303853,5.714285714285714,10.616962696508924,15.0
2026-01-11 12:00:00,0.0,0.0,14.954935700146507,10.909090909090908,0.0,0.0,0.0,0.0,0.0,9.23076923076923,0.0,5.714285714285714,10.616962696508924,0.0
2026-01-11 13:00:00,0.0,4.444444444444445,6.231223208394378,5.0,4.932850052954588,0.0,0.0,4.444444444444445,0.0,5.217391304347826,0.0,4.444444444444445,0.0,4.615384615384615
2026-01-11 14:00:00,5.438605279990358,4.444444444444445,6.231223208394378,5.0,4.932850052954588,5.0,6.43992419124949,4.444444444444445,6.315789473684211,5.217391304347826,5.671705286770458,4.444444444444445,6.370177617905354,4.615384615384615
2026-01-11 15:00:00,5.438605279990358,4.444444444444445,6.231223208394378,5.0,4.932850052954588,5.0,6.43992419124949,4.444444444444445,6.315789473684211,5.217391304347826,5.671705286770458,4.444444444444445,6.370177617905354,4.615384615384615
2026-01-11 16:00:00,5.438605279990358,4.444444444444445,6.231223208394378,5.0,4.932850052954588,5.0,6.43992419124949,4.444444444444445,6.315789473684211,5.217391304347826,5.671705286770458,4.444444444444445,6.370177617905354,4.615384615384615
2026-01-11 17:00:00,5.438605279990358,4.444444444444445,6.231223208394378,5.0,4.932850052954588,5.0,6.43992419124949,4.444444444444445,6.315789473684211,5.217391304347826,5.671705286770458,4.444444444444445,6.370177617905354,4.615384615384615
2026-01-11 18:00:00,5.438605279990358,4.444444444444445,6.231223208394378,5.0,4.932850052954588,5.0,6.43992419124949,4.444444444444445,0.0,5.217391304347826,5.671705286770458,4.444444444444445,6.370177617905354,4.615384615384615
2026-01-11 19:00:00,5.438605279990358,4.444444444444445,0.0,0.0,4.932850052954588,5.0,0.0,4.444444444444445,0.0,0.0,0.0,4.444444444444445,6.370177617905354,0.0
2026-01-11 20:00:00,0.0,0.0,0.0,0.0,0.0,0.0,0.0,0.0,0.0,0.0,0.0,0.0,0.0,0.0
2026-01-11 21:00:00,0.0,0.0,0.0,0.0,0.0,0.0,0.0,0.0,0.0,0.0,0.0,0.0,0.0,0.0
2026-01-11 22:00:00,0.0,0.0,0.0,0.0,0.0,0.0,0.0,0.0,0.0,0.0,0.0,0.0,0.0,0.0
2026-01-11 23:00:00,0.0,0.0,0.0,0.0,0.0,0.0,0.0,0.0,0.0,0.0,0.0,0.0,0.0,0.0
2026-01-12 00:00:00,0.0,0.0,0.0,0.0,0.0,0.0,0.0,0.0,0.0,0.0,0.0,0.0,0.0,0.0
2026-01-12 01:00:00,0.0,0.0,0.0,0.0,0.0,0.0,0.0,0.0,0.0,0.0,0.0,0.0,0.0,0.0
2026-01-12 02:00:00,0.0,0.0,0.0,0.0,0.0,0.0,0.0,0.0,0.0,0.0,0.0,0.0,0.0,0.0
2026-01-12 03:00:00,0.0,0.0,0.0,0.0,0.0,0.0,0.0,0.0,0.0,0.0,0.0,0.0,0.0,0.0
2026-01-12 04:00:00,0.0,0.0,0.0,0.0,0.0,0.0,0.0,0.0,0.0,0.0,0.0,0.0,0.0,0.0
2026-01-12 05:00:00,0.0,0.0,0.0,0.0,0.0,0.0,0.0,0.0,0.0,0.0,0.0,4.0,0.0,0.0
2026-01-12 06:00:00,0.0,0.0,0.0,0.0,0.0,0.0,4.634316820533834,0.0,4.615384615384615,5.8593435206545275,6.990266726600046,4.0,0.0,5.796666894812901
2026-01-12 07:00:00,6.2868505418335765,7.139071355708971,0.0,5.714285714285714,0.0,5.679386278021625,4.634316820533834,7.485700622856994,4.615384615384615,5.8593435206545275,6.990266726600046,4.0,8.294421785203552,5.796666894812901
2026-01-12 08:00:00,6.2868505418335765,7.139071355708971,6.666666666666667,5.714285714285714,9.292656655266732,5.679386278021625,4.634316820533834,7.485700622856994,4.615384615384615,5.8593435206545275,6.990266726600046,4.0,8.294421785203552,5.796666894812901
2026-01-12 09:00:00,6.2868505418335765,7.139071355708971,6.666666666666667,5.714285714285714,9.292656655266732,5.679386278021625,4.634316820533834,7.485700622856994,4.615384615384615,5.8593435206545275,6.990266726600046,4.0,8.294421785203552,5.796666894812901
2026-01-12 10:00:00,6.2868505418335765,7.139071355708971,6.666666666666667,5.714285714285714,9.292656655266732,5.679386278021625,4.634316820533834,7.485700622856994,4.615384615384615,5.8593435206545275,6.990266726600046,4.0,8.294421785203552,5.796666894812901
2026-01-12 11:00:00,6.2868505418335765,7.139071355708971,6.666666666666667,5.714285714285714,9.292656655266732,5.679386278021625,4.634316820533834,7.485700622856994,4.615384615384615,5.8593435206545275,6.990266726600046,4.0,8.294421785203552,5.796666894812901
2026-01-12 12:00:00,6.2868505418335765,0.0,6.666666666666667,0.0,9.292656655266732,0.0,0.0,0.0,0.0,0.0,0.0,4.0,0.0,5.796666894812901
2026-01-12 13:00:00,5.029480433466861,7.932301506343301,4.285714285714286,6.315789473684211,7.434125324213386,6.247324905823787,5.020509888911653,7.485700622856994,3.6363636363636362,4.8491118791623675,0.0,4.8,9.167518815224978,0.0
2026-01-12 14:00:00,5.029480433466861,7.932301506343301,4.285714285714286,6.315789473684211,7.434125324213386,6.247324905823787,5.020509888911653,7.485700622856994,3.6363636363636362,4.8491118791623675,7.65600641484767,4.8,9.167518815224978,6.492266922190449
2026-01-12 15:00:00,5.029480433466861,7.932301506343301,4.285714285714286,6.315789473684211,7.434125324213386,6.247324905823787,5.020509888911653,7.485700622856994,3.6363636363636362,4.8491118791623675,7.65600641484767,4.8,9.167518815224978,6.492266922190449
2026-01-12 16:00:00,5.029480433466861,7.932301506343301,4.285714285714286,6.315789473684211,7.434125324213386,6.247324905823787,5.020509888911653,7.485700622856994,3.6363636363636362,4.8491118791623675,7.65600641484767,4.8,9.167518815224978,6.492266922190449
2026-01-12 17:00:00,5.029480433466861,7.932301506343301,4.285714285714286,6.315789473684211,7.434125324213386,6.247324905823787,5.020509888911653,7.485700622856994,3.6363636363636362,4.8491118791623675,7.65600641484767,4.8,9.167518815224978,6.492266922190449
2026-01-12 18:00:00,5.029480433466861,0.0,4.285714285714286,0.0,7.434125324213386,0.0,5.020509888911653,7.485700622856994,3.6363636363636362,4.8491118791623675,7.65600641484767,4.8,0.0,6.492266922190449
2026-01-12 19:00:00,5.029480433466861,0.0,4.285714285714286,0.0,0.0,0.0,0.0,0.0,3.6363636363636362,4.8491118791623675,0.0,4.8,0.0,6.492266922190449
2026-01-12 20:00:00,5.029480433466861,0.0,0.0,0.0,0.0,0.0,0.0,0.0,3.6363636363636362,0.0,0.0,0.0,0.0,0.0
2026-01-12 21:00:00,0.0,0.0,0.0,0.0,0.0,0.0,0.0,0.0,0.0,0.0,0.0,0.0,0.0,0.0
2026-01-12 22:00:00,0.0,0.0,0.0,0.0,0.0,0.0,0.0,0.0,0.0,0.0,0.0,0.0,0.0,0.0
2026-01-12 23:00:00,0.0,0.0,0.0,0.0,0.0,0.0,0.0,0.0,0.0,0.0,0.0,0.0,0.0,0.0
2026-01-13 00:00:00,0.0,0.0,0.0,0.0,0.0,0.0,0.0,0.0,0.0,0.0,0.0,0.0,0.0,0.0
2026-01-13 01:00:00,0.0,0.0,0.0,0.0,0.0,0.0,0.0,0.0,0.0,0.0,0.0,0.0,0.0,0.0
2026-01-13 02:00:00,0.0,0.0,0.0,0.0,0.0,0.0,0.0,0.0,0.0,0.0,0.0,0.0,0.0,0.0
2026-01-13 03:00:00,0.0,0.0,0.0,0.0,0.0,0.0,0.0,0.0,0.0,0.0,4.422454161424358,0.0,0.0,0.0
2026-01-13 04:00:00,0.0,0.0,0.0,0.0,0.0,0.0,0.0,0.0,0.0,0.0,4.422454161424358,0.0,0.0,0.0
2026-01-13 05:00:00,5.808843256886626,0.0,5.7950769189883315,0.0,0.0,0.0,0.0,0.0,0.0,0.0,4.422454161424358,0.0,0.0,0.0
2026-01-13 06:00:00,5.808843256886626,5.96762756139993,5.7950769189883315,6.4675034563327065,6.32950726500926,0.0,0.0,0.0,0.0,4.615384615384615,4.422454161424358,5.810393317015568,0.0,0.0
2026-01-13 07:00:00,5.808843256886626,5.96762756139993,5.7950769189883315,6.4675034563327065,6.32950726500926,7.358836722943359,10.31814376929704,8.036484184515983,5.0,4.615384615384615,4.422454161424358,5.810393317015568,6.0,7.602227982467746
2026-01-13 08:00:00,5.808843256886626,5.96762756139993,5.7950769189883315,6.4675034563327065,6.32950726500926,7.358836722943359,10.31814376929704,8.036484184515983,5.0,4.615384615384615,4.422454161424358,5.810393317015568,6.0,7.602227982467746
2026-01-13 09:00:00,5.808843256886626,5.96762756139993,5.7950769189883315,6.4675034563327065,6.32950726500926,7.358836722943359,10.31814376929704,8.036484184515983,5.0,4.615384615384615,4.422454161424358,5.810393317015568,6.0,7.602227982467746
2026-01-13 10:00:00,5.808843256886626,5.96762756139993,5.7950769189883315,6.4675034563327065,6.32950726500926,7.358836722943359,10.31814376929704,8.036484184515983,5.0,4.615384615384615,4.422454161424358,5.810393317015568,6.0,7.602227982467746
2026-01-13 11:00:00,5.808843256886626,5.96762756139993,5.7950769189883315,6.4675034563327065,6.32950726500926,7.358836722943359,10.31814376929704,8.036484184515983,5.0,4.615384615384615,4.422454161424358,5.810393317015568,6.0,7.602227982467746
2026-01-13 12:00:00,0.0,0.0,0.0,0.0,6.32950726500926,0.0,0.0,0.0,5.0,0.0,0.0,0.0,0.0,7.602227982467746
2026-01-13 13:00:00,8.42282272248561,0.0,6.4159780174513665,5.509354796135268,8.74074812786993,7.024344144627751,8.407376404612402,7.3058947131963485,5.454545454545454,4.137931034482759,0.0,5.345561851654322,0.0,7.2981388631690365
2026-01-13 14:00:00,8.42282272248561,7.104318525476107,6.4159780174513665,5.509354796135268,8.74074812786993,7.024344144627751,8.407376404612402,7.3058947131963485,5.454545454545454,4.137931034482759,7.960417490563846,5.345561851654322,5.454545454545454,7.2981388631690365
2026-01-13 15:00:00,8.42282272248561,7.104318525476107,6.4159780174513665,5.509354796135268,8.74074812786993,7.024344144627751,8.407376404612402,7.3058947131963485,5.454545454545454,4.137931034482759,7.960417490563846,5.345561851654322,5.454545454545454,7.2981388631690365
2026-01-13 16:00:00,8.42282272248561,7.104318525476107,6.4159780174513665,5.509354796135268,8.74074812786993,7.024344144627751,8.407376404612402,7.3058947131963485,5.454545454545454,4.137931034482759,7.960417490563846,5.345561851654322,5.454545454545454,7.2981388631690365
2026-01-13 17:00:00,8.42282272248561,7.104318525476107,6.4159780174513665,5.509354796135268,8.74074812786993,7.024344144627751,8.407376404612402,7.3058947131963485,5.454545454545454,4.137931034482759,7.960417490563846,5.345561851654322,5.454545454545454,7.2981388631690365
2026-01-13 18:00:00,0.0,7.104318525476107,6.4159780174513665,5.509354796135268,0.0,7.024344144627751,8.407376404612402,7.3058947131963485,5.454545454545454,4.137931034482759,7.960417490563846,5.345561851654322,5.454545454545454,7.2981388631690365
2026-01-13 19:00:00,0.0,0.0,6.4159780174513665,5.509354796135268,0.0,0.0,8.407376404612402,0.0,0.0,4.137931034482759,0.0,0.0,0.0,0.0
2026-01-13 20:00:00,0.0,0.0,0.0,0.0,0.0,0.0,0.0,0.0,0.0,0.0,0.0,0.0,0.0,0.0
2026-01-13 21:00:00,0.0,0.0,0.0,0.0,0.0,0.0,0.0,0.0,0.0,0.0,0.0,0.0,0.0,0.0
2026-01-13 22:00:00,0.0,0.0,0.0,0.0,0.0,0.0,0.0,0.0,0.0,0.0,0.0,0.0,0.0,0.0
2026-01-13 23:00:00,0.0,0.0,0.0,0.0,0.0,0.0,0.0,0.0,0.0,0.0,0.0,0.0,0.0,0.0
2026-01-14 00:00:00,0.0,0.0,0.0,0.0,0.0,0.0,0.0,0.0,0.0,0.0,0.0,0.0,0.0,0.0
2026-01-14 01:00:00,0.0,0.0,0.0,0.0,0.0,0.0,0.0,0.0,0.0,0.0,0.0,0.0,0.0,0.0
2026-01-14 02:00:00,0.0,0.0,0.0,0.0,0.0,0.0,0.0,0.0,0.0,0.0,0.0,0.0,0.0,0.0
2026-01-14 03:00:00,0.0,0.0,0.0,0.0,0.0,0.0,0.0,0.0,0.0,0.0,0.0,0.0,0.0,0.0
2026-01-14 04:00:00,0.0,0.0,0.0,0.0,0.0,0.0,0.0,0.0,0.0,0.0,0.0,0.0,0.0,0.0
2026-01-14 05:00:00,0.0,0.0,0.0,0.0,4.285714285714286,6.767331677781675,0.0,0.0,0.0,0.0,0.0,0.0,0.0,0.0
2026-01-14 06:00:00,0.0,0.0,5.634178544030278,5.837750313378551,4.285714285714286,6.767331677781675,5.7699279093084685,0.0,0.0,7.283975071892782,0.0,8.632327048161601,6.281101230336713,0.0
2026-01-14 07:00:00,6.467769205439368,0.0,5.634178544030278,5.837750313378551,4.285714285714286,6.767331677781675,5.7699279093084685,6.705694662359552,0.0,7.283975071892782,0.0,8.632327048161601,6.281101230336713,0.0
2026-01-14 08:00:00,6.467769205439368,9.674855743636503,5.634178544030278,5.837750313378551,4.285714285714286,6.767331677781675,5.7699279093084685,6.705694662359552,10.46254500588533,7.283975071892782,11.9204401290027,8.632327048161601,6.281101230336713,8.856520809432348
2026-01-14 09:00:00,6.467769205439368,9.674855743636503,5.634178544030278,5.837750313378551,4.285714285714286,6.767331677781675,5.7699279093084685,6.705694662359552,10.46254500588533,7.283975071892782,11.9204401290027,8.632327048161601,6.281101230336713,8.856520809432348
2026-01-14 10:00:00,6.467769205439368,9.674855743636503,5.634178544030278,5.837750313378551,4.285714285714286,6.767331677781675,5.7699279093084685,6.705694662359552,10.46254500588533,7.283975071892782,11.9204401290027,8.632327048161601,6.281101230336713,8.856520809432348
2026-01-14 11:00:00,6.467769205439368,9.674855743636503,5.634178544030278,5.837750313378551,4.285714285714286,6.767331677781675,5.7699279093084685,6.705694662359552,10.46254500588533,7.283975071892782,11.9204401290027,8.632327048161601,6.281101230336713,8.856520809432348
2026-01-14 12:00:00,6.467769205439368,9.674855743636503,5.634178544030278,0.0,0.0,6.767331677781675,5.7699279093084685,6.705694662359552,0.0,7.283975071892782,11.9204401290027,0.0,0.0,0.0
2026-01-14 13:00:00,0.0,7.5716262341503064,0.0,6.0809899097693245,4.285714285714286,0.0,0.0,5.416137996521177,9.416290505296796,0.0,9.437015102127136,8.632327048161601,6.827283946018166,0.0
2026-01-14 14:00:00,5.721488143273287,7.5716262341503064,7.243943842324644,6.0809899097693245,4.285714285714286,11.39761124679019,8.503051655823006,5.416137996521177,9.416290505296796,7.283975071892782,9.437015102127136,8.632327048161601,6.827283946018166,6.16105795438772
2026-01-14 15:00:00,5.721488143273287,7.5716262341503064,7.243943842324644,6.0809899097693245,4.285714285714286,11.39761124679019,8.503051655823006,5.416137996521177,9.416290505296796,7.283975071892782,9.437015102127136,8.632327048161601,6.827283946018166,6.16105795438772
2026-01-14 16:00:00,5.721488143273287,7.5716262341503064,7.243943842324644,6.0809899097693245,4.285714285714286,11.39761124679019,8.503051655823006,5.416137996521177,9.416290505296796,7.283975071892782,9.437015102127136,8.632327048161601,6.827283946018166,6.16105795438772
2026-01-14 17:00:00,5.721488143273287,7.5716262341503064,7.243943842324644,6.0809899097693245,4.285714285714286,11.39761124679019,8.503051655823006,5.416137996521177,9.416290505296796,7.283975071892782,9.437015102127136,8.632327048161601,6.827283946018166,6.16105795438772
2026-01-14 18:00:00,5.721488143273287,7.5716262341503064,7.243943842324644,6.0809899097693245,4.285714285714286,0.0,8.503051655823006,5.416137996521177,0.0,7.283975071892782,9.437015102127136,8.632327048161601,6.827283946018166,6.16105795438772
2026-01-14 19:00:00,5.721488143273287,0.0,0.0,0.0,4.285714285714286,0.0,0.0,5.416137996521177,0.0,7.283975071892782,0.0,0.0,0.0,0.0
2026-01-14 20:00:00,0.0,0.0,0.0,0.0,0.0,0.0,0.0,0.0,0.0,0.0,0.0,0.0,0.0,0.0
2026-01-14 21:00:00,0.0,0.0,0.0,0.0,0.0,0.0,0.0,0.0,0.0,0.0,0.0,0.0,0.0,0.0
2026-01-14 22:00:00,0.0,0.0,0.0,0.0,0.0,0.0,0.0,0.0,0.0,0.0,0.0,0.0,0.0,0.0
2026-01-14 23:00:00,0.0,0.0,0.0,0.0,0.0,0.0,0.0,0.0,0.0,0.0,0.0,0.0,0.0,0.0
